timestamp_s,read_mib_s
0.0251,589.0
0.0503,279.7
0.0754,282.2
0.1005,0.0
0.1256,0.0
0.1508,5.0
0.1759,0.0
0.2010,0.0
0.2261,0.0
0.2513,0.0
0.2764,0.0
0.3016,4.7
0.3268,137.2
0.3519,49.2
0.3771,0.0
0.4022,0.0
0.4273,4.4
0.4524,1.7
0.4776,0.0
0.5027,43.1
0.5279,207.7
0.5530,103.2
0.5782,0.0
0.6033,6.5
0.6284,0.0
0.6536,67.7
0.6788,1.6
0.7040,0.0
0.7293,0.0
0.7545,0.0
0.7797,0.0
0.8049,0.0
0.8300,422.9
0.8554,2605.0
0.8806,2712.8
0.9057,2755.2
0.9309,2753.5
0.9560,2744.5
0.9811,2765.0
1.0063,2762.6
1.0315,2762.9
1.0566,2792.6
1.0818,2802.8
1.1069,2802.9
1.1320,2796.2
1.1572,2786.3
1.1823,2793.1
1.2075,2753.3
1.2326,2763.2
1.2578,2701.7
1.2830,2625.7
1.3081,2530.7
1.3334,2601.2
1.3585,2568.1
1.3837,2601.9
1.4088,2579.7
1.4340,2614.7
1.4591,2584.4
1.4843,2541.1
1.5094,2602.3
1.5346,2591.8
1.5597,2591.4
1.5849,2546.4
1.6100,2570.5
1.6352,2492.2
1.6603,2601.6
1.6855,2530.6
1.7107,1935.4
1.7359,0.0
1.7612,0.0
1.7864,0.0
1.8116,0.0
1.8369,0.0
1.8621,0.0
1.8873,0.0
1.9126,0.0
1.9378,0.0
1.9629,0.0
1.9881,0.0
2.0134,0.0
2.0386,0.0
2.0638,0.0
2.0891,0.0
2.1143,0.0
2.1396,0.0
2.1648,0.0
2.1901,0.0
2.2154,0.0
2.2406,0.0
2.2659,0.0
2.2912,0.0
2.3165,0.0
2.3417,0.0
2.3670,4.8
2.3922,0.0
2.4175,0.0
2.4427,0.0
2.4680,0.0
2.4932,0.0
2.5185,0.0
2.5437,0.0
2.5689,0.0
2.5941,5.9
2.6192,0.0
2.6443,0.0
2.6695,0.0
2.6947,943.5
2.7198,2950.2
2.7450,2912.0
2.7702,2642.6
2.7954,3263.1
2.8207,3188.0
2.8459,3099.0
2.8711,2877.8
2.8963,3385.4
2.9215,3366.3
2.9467,3186.7
2.9719,3112.8
2.9971,2991.3
3.0223,2823.8
3.0475,2649.9
3.0727,2732.0
3.0979,2816.3
3.1232,2612.6
3.1484,2734.2
3.1736,2809.3
3.1988,2886.2
3.2240,2831.4
3.2493,2869.9
3.2744,2927.8
3.2997,2975.1
3.3249,2960.1
3.3501,3019.0
3.3753,2655.9
3.4005,2735.7
3.4257,2456.5
3.4509,2395.0
3.4761,1905.2
3.5013,2589.1
3.5265,2980.1
3.5517,2810.8
3.5768,2531.7
3.6020,2664.7
3.6272,2744.1
3.6524,2800.3
3.6776,2823.2
3.7028,2958.4
3.7280,2771.2
3.7532,2628.9
3.7784,2597.7
3.8036,2738.4
3.8288,2623.1
3.8539,2639.9
3.8791,2365.2
3.9043,2780.8
3.9295,2775.0
3.9548,2470.9
3.9799,2818.2
4.0051,2765.9
4.0303,2801.6
4.0555,2970.0
4.0807,2850.1
4.1059,2653.1
4.1311,2984.0
4.1564,2963.4
4.1816,2864.6
4.2068,2700.6
4.2320,3098.7
4.2572,2434.7
4.2824,2416.6
4.3076,2884.2
4.3328,2646.1
4.3591,2259.1
4.3843,1518.0
4.4095,3489.5
4.4348,3078.3
4.4603,3571.7
4.4855,3687.4
4.5107,3558.0
4.5360,3678.4
4.5612,3580.9
4.5865,3608.3
4.6118,3686.3
4.6370,3624.5
4.6622,3865.2
4.6875,3557.2
4.7127,3608.6
4.7379,3674.8
4.7641,3394.9
4.7894,433.6
4.8146,3705.7
4.8398,3505.0
4.8657,3622.4
4.8910,3738.2
4.9162,3608.0
4.9414,3560.3
4.9666,3621.9
4.9918,3683.5
5.0170,3624.9
5.0422,3536.6
5.0674,3735.9
5.0926,3440.8
5.1179,3680.4
5.1437,2551.6
5.1689,3766.7
5.1947,797.8
5.2200,3001.1
5.2452,3469.4
5.2704,3252.4
5.2956,3578.3
5.3208,3831.2
5.3461,3357.3
5.3713,2931.3
5.3965,3538.9
5.4217,3602.6
5.4470,3211.5
5.4722,3697.1
5.4974,3538.7
5.5226,3239.3
5.5479,2801.1
5.5731,644.8
5.5983,3263.9
5.6236,3395.6
5.6488,3660.6
5.6740,3352.0
5.6993,3339.0
5.7249,3649.2
5.7501,3638.9
5.7753,3646.1
5.8005,3418.1
5.8258,3567.4
5.8510,3451.6
5.8762,3403.1
5.9015,3625.5
5.9267,3489.1
5.9527,1328.8
5.9780,2711.7
6.0032,3348.0
6.0284,2978.8
6.0537,3547.3
6.0789,2769.5
6.1041,3306.4
6.1293,3148.1
6.1546,3621.3
6.1798,3140.0
6.2050,3648.1
6.2303,3400.0
6.2565,2182.3
6.2817,1793.0
6.3069,3516.6
6.3322,3538.1
6.3579,3545.5
6.3831,3688.2
6.4084,3561.3
6.4336,3232.9
6.4588,3321.7
6.4840,3517.2
6.5093,3199.2
6.5345,3457.9
6.5597,3426.8
6.5849,3294.1
6.6101,3740.9
6.6353,764.7
6.6605,3258.9
6.6858,3315.2
6.7110,3577.2
6.7362,3741.4
6.7614,3426.9
6.7866,3604.3
6.8118,3311.5
6.8370,3296.0
6.8627,3437.1
6.8879,3541.8
6.9131,3278.2
6.9383,3511.2
6.9635,2747.7
6.9892,2879.1
7.0144,1111.5
7.0396,3624.7
7.0648,3488.3
7.0900,3471.6
7.1152,3595.0
7.1405,3727.0
7.1657,3462.3
7.1909,3462.3
7.2161,3440.9
7.2413,3293.3
7.2665,3449.4
7.2917,3456.9
7.3169,3282.0
7.3426,2732.4
7.3678,1140.3
7.3929,3406.1
7.4182,3383.2
7.4434,3560.7
7.4689,3316.6
7.4941,3430.7
7.5193,3606.9
7.5446,3400.9
7.5698,3568.4
7.5950,3538.0
7.6202,3737.0
7.6455,3328.9
7.6707,3457.6
7.6962,3158.5
7.7214,791.9
7.7467,3410.7
7.7719,3373.0
7.7971,3491.8
7.8224,3427.9
7.8476,3714.0
7.8728,3374.1
7.8980,3666.3
7.9232,3652.6
7.9484,3567.3
7.9737,3523.9
7.9993,3278.0
8.0245,3617.6
8.0518,1850.3
8.0773,2396.9
8.1025,3590.5
8.1277,3396.6
8.1529,3539.1
8.1781,3030.8
8.2033,3382.8
8.2285,3294.7
8.2537,3369.7
8.2790,3263.2
8.3042,3341.2
8.3296,3473.9
8.3549,3285.8
8.3805,1481.8
8.4058,2493.8
8.4310,3472.4
8.4562,3654.5
8.4815,3422.2
8.5067,3409.5
8.5320,3375.7
8.5572,3377.6
8.5825,3263.6
8.6077,3160.5
8.6330,3506.0
8.6582,3477.7
8.6834,3276.8
8.7086,3300.0
8.7338,3759.9
8.7589,381.9
8.7841,3727.6
8.8094,3601.3
8.8346,3432.3
8.8598,3160.2
8.8850,3111.6
8.9102,3239.7
8.9354,3071.7
8.9607,3314.4
8.9859,3345.6
9.0111,3513.5
9.0363,3852.9
9.0615,3532.0
9.0883,455.4
9.1135,3628.0
9.1387,3530.0
9.1639,3491.4
9.1891,3604.1
9.2144,3490.9
9.2396,3586.0
9.2648,3619.6
9.2900,3375.8
9.3156,3476.3
9.3409,3252.1
9.3661,3277.0
9.3913,3419.5
9.4166,3423.0
9.4424,2867.1
9.4676,1001.2
9.4933,3433.2
9.5185,3207.5
9.5437,3607.0
9.5690,3546.6
9.5942,3425.3
9.6194,3541.7
9.6446,3502.6
9.6699,3464.1
9.6951,3428.4
9.7203,3472.2
9.7455,3249.4
9.7707,3449.3
9.7959,3392.1
9.8215,1525.7
9.8468,2386.7
9.8720,3548.8
9.8972,3442.5
9.9224,2928.2
9.9476,3677.4
9.9728,3204.2
9.9981,3230.5
10.0233,3322.4
10.0485,3634.9
10.0737,3417.7
10.0990,3372.3
10.1242,3330.9
10.1503,1057.9
10.1755,2723.9
10.2011,3174.8
10.2263,3369.6
10.2515,3566.7
10.2768,3273.6
10.3020,3394.6
10.3272,3364.0
10.3524,3384.8
10.3776,3615.2
10.4028,3346.5
10.4280,3390.4
10.4538,3520.7
10.4791,3313.1
10.5054,1156.3
10.5307,2902.1
10.5559,3414.5
10.5811,3615.3
10.6064,3508.4
10.6316,3424.3
10.6568,3493.7
10.6820,3359.4
10.7073,3441.8
10.7325,3399.5
10.7577,3385.1
10.7829,3552.1
10.8089,3212.3
10.8341,3577.8
10.8603,1789.5
10.8855,2113.9
10.9107,3408.0
10.9359,3371.1
10.9611,3204.2
10.9864,3450.4
11.0116,3477.2
11.0368,3404.5
11.0620,3390.6
11.0873,3437.5
11.1125,3553.3
11.1377,3534.2
11.1629,3681.3
11.1881,3588.0
11.2139,2715.8
11.2392,1340.6
11.2644,3543.0
11.2896,3390.3
11.3149,3526.5
11.3401,3615.4
11.3653,3365.5
11.3905,3279.3
11.4158,3231.0
11.4410,3513.8
11.4662,3528.9
11.4914,3523.5
11.5167,3448.6
11.5419,3399.1
11.5676,1447.0
11.5935,2105.8
11.6187,3197.6
11.6440,3334.6
11.6692,2988.2
11.6944,3385.1
11.7197,2943.4
11.7449,3409.0
11.7701,2747.4
11.7953,3336.2
11.8206,3201.1
11.8458,3579.4
11.8713,2410.5
11.8965,1587.4
11.9218,3223.1
11.9470,3505.5
11.9723,3412.6
11.9975,3418.0
12.0227,3577.8
12.0479,3252.9
12.0731,3240.9
12.0983,3399.4
12.1235,3461.0
12.1488,3498.5
12.1740,3467.3
12.1992,3434.9
12.2249,3626.0
12.2501,369.3
12.2753,3661.2
12.3005,3544.5
12.3257,3483.8
12.3510,3356.3
12.3762,3356.2
12.4014,3250.8
12.4269,3433.9
12.4521,3445.2
12.4774,3324.5
12.5026,3354.1
12.5279,3266.7
12.5531,3162.6
12.5783,2583.5
12.6045,1126.7
12.6298,2773.1
12.6553,3122.0
12.6805,3233.6
12.7057,3532.8
12.7309,2903.7
12.7561,3180.9
12.7813,2640.8
12.8065,3136.7
12.8318,3617.9
12.8570,3136.0
12.8822,3161.0
12.9074,260.3
12.9327,3401.8
12.9579,3525.0
12.9831,3444.8
13.0083,3236.9
13.0335,3410.7
13.0587,3336.3
13.0840,3438.7
13.1092,3083.1
13.1345,3350.5
13.1597,3319.2
13.1849,3275.2
13.2101,2431.4
13.2363,2165.8
13.2616,1793.5
13.2868,3284.1
13.3120,3328.1
13.3372,3328.7
13.3624,3662.9
13.3876,3349.7
13.4129,3463.5
13.4381,3311.8
13.4633,3420.5
13.4885,3316.0
13.5138,3634.5
13.5390,3432.8
13.5642,2810.5
13.5904,2922.8
13.6157,665.2
13.6413,3552.8
13.6665,3683.6
13.6918,3322.8
13.7170,3369.0
13.7422,3373.5
13.7674,3305.0
13.7926,3087.4
13.8180,3284.7
13.8432,3706.8
13.8684,3342.0
13.8936,2674.8
13.9189,2956.1
13.9450,1649.4
13.9703,2659.5
13.9955,3421.5
14.0207,3077.7
14.0459,3534.6
14.0712,3413.4
14.0964,3314.0
14.1216,3397.8
14.1468,3172.4
14.1720,3372.8
14.1973,3246.9
14.2225,3277.5
14.2488,1025.7
14.2741,2570.5
14.2993,3438.7
14.3245,3358.2
14.3497,3502.7
14.3750,3306.5
14.4002,3253.9
14.4254,2963.9
14.4506,3147.2
14.4758,3141.9
14.5011,3369.7
14.5263,3300.0
14.5515,3416.3
14.5776,2376.6
14.6028,1694.2
14.6280,3310.8
14.6532,3343.4
14.6784,3121.8
14.7037,3319.6
14.7289,3186.8
14.7541,3153.7
14.7793,3258.7
14.8045,3258.3
14.8298,3298.1
14.8550,3506.8
14.8802,3578.7
14.9063,1342.5
14.9315,2509.1
14.9573,3201.3
14.9825,3466.5
15.0077,3400.7
15.0330,3353.0
15.0582,3443.7
15.0834,3329.8
15.1086,3263.5
15.1339,3129.0
15.1594,3436.4
15.1847,3276.9
15.2104,3102.8
15.2356,3497.4
15.2616,546.8
15.2869,3594.5
15.3121,3418.6
15.3373,3402.1
15.3625,3345.9
15.3878,3451.0
15.4130,3409.1
15.4382,3662.8
15.4634,3540.4
15.4886,3418.2
15.5139,3595.9
15.5391,3420.0
15.5643,3456.8
15.5895,2712.8
15.6152,2772.9
15.6404,1039.5
15.6656,3368.1
15.6908,3138.7
15.7161,3213.3
15.7413,3441.0
15.7665,3357.3
15.7919,3339.6
15.8171,3295.3
15.8423,3601.1
15.8676,3487.6
15.8928,3395.7
15.9180,3241.5
15.9432,2274.1
15.9694,1139.3
15.9947,2871.1
16.0199,3280.4
16.0451,3675.5
16.0703,3364.1
16.0956,3042.8
16.1214,3477.8
16.1466,3162.5
16.1718,3474.3
16.1971,3221.2
16.2224,3232.2
16.2476,3315.9
16.2728,3345.2
16.2980,3535.7
16.3245,368.0
16.3497,3553.0
16.3749,3345.6
16.4001,3227.6
16.4253,3383.7
16.4506,3257.7
16.4758,3327.6
16.5010,3388.5
16.5263,2943.2
16.5519,3539.8
16.5771,2974.7
16.6023,3347.9
16.6280,2228.3
16.6532,1619.6
16.6784,3449.3
16.7037,3460.5
16.7289,3423.8
16.7541,3481.8
16.7794,3341.8
16.8046,3323.9
16.8299,3114.8
16.8551,3415.1
16.8803,3349.0
16.9056,3017.0
16.9308,3494.1
16.9569,2244.6
16.9821,1706.8
17.0073,3411.6
17.0325,3177.1
17.0578,3337.8
17.0833,2991.5
17.1085,3074.8
17.1341,3250.7
17.1594,3233.0
17.1846,3186.6
17.2099,3363.2
17.2351,3295.3
17.2604,2979.3
17.2856,512.6
17.3108,3741.0
17.3360,3527.9
17.3612,3443.6
17.3865,3576.5
17.4117,3621.2
17.4369,3213.3
17.4621,3634.7
17.4873,3707.5
17.5125,3512.1
17.5378,3447.7
17.5630,3574.8
17.5883,3246.3
17.6135,3352.2
17.6387,3360.6
17.6644,2722.5
17.6896,1105.7
17.7148,3523.7
17.7401,3586.7
17.7653,3481.1
17.7905,3649.3
17.8158,3531.9
17.8416,3621.4
17.8669,3690.0
17.8921,3647.4
17.9173,3645.9
17.9425,3641.8
17.9678,3564.0
17.9930,3396.6
18.0182,3507.7
18.0434,3369.6
18.0687,3568.7
18.0943,358.1
18.1196,3691.7
18.1448,3491.5
18.1704,3450.0
18.1957,3713.6
18.2209,3450.4
18.2461,3710.8
18.2714,3581.6
18.2966,3610.4
18.3218,3543.6
18.3470,3493.3
18.3723,3631.1
18.3975,3392.6
18.4227,3480.1
18.4480,3368.5
18.4737,3379.0
18.4989,506.3
18.5241,3323.8
18.5494,3446.2
18.5746,3134.3
18.5998,3353.3
18.6250,3595.6
18.6503,3256.4
18.6755,3391.1
18.7007,3624.4
18.7259,3451.4
18.7511,3481.2
18.7764,3337.0
18.8016,3399.5
18.8268,3245.4
18.8520,3591.7
18.8778,363.5
18.9030,3694.3
18.9282,3396.6
18.9535,3247.4
18.9787,3595.4
19.0040,3420.6
19.0292,3709.7
19.0544,3217.3
19.0796,3404.9
19.1049,3407.4
19.1301,3593.9
19.1553,3533.7
19.1805,3311.2
19.2056,2796.1
19.2309,3230.8
19.2571,1137.9
19.2823,2888.0
19.3076,3619.8
19.3328,3366.4
19.3581,3589.1
19.3833,3358.4
19.4085,3305.2
19.4337,3182.9
19.4589,3339.8
19.4842,3328.0
19.5094,3227.8
19.5346,3271.5
19.5598,3248.7
19.5855,1532.8
19.6107,1859.2
19.6359,3224.7
19.6611,3473.5
19.6864,3411.6
19.7118,3430.6
19.7370,3333.9
19.7622,3492.9
19.7875,3408.7
19.8127,3469.9
19.8379,3295.7
19.8631,3344.6
19.8883,3555.0
19.9140,2932.5
19.9392,1152.6
19.9644,3414.4
19.9896,3088.5
20.0149,3264.7
20.0401,3631.1
20.0653,3431.6
20.0905,3375.3
20.1157,3387.7
20.1410,3587.7
20.1662,3474.6
20.1914,3551.0
20.2166,3676.7
20.2418,3135.2
20.2679,2910.3
20.2931,462.1
20.3183,3619.3
20.3443,3362.0
20.3695,3286.0
20.3948,3280.3
20.4200,3183.1
20.4452,3407.4
20.4704,3363.3
20.4956,2937.9
20.5209,3322.0
20.5465,3409.7
20.5718,3340.7
20.5980,1336.9
20.6232,2602.3
20.6485,3499.0
20.6737,3637.7
20.6989,3538.4
20.7241,3488.8
20.7493,3241.1
20.7746,3326.9
20.7998,3466.9
20.8256,3488.7
20.8508,3450.3
20.8760,3414.1
20.9013,3335.3
20.9265,3511.6
20.9527,1709.0
20.9779,2290.5
21.0030,3028.0
21.0289,3056.0
21.0541,3099.2
21.0793,3087.0
21.1045,3197.2
21.1304,3091.6
21.1556,3120.4
21.1808,3241.8
21.2061,3533.0
21.2313,3491.3
21.2575,2135.1
21.2827,2248.2
21.3080,3434.5
21.3332,3314.6
21.3584,3403.1
21.3836,3474.3
21.4089,3658.0
21.4341,3249.7
21.4593,3373.9
21.4852,3205.9
21.5104,3379.4
21.5357,3230.3
21.5609,3084.3
21.5861,3252.1
21.6118,2266.8
21.6369,1428.1
21.6622,3045.1
21.6874,3676.0
21.7126,3447.7
21.7378,2870.8
21.7631,3402.9
21.7883,3347.8
21.8135,3327.1
21.8387,3314.7
21.8639,3432.0
21.8891,3632.8
21.9143,3464.3
21.9404,1529.0
21.9657,2533.3
21.9909,3619.4
22.0161,2920.5
22.0413,3611.6
22.0665,3306.7
22.0917,3322.3
22.1170,3348.0
22.1422,3323.6
22.1677,3377.6
22.1929,3631.7
22.2181,3236.5
22.2433,3422.9
22.2685,3430.0
22.2950,445.4
22.3203,3763.6
22.3455,3424.2
22.3707,3473.5
22.3959,3276.2
22.4211,3469.9
22.4463,3587.6
22.4715,3397.7
22.4967,3204.2
22.5220,3126.1
22.5472,3264.9
22.5724,3542.6
22.5976,2888.1
22.6238,903.5
22.6491,2472.5
22.6743,3373.4
22.6995,3462.1
22.7248,3311.8
22.7500,3258.6
22.7752,2972.0
22.8004,3354.2
22.8256,3420.1
22.8507,3585.1
22.8760,3027.0
22.9012,3663.7
22.9264,2938.7
22.9526,2667.8
22.9778,1279.9
23.0030,3579.8
23.0282,3507.7
23.0535,3204.3
23.0787,3420.9
23.1043,3163.0
23.1295,3523.9
23.1547,2964.9
23.1799,2874.1
23.2051,3146.9
23.2303,3311.8
23.2555,3100.5
23.2811,2178.5
23.3066,1732.1
23.3318,2970.8
23.3570,3549.4
23.3822,3349.8
23.4074,3120.0
23.4326,3126.8
23.4578,3114.9
23.4830,2926.4
23.5082,3296.0
23.5334,2783.3
23.5586,3211.7
23.5850,2852.8
23.6102,903.3
23.6354,3758.0
23.6606,3380.3
23.6858,3441.8
23.7111,3483.8
23.7363,3466.2
23.7615,3721.8
23.7867,3315.2
23.8119,3414.7
23.8372,3523.8
23.8624,3290.7
23.8876,3309.7
23.9129,3291.0
23.9381,2879.5
23.9643,1474.2
23.9895,2382.6
24.0147,3641.9
24.0399,2742.4
24.0652,3164.2
24.0904,2887.1
24.1156,3218.9
24.1409,3017.7
24.1661,3364.8
24.1913,3555.6
24.2165,3507.2
24.2418,3473.9
24.2680,2108.3
24.2932,2178.5
24.3184,3317.8
24.3436,3523.9
24.3691,3587.2
24.3944,3690.0
24.4196,3080.1
24.4448,3446.3
24.4700,3200.4
24.4952,2792.5
24.5204,3289.2
24.5462,3105.8
24.5715,3118.7
24.5967,3733.9
24.6230,1713.2
24.6482,2134.6
24.6738,3518.8
24.6991,3194.1
24.7243,3302.4
24.7495,3735.6
24.7747,3519.7
24.8000,3409.4
24.8252,3443.3
24.8508,3308.9
24.8761,3035.4
24.9013,3332.5
24.9265,2897.8
24.9525,2709.9
24.9777,411.4
25.0029,3227.7
25.0281,3008.3
25.0539,3186.5
25.0791,2352.9
25.1043,3365.5
25.1295,2681.6
25.1547,3330.6
25.1800,3186.5
25.2052,3575.7
25.2304,3503.4
25.2561,2993.6
25.2813,1093.0
25.3065,3389.2
25.3317,3385.0
25.3570,3428.2
25.3822,3477.1
25.4074,3452.6
25.4327,3148.4
25.4579,3320.9
25.4831,3330.7
25.5083,3154.1
25.5335,3297.6
25.5587,3530.8
25.5840,3499.0
25.6095,3360.3
25.6348,701.2
25.6604,3128.4
25.6856,3508.8
25.7108,3632.5
25.7360,3553.2
25.7612,3562.4
25.7867,3376.2
25.8122,3122.8
25.8375,3333.7
25.8627,3492.4
25.8879,3436.3
25.9131,3601.5
25.9383,3349.4
25.9636,3309.2
25.9898,2644.6
26.0150,1392.9
26.0402,3241.4
26.0654,3280.4
26.0906,2682.3
26.1159,3164.5
26.1411,2985.3
26.1663,3612.2
26.1916,2929.0
26.2169,2922.4
26.2423,3629.9
26.2676,3180.1
26.2933,944.9
26.3185,3125.6
26.3438,3408.7
26.3690,3327.7
26.3942,3498.5
26.4198,3412.5
26.4450,3203.4
26.4703,3150.0
26.4955,3171.4
26.5207,3234.0
26.5460,3433.2
26.5712,3347.5
26.5964,3639.8
26.6216,2564.7
26.6472,1941.2
26.6725,2138.0
26.6977,3135.6
26.7229,3362.7
26.7485,3345.1
26.7737,3553.3
26.7989,3431.4
26.8242,3250.0
26.8497,3208.0
26.8749,3539.9
26.9001,3390.6
26.9257,3024.1
26.9510,3253.2
26.9767,1314.3
27.0023,2323.5
27.0275,3531.4
27.0527,3053.3
27.0780,3391.5
27.1032,3098.5
27.1284,3459.7
27.1536,3484.4
27.1789,3314.0
27.2041,2909.4
27.2293,3419.3
27.2545,3290.1
27.2798,2760.5
27.3058,2325.6
27.3311,1590.5
27.3563,3378.3
27.3815,3421.3
27.4067,3376.4
27.4319,3512.8
27.4571,3724.2
27.4823,3442.4
27.5076,3422.6
27.5328,3334.1
27.5580,3768.2
27.5832,3426.8
27.6084,3698.2
27.6336,3494.1
27.6589,3399.1
27.6845,2043.9
27.7097,2021.7
27.7349,3532.9
27.7602,3634.0
27.7855,3508.6
27.8107,3369.4
27.8359,3561.2
27.8611,3497.8
27.8863,3473.2
27.9116,3468.5
27.9368,3670.7
27.9620,3625.1
27.9872,3417.7
28.0124,3463.1
28.0376,3560.1
28.0628,3226.1
28.0880,3018.6
28.1143,1453.8
28.1397,2392.5
28.1649,3777.3
28.1902,3371.8
28.2154,3548.8
28.2406,3482.7
28.2658,3587.5
28.2910,3479.5
28.3162,3255.2
28.3415,3574.4
28.3667,2982.0
28.3919,3386.0
28.4171,3276.9
28.4423,3281.6
28.4675,3552.0
28.4932,1684.5
28.5184,2203.4
28.5436,3201.2
28.5689,3322.5
28.5941,3285.4
28.6193,3534.3
28.6445,3164.3
28.6698,3365.1
28.6950,2998.4
28.7202,3203.4
28.7454,3343.0
28.7707,3534.6
28.7959,3226.4
28.8215,3557.1
28.8467,431.6
28.8719,3303.6
28.8972,3256.0
28.9224,3205.7
28.9476,3004.1
28.9728,2998.6
28.9984,3368.2
29.0236,3154.0
29.0488,3140.6
29.0742,3071.3
29.0995,3102.5
29.1254,1990.4
29.1507,1757.2
29.1759,2984.4
29.2011,3318.0
29.2263,3528.7
29.2515,3219.2
29.2768,3504.5
29.3020,3265.1
29.3272,3267.8
29.3524,3233.8
29.3777,3047.3
29.4030,3401.7
29.4282,3394.0
29.4543,885.5
29.4795,3274.1
29.5047,3307.0
29.5299,3417.2
29.5552,3582.3
29.5804,3083.6
29.6059,3081.3
29.6311,3195.8
29.6563,3226.5
29.6816,2696.6
29.7068,3378.3
29.7320,2777.0
29.7583,2445.9
29.7835,825.4
29.8087,3439.7
29.8339,3239.5
29.8592,3378.7
29.8844,3428.8
29.9096,3294.6
29.9348,3490.3
29.9601,3242.7
29.9853,3369.9
30.0105,3569.0
30.0357,3384.6
30.0610,3348.4
30.0862,3641.7
30.1124,2025.5
30.1376,1926.1
30.1629,3438.4
30.1881,3503.8
30.2133,3200.7
30.2385,3272.7
30.2637,3435.8
30.2889,3209.5
30.3141,3429.8
30.3393,3258.1
30.3646,3329.9
30.3898,3387.1
30.4150,2398.5
30.4401,2359.5
30.4657,882.0
30.4910,2902.2
30.5162,3351.1
30.5420,3106.3
30.5673,3310.1
30.5925,3189.9
30.6177,3230.4
30.6429,3360.0
30.6681,3169.9
30.6934,3529.8
30.7186,3380.1
30.7438,3418.7
30.7690,3614.1
30.7942,307.9
30.8194,3263.7
30.8446,3505.5
30.8699,3364.6
30.8951,3241.0
30.9203,3491.6
30.9455,3253.5
30.9708,3280.2
30.9959,3727.2
31.0212,3457.5
31.0464,3553.2
31.0717,3360.1
31.0969,3502.5
31.1222,3239.9
31.1484,2717.6
31.1736,1243.7
31.1988,3501.2
31.2240,3640.5
31.2493,3488.1
31.2745,3644.6
31.2997,3517.5
31.3249,3525.9
31.3501,3415.7
31.3753,3187.3
31.4006,3287.1
31.4258,3501.0
31.4510,3417.0
31.4762,3513.6
31.5014,3263.2
31.5271,1183.9
31.5525,2425.8
31.5778,3619.9
31.6030,3210.6
31.6282,3300.9
31.6534,3213.2
31.6787,3290.0
31.7039,3296.1
31.7291,3510.9
31.7543,3175.5
31.7795,3447.9
31.8048,3240.6
31.8300,3431.0
31.8562,2885.6
31.8814,937.5
31.9067,3322.8
31.9319,3190.9
31.9571,3237.5
31.9823,3401.6
32.0075,3043.3
32.0327,3118.2
32.0584,3011.1
32.0841,3364.9
32.1093,3231.3
32.1345,3628.9
32.1602,1875.8
32.1854,1423.1
32.2106,3376.3
32.2359,3372.5
32.2611,3155.0
32.2864,3232.8
32.3116,3368.3
32.3368,3314.6
32.3621,3409.7
32.3873,3462.2
32.4125,3286.7
32.4378,2999.1
32.4630,3205.4
32.4882,3285.3
32.5143,1101.7
32.5395,2992.1
32.5650,3241.9
32.5904,3309.2
32.6156,3362.5
32.6409,3573.5
32.6661,2985.2
32.6917,3275.1
32.7172,3296.9
32.7424,3566.9
32.7676,3460.3
32.7928,3327.3
32.8181,3647.4
32.8442,2857.6
32.8694,694.9
32.8948,3447.3
32.9200,3512.6
32.9453,3510.0
32.9705,3575.1
32.9957,3313.8
33.0209,3574.2
33.0461,3476.9
33.0714,3373.0
33.0966,3424.6
33.1221,3438.4
33.1473,3439.4
33.1725,3268.5
33.1977,3304.7
33.2234,2421.8
33.2487,1603.2
33.2739,3558.6
33.2994,3384.2
33.3246,3497.8
33.3499,3220.4
33.3751,3229.0
33.4003,2576.5
33.4255,3026.7
33.4508,2889.0
33.4760,3603.3
33.5012,3226.0
33.5264,3403.1
33.5519,2743.7
33.5772,976.8
33.6024,3350.2
33.6276,3668.6
33.6528,3485.7
33.6781,3403.9
33.7033,3398.7
33.7285,3378.1
33.7538,3423.3
33.7790,3464.2
33.8042,3469.8
33.8298,3291.6
33.8550,3398.4
33.8802,3508.8
33.9054,3353.1
33.9316,1565.4
33.9570,2433.7
33.9822,3745.0
34.0074,3309.5
34.0326,3794.2
34.0581,3518.9
34.0833,3651.6
34.1085,3467.5
34.1338,3540.0
34.1590,3190.7
34.1842,3239.5
34.2094,3115.7
34.2346,3324.3
34.2598,3615.6
34.2851,3409.4
34.3103,735.1
34.3355,3116.3
34.3610,3106.5
34.3862,3329.4
34.4113,2910.0
34.4365,2821.2
34.4617,3212.5
34.4870,3113.6
34.5122,3329.3
34.5374,2940.6
34.5625,3641.3
34.5887,3004.7
34.6140,806.5
34.6392,3615.0
34.6644,3501.1
34.6896,3306.4
34.7149,3514.7
34.7401,3611.4
34.7653,3302.6
34.7905,3475.8
34.8157,3327.6
34.8410,3112.9
34.8662,3549.5
34.8914,3244.5
34.9166,3355.1
34.9418,3226.9
34.9680,2045.7
34.9932,2122.9
35.0184,3483.1
35.0436,3739.2
35.0688,3386.2
35.0941,3455.0
35.1193,3645.5
35.1445,2969.8
35.1701,3605.0
35.1953,3534.1
35.2205,3411.1
35.2458,3536.2
35.2710,3439.8
35.2962,3370.2
35.3225,1803.3
35.3478,1966.4
35.3729,3534.3
35.3982,3477.8
35.4234,3404.2
35.4486,3634.8
35.4738,3392.5
35.4991,3313.1
35.5243,3220.7
35.5495,3483.7
35.5747,3072.9
35.6000,3359.0
35.6252,2778.2
35.6504,3434.6
35.6766,963.1
35.7018,2937.4
35.7277,3142.8
35.7530,2997.3
35.7782,3289.5
35.8034,2739.4
35.8286,3382.8
35.8538,3129.2
35.8791,3445.7
35.9043,3258.9
35.9295,3514.8
35.9547,3562.2
35.9814,1404.6
36.0069,2359.7
36.0321,3618.7
36.0574,3520.0
36.0826,3560.1
36.1078,3408.4
36.1334,3521.7
36.1586,3332.7
36.1838,3307.8
36.2091,3283.0
36.2343,3302.2
36.2595,3243.0
36.2847,3434.7
36.3099,3483.0
36.3351,3526.4
36.3605,1097.7
36.3857,2833.0
36.4111,3461.3
36.4364,3390.7
36.4616,3300.6
36.4873,3147.6
36.5125,3533.0
36.5377,3395.7
36.5629,3529.2
36.5882,3411.4
36.6135,3365.5
36.6394,3186.7
36.6650,3338.7
36.6913,1982.8
36.7165,1746.7
36.7417,2942.4
36.7669,3026.5
36.7921,3343.8
36.8173,3316.5
36.8426,3428.6
36.8678,2901.6
36.8930,3504.7
36.9182,3274.4
36.9434,3417.3
36.9686,3045.5
36.9939,2713.3
37.0195,2644.4
37.0446,1433.4
37.0699,3530.7
37.0951,3402.4
37.1203,3425.1
37.1456,3432.3
37.1709,3637.0
37.1961,3315.5
37.2213,3344.8
37.2465,3356.7
37.2717,3339.9
37.2969,3381.0
37.3221,3453.4
37.3474,3289.7
37.3735,2934.0
37.3987,778.5
37.4239,3432.5
37.4492,3643.8
37.4744,3551.1
37.4996,3652.7
37.5248,3322.3
37.5500,3346.8
37.5752,2926.4
37.6004,3579.1
37.6259,3098.6
37.6511,3461.8
37.6763,3267.7
37.7015,3463.4
37.7279,1792.6
37.7531,1611.3
37.7783,3333.2
37.8035,3073.6
37.8288,3426.7
37.8540,3762.1
37.8792,3381.4
37.9044,3449.2
37.9296,3454.4
37.9548,3463.2
37.9801,3352.9
38.0053,3442.8
38.0305,3500.9
38.0563,3369.0
38.0819,3404.6
38.1072,383.3
38.1324,3384.5
38.1576,3545.8
38.1828,3410.4
38.2082,3477.1
38.2334,3280.2
38.2586,3364.4
38.2838,3514.7
38.3090,3307.9
38.3342,3601.4
38.3595,3358.4
38.3847,3473.2
38.4100,3713.2
38.4352,3436.0
38.4610,2566.0
38.4863,1235.6
38.5115,3369.2
38.5367,3694.8
38.5619,3383.7
38.5871,3384.0
38.6123,3484.8
38.6376,3188.0
38.6628,2960.4
38.6881,3485.1
38.7133,3276.2
38.7385,3343.2
38.7637,3342.2
38.7890,3613.9
38.8146,3050.5
38.8398,756.2
38.8650,3701.4
38.8903,3426.2
38.9155,3389.1
38.9407,3451.0
38.9659,3156.9
38.9911,3316.4
39.0163,3369.4
39.0416,3365.6
39.0668,3347.3
39.0920,3378.5
39.1172,3320.3
39.1424,3277.5
39.1676,3349.0
39.1938,1473.2
39.2191,2465.7
39.2447,2819.1
39.2699,2997.8
39.2951,3114.1
39.3204,3226.8
39.3456,2981.3
39.3710,3028.2
39.3962,3250.2
39.4215,2778.4
39.4467,3303.4
39.4719,248.7
39.4972,3401.8
39.5224,3402.7
39.5476,3264.5
39.5729,3242.7
39.5981,3431.7
39.6233,3133.6
39.6485,3371.5
39.6738,2811.3
39.6989,3372.1
39.7242,3372.7
39.7496,3001.4
39.7749,3388.5
39.8005,1849.2
39.8256,2092.6
39.8508,3024.0
39.8761,3460.8
39.9013,3024.0
39.9265,3493.6
39.9517,2805.7
39.9769,3400.4
40.0022,3489.9
40.0274,2936.6
40.0527,3151.7
40.0778,3288.8
40.1041,1960.9
40.1293,1793.5
40.1545,3044.9
40.1798,3305.0
40.2057,3330.3
40.2309,3354.7
40.2562,3408.0
40.2814,2785.1
40.3066,3244.6
40.3319,3282.0
40.3571,3207.7
40.3823,3099.6
40.4075,3510.7
40.4328,497.1
40.4580,3179.5
40.4832,3369.9
40.5084,3286.2
40.5336,3061.8
40.5595,2929.6
40.5847,3211.1
40.6100,2979.7
40.6352,3226.2
40.6605,2915.7
40.6857,3412.8
40.7109,3593.3
40.7365,2658.6
40.7618,1337.5
40.7870,3497.8
40.8122,3639.8
40.8374,3381.0
40.8627,3459.1
40.8879,3498.9
40.9131,3380.3
40.9383,3550.5
40.9635,3079.4
40.9887,3383.6
41.0139,3234.4
41.0392,3247.9
41.0644,3620.5
41.0902,3066.7
41.1165,2086.7
41.1417,1798.9
41.1670,2593.9
41.1922,2757.9
41.2174,3073.6
41.2426,3459.4
41.2678,3142.3
41.2930,2824.4
41.3183,3365.7
41.3440,3360.4
41.3693,3281.7
41.3955,1184.7
41.4208,2847.0
41.4460,3471.2
41.4712,3687.5
41.4964,3465.2
41.5217,3445.4
41.5469,3524.5
41.5721,2937.2
41.5973,3357.0
41.6225,3198.8
41.6478,3226.5
41.6730,3404.2
41.6982,3420.2
41.7235,3322.5
41.7491,3503.9
41.7743,440.5
41.7996,3632.5
41.8248,3436.0
41.8500,3484.5
41.8753,3614.0
41.9005,3278.0
41.9257,3434.8
41.9512,3479.6
41.9764,2982.7
42.0017,3358.4
42.0269,3282.7
42.0521,3375.5
42.0773,3468.7
42.1026,3508.5
42.1283,2357.0
42.1536,1683.1
42.1788,3548.2
42.2040,3718.8
42.2292,3507.1
42.2544,3586.3
42.2796,3732.7
42.3049,3430.7
42.3301,3323.8
42.3553,3480.9
42.3805,3407.3
42.4057,3440.3
42.4309,3203.5
42.4561,3422.8
42.4813,3514.5
42.5065,3446.4
42.5327,975.9
42.5579,2896.9
42.5835,3012.6
42.6087,3631.5
42.6339,3310.5
42.6590,3401.1
42.6842,3472.4
42.7094,3109.9
42.7346,3279.1
42.7598,3281.7
42.7850,3003.5
42.8102,2748.9
42.8360,2139.6
42.8612,1390.9
42.8864,3440.0
42.9116,2962.6
42.9371,3629.3
42.9627,3062.6
42.9879,3065.2
43.0131,3058.7
43.0384,3567.6
43.0636,3094.5
43.0888,3239.9
43.1140,3579.8
43.1393,3290.8
43.1650,294.2
43.1902,3616.5
43.2157,3159.5
43.2409,3114.6
43.2665,3227.3
43.2918,3421.5
43.3170,3165.1
43.3422,3344.4
43.3674,2863.1
43.3926,3195.6
43.4179,3136.8
43.4431,3480.8
43.4683,1636.0
43.4941,1961.2
43.5193,1812.1
43.5445,3721.4
43.5698,3428.6
43.5950,3162.4
43.6202,3489.4
43.6454,3203.7
43.6706,3389.6
43.6959,3178.0
43.7211,3343.6
43.7463,3464.1
43.7715,3253.7
43.7968,3421.8
43.8224,2825.7
43.8476,332.9
43.8728,3537.8
43.8985,2837.7
43.9237,3257.1
43.9489,3048.1
43.9741,3200.4
43.9993,3164.2
44.0246,3341.4
44.0498,3535.0
44.0750,3390.7
44.1003,3577.8
44.1255,2668.8
44.1517,2557.5
44.1770,1543.3
44.2022,3380.0
44.2274,3414.3
44.2526,3346.5
44.2778,3589.9
44.3030,3165.1
44.3283,3351.5
44.3535,3109.6
44.3787,3424.9
44.4038,3361.5
44.4289,3425.7
44.4545,3458.9
44.4797,3636.1
44.5049,3370.9
44.5312,840.5
44.5564,3124.1
44.5816,3685.7
44.6069,3019.6
44.6321,3603.5
44.6573,3341.8
44.6825,3471.4
44.7077,3317.8
44.7329,3349.7
44.7581,3053.2
44.7833,3286.2
44.8085,3733.3
44.8338,3039.4
44.8590,3539.3
44.8847,2299.3
44.9099,1613.9
44.9351,3366.8
44.9604,3718.2
44.9856,3508.8
45.0108,3643.6
45.0360,3405.5
45.0612,3081.3
45.0864,3383.7
45.1116,3109.9
45.1375,3489.6
45.1628,3399.0
45.1880,3354.7
45.2132,3363.2
45.2388,3497.6
45.2641,319.8
45.2893,3216.8
45.3146,2680.6
45.3399,3067.5
45.3651,2746.8
45.3904,3526.9
45.4158,3016.0
45.4411,3133.7
45.4663,3269.3
45.4922,2980.3
45.5176,3393.7
45.5431,1954.8
45.5684,1872.3
45.5936,3449.7
45.6188,3238.6
45.6441,3405.9
45.6693,3437.1
45.6945,3638.0
45.7200,3121.0
45.7453,3376.2
45.7705,3324.7
45.7957,3305.4
45.8210,3233.6
45.8462,3395.2
45.8714,2799.6
45.8970,331.2
45.9222,3834.9
45.9474,3304.8
45.9729,3047.8
45.9981,3101.1
46.0234,3093.3
46.0486,3186.2
46.0738,3297.4
46.0990,2856.5
46.1243,3385.3
46.1495,3136.0
46.1757,3224.3
46.2009,791.7
46.2261,3267.0
46.2514,3621.9
46.2766,3369.1
46.3018,3291.1
46.3273,2941.5
46.3525,3623.2
46.3778,3061.3
46.4031,3160.9
46.4283,3266.9
46.4535,3174.4
46.4787,3242.0
46.5039,3228.9
46.5302,777.6
46.5554,3109.7
46.5809,2957.8
46.6065,3288.5
46.6322,2987.5
46.6575,3204.6
46.6827,2590.0
46.7079,2899.4
46.7331,3323.7
46.7584,3371.1
46.7839,3117.6
46.8095,2237.4
46.8347,1638.5
46.8599,3116.6
46.8852,3709.7
46.9104,3154.9
46.9356,3585.4
46.9609,3168.2
46.9861,3299.5
47.0113,3249.5
47.0365,3516.0
47.0618,2788.3
47.0870,3241.4
47.1129,1785.6
47.1381,1763.8
47.1634,3258.3
47.1886,2706.6
47.2138,3506.9
47.2390,2886.1
47.2644,3305.0
47.2896,3572.1
47.3149,3203.8
47.3401,3046.9
47.3653,3497.7
47.3907,3404.6
47.4159,3392.9
47.4415,2806.8
47.4668,969.6
47.4920,3654.0
47.5172,3554.2
47.5424,3541.8
47.5677,3608.1
47.5929,3406.0
47.6181,3218.6
47.6434,3156.8
47.6686,2898.0
47.6938,3441.4
47.7190,3494.4
47.7443,3326.5
47.7695,3380.8
47.7948,3485.3
47.8204,618.9
47.8457,3271.6
47.8711,3517.9
47.8963,3342.2
47.9215,3603.7
47.9467,3130.2
47.9723,3435.3
47.9975,3426.4
48.0227,3214.8
48.0479,3108.5
48.0732,3264.1
48.0984,3326.8
48.1236,3136.6
48.1489,2903.5
48.1750,1517.2
48.2002,2616.6
48.2255,3494.2
48.2507,3376.1
48.2759,3684.4
48.3011,3517.3
48.3263,3394.5
48.3516,3041.3
48.3768,3333.1
48.4020,3253.3
48.4272,3539.2
48.4524,3445.5
48.4776,3391.2
48.5029,3686.0
48.5292,1455.3
48.5544,2347.6
48.5798,3428.7
48.6050,3186.4
48.6303,3095.5
48.6555,3450.3
48.6807,3072.6
48.7060,3006.4
48.7312,3156.5
48.7564,2648.2
48.7820,3499.1
48.8073,3081.8
48.8325,473.9
48.8577,3393.0
48.8829,3432.3
48.9081,3081.8
48.9334,3347.2
48.9586,3252.9
48.9838,3362.3
49.0090,2918.8
49.0342,3464.7
49.0595,3547.7
49.0847,3524.2
49.1105,3189.7
49.1357,3617.0
49.1609,3375.9
49.1872,968.2
49.2124,2974.3
49.2376,3370.2
49.2628,3270.4
49.2880,3172.0
49.3133,3315.1
49.3385,2974.0
49.3637,3423.9
49.3889,3375.3
49.4141,3275.1
49.4393,3100.5
49.4649,3392.1
49.4901,3413.8
49.5163,1484.6
49.5416,2472.2
49.5668,3599.2
49.5920,3370.6
49.6172,3464.5
49.6424,3493.9
49.6677,3416.7
49.6929,3662.4
49.7182,2847.9
49.7434,3226.4
49.7686,3319.9
49.7938,3378.3
49.8190,3625.8
49.8443,3446.1
49.8704,2006.3
49.8956,1744.2
49.9208,3448.1
49.9464,3666.5
49.9716,3648.9
49.9969,3508.8
50.0221,3677.2
50.0473,3431.5
50.0726,3295.8
50.0979,3302.2
50.1231,3406.4
50.1483,3382.1
50.1739,3262.7
50.1991,3637.3
50.2243,3445.5
50.2500,2893.4
50.2752,1071.3
50.3003,3211.2
50.3255,3479.0
50.3507,3718.2
50.3759,3584.0
50.4011,3555.3
50.4263,3289.8
50.4519,3418.7
50.4771,3358.1
50.5023,3316.7
50.5275,3250.3
50.5527,3109.5
50.5780,3373.3
50.6038,1168.2
50.6291,2636.5
50.6543,3399.8
50.6795,2846.5
50.7047,3239.5
50.7300,3346.2
50.7552,3074.0
50.7804,2824.0
50.8057,3042.9
50.8309,2822.9
50.8561,3319.8
50.8814,3049.5
50.9077,2609.4
50.9330,1407.4
50.9582,3223.9
50.9838,3499.6
51.0090,3499.5
51.0342,3503.0
51.0594,3451.2
51.0846,3652.8
51.1099,3420.4
51.1351,3419.5
51.1603,3568.5
51.1856,3597.2
51.2116,3300.8
51.2368,3407.8
51.2619,3228.7
51.2882,2873.6
51.3134,915.4
51.3386,3447.1
51.3638,3207.6
51.3891,3597.5
51.4143,3435.9
51.4395,3621.4
51.4648,3334.8
51.4901,3584.2
51.5153,3510.2
51.5405,3402.9
51.5657,3649.6
51.5910,3262.9
51.6162,3335.5
51.6414,3101.0
51.6677,845.8
51.6929,3210.8
51.7181,3184.6
51.7433,3033.4
51.7686,2348.7
51.7938,3343.8
51.8194,2554.6
51.8450,2662.0
51.8703,3225.8
51.8955,3465.4
51.9207,3446.6
51.9464,2105.1
51.9716,2008.5
51.9967,3195.4
52.0220,3563.6
52.0472,3347.6
52.0724,3509.3
52.0980,3552.4
52.1232,3170.9
52.1485,3466.7
52.1737,3421.1
52.1989,3472.8
52.2242,3120.3
52.2494,3582.8
52.2746,3394.5
52.2998,3692.3
52.3250,237.7
52.3508,3342.1
52.3760,3059.0
52.4012,3324.6
52.4264,3244.3
52.4516,3026.2
52.4768,3006.6
52.5021,3099.0
52.5273,3222.5
52.5525,3170.5
52.5778,2840.7
52.6030,3011.0
52.6282,425.7
52.6534,3424.4
52.6787,3621.9
52.7042,3285.1
52.7295,3213.6
52.7547,3631.6
52.7800,3260.1
52.8052,3255.6
52.8305,3249.1
52.8557,3281.3
52.8809,3329.8
52.9062,3470.8
52.9314,3450.1
52.9577,3366.9
52.9829,571.6
53.0084,3536.8
53.0337,3435.7
53.0589,3318.3
53.0841,3058.9
53.1093,3219.6
53.1345,3311.3
53.1597,3149.0
53.1850,3355.4
53.2102,3314.4
53.2354,3306.3
53.2606,3443.0
53.2868,2362.8
53.3120,1686.6
53.3372,3086.4
53.3630,3395.9
53.3882,3360.0
53.4134,3466.9
53.4387,3302.2
53.4639,3205.9
53.4891,2977.5
53.5143,3623.5
53.5396,2968.7
53.5649,3036.0
53.5911,3137.8
53.6164,453.1
53.6416,3031.4
53.6668,3285.4
53.6920,3348.6
53.7173,3259.0
53.7425,3312.3
53.7680,3012.8
53.7932,3470.8
53.8185,3374.3
53.8437,3253.0
53.8690,3195.0
53.8942,3337.5
53.9194,3556.1
53.9457,1653.8
53.9709,2264.9
53.9962,3560.4
54.0214,2976.4
54.0466,3299.0
54.0719,3393.3
54.0971,3296.7
54.1229,3213.1
54.1482,3349.7
54.1734,3258.0
54.1986,3448.0
54.2239,3579.4
54.2491,3232.8
54.2748,3238.1
54.3000,394.8
54.3253,3262.7
54.3505,3438.5
54.3757,2931.7
54.4013,3024.5
54.4265,3146.8
54.4517,3163.6
54.4769,2936.7
54.5022,2862.0
54.5274,3220.1
54.5532,3459.2
54.5794,1109.4
54.6046,2763.5
54.6298,3561.4
54.6551,3440.1
54.6803,3451.0
54.7055,3415.4
54.7307,3434.1
54.7559,3381.0
54.7811,3352.6
54.8063,3592.3
54.8315,3321.5
54.8567,3391.1
54.8820,3366.9
54.9072,3407.7
54.9324,3339.8
54.9577,658.5
54.9834,3005.6
55.0086,3710.1
55.0338,3535.9
55.0590,3704.7
55.0842,3496.6
55.1094,3433.6
55.1347,3271.7
55.1599,3584.3
55.1857,3383.6
55.2109,3462.9
55.2363,3100.7
55.2615,3386.5
55.2868,2560.5
55.3120,3678.9
55.3378,563.5
55.3630,3263.6
55.3882,3652.0
55.4134,3495.4
55.4386,3424.1
55.4639,3586.0
55.4891,3467.1
55.5143,3139.5
55.5395,3122.1
55.5647,3517.6
55.5900,3165.7
55.6152,3438.5
55.6404,3360.8
55.6656,3433.0
55.6913,1982.1
55.7168,1965.0
55.7423,3498.1
55.7676,3494.1
55.7928,3579.8
55.8183,3615.9
55.8435,3165.2
55.8687,3224.7
55.8939,3148.9
55.9192,3417.8
55.9444,3656.6
55.9696,3269.6
55.9948,3544.5
56.0204,2607.9
56.0456,3641.5
56.0709,490.1
56.0961,3365.8
56.1218,3029.6
56.1470,2895.2
56.1723,2736.3
56.1975,3530.8
56.2227,3138.9
56.2480,3201.5
56.2735,3268.9
56.2987,2892.3
56.3239,3327.0
56.3492,3642.7
56.3744,2523.4
56.4001,1935.2
56.4253,2301.0
56.4505,3609.4
56.4758,3486.9
56.5010,3511.4
56.5262,3637.4
56.5514,3528.6
56.5766,3347.6
56.6019,3319.9
56.6271,2872.4
56.6523,3358.1
56.6775,3286.0
56.7029,3394.1
56.7281,3660.1
56.7533,3511.2
56.7794,1001.6
56.8047,3300.4
56.8299,3658.4
56.8551,3582.7
56.8803,3451.2
56.9056,3561.3
56.9308,3450.8
56.9560,3357.3
56.9816,3329.3
57.0069,3678.1
57.0321,3160.3
57.0573,3205.9
57.0826,3511.6
57.1078,3507.9
57.1330,3593.3
57.1591,2462.9
57.1844,1552.6
57.2096,3569.6
57.2348,3701.3
57.2600,3686.4
57.2852,3630.8
57.3105,3503.1
57.3357,3518.1
57.3609,3640.7
57.3861,3487.5
57.4113,3456.5
57.4365,3185.7
57.4618,3372.5
57.4870,3579.7
57.5122,3492.3
57.5374,3687.1
57.5631,2208.8
57.5884,1824.4
57.6136,3435.1
57.6389,3428.2
57.6641,3574.4
57.6893,3607.7
57.7145,3579.0
57.7399,3468.8
57.7651,3352.8
57.7904,3076.5
57.8162,3370.2
57.8414,3526.9
57.8666,3330.7
57.8918,3419.2
57.9171,3531.3
57.9423,3585.9
57.9685,1515.0
57.9944,2314.9
58.0196,3601.3
58.0450,3458.6
58.0702,3590.4
58.0954,3487.8
58.1206,2679.7
58.1458,3195.0
58.1710,3073.8
58.1963,3509.1
58.2215,2849.8
58.2467,3125.3
58.2720,3201.4
58.2975,2577.3
58.3228,1068.0
58.3482,3392.1
58.3735,2742.4
58.3987,3117.1
58.4239,3506.8
58.4492,3148.2
58.4744,3259.7
58.4996,3210.6
58.5248,3261.7
58.5501,3145.7
58.5753,3307.3
58.6005,3256.4
58.6272,469.9
58.6524,3749.1
58.6776,3277.6
58.7028,3590.6
58.7281,3376.5
58.7536,3050.1
58.7789,2898.4
58.8041,3176.8
58.8293,3264.4
58.8546,3238.9
58.8798,3279.1
58.9050,3252.6
58.9302,3602.7
58.9565,1374.5
58.9818,2463.4
59.0070,3320.8
59.0326,2927.9
59.0578,3422.6
59.0831,3458.4
59.1083,3052.0
59.1335,3104.2
59.1588,3237.3
59.1840,3411.5
59.2092,3143.6
59.2344,3270.0
59.2597,3475.7
59.2849,654.2
59.3101,3291.8
59.3353,3488.1
59.3605,3264.0
59.3857,3596.3
59.4109,3357.2
59.4361,3048.5
59.4614,3271.2
59.4866,3140.7
59.5123,3151.8
59.5374,3286.2
59.5626,3452.3
59.5880,3326.3
59.6136,3229.4
59.6389,525.3
59.6641,3657.9
59.6893,3239.8
59.7150,3341.5
59.7402,3714.6
59.7654,3437.6
59.7906,3374.5
59.8159,3336.5
59.8411,3087.9
59.8663,3411.7
59.8915,3335.0
59.9167,3225.8
59.9419,3227.5
59.9687,2619.1
59.9939,1334.9
60.0191,3470.7
60.0443,3319.2
60.0696,3499.2
60.0948,2875.7
60.1200,3289.4
60.1452,2830.3
60.1704,3221.1
60.1957,2470.4
60.2209,3127.9
60.2467,3173.2
60.2719,3671.0
60.2971,453.4
60.3223,3644.6
60.3475,3374.6
60.3727,3477.9
60.3979,3352.6
60.4231,3333.8
60.4484,3500.7
60.4736,3150.3
60.4987,2858.5
60.5240,3402.1
60.5492,3138.7
60.5744,3258.1
60.5998,3209.7
60.6254,3471.0
60.6506,313.5
60.6758,3561.7
60.7010,3526.7
60.7262,3615.9
60.7514,3473.9
60.7767,3273.1
60.8019,3202.8
60.8275,2926.0
60.8528,2663.3
60.8787,3373.9
60.9039,3308.9
60.9291,3099.5
60.9544,3582.8
60.9796,3316.9
61.0051,544.7
61.0303,3553.9
61.0555,3224.5
61.0807,3202.6
61.1061,3154.1
61.1313,3400.8
61.1565,3320.1
61.1817,3400.7
61.2070,3261.1
61.2327,3497.5
61.2580,3533.2
61.2832,3538.2
61.3084,3183.0
61.3346,2174.3
61.3598,1737.6
61.3851,3426.8
61.4103,3180.3
61.4355,3236.1
61.4607,3065.9
61.4860,2995.4
61.5112,3445.0
61.5364,3491.8
61.5616,3210.0
61.5868,2958.7
61.6120,3393.4
61.6373,3327.8
61.6636,1776.4
61.6888,2064.7
61.7140,3280.1
61.7392,3476.1
61.7645,3419.8
61.7897,3493.4
61.8150,3712.4
61.8402,3268.4
61.8655,3376.7
61.8906,3234.7
61.9159,3564.0
61.9410,3229.0
61.9665,3260.1
61.9917,3478.7
62.0169,3401.8
62.0427,3089.2
62.0679,876.0
62.0930,3628.9
62.1183,2812.7
62.1435,3273.8
62.1687,2979.8
62.1945,2959.7
62.2197,3194.5
62.2449,2898.6
62.2702,3426.6
62.2954,3112.7
62.3206,3300.2
62.3467,2113.8
62.3720,2212.0
62.3972,3517.0
62.4224,3445.9
62.4476,3227.6
62.4728,3487.3
62.4980,3168.9
62.5233,3140.6
62.5485,3365.4
62.5737,3275.2
62.5989,3111.4
62.6242,2811.5
62.6500,3398.5
62.6752,3562.6
62.7004,691.8
62.7257,3225.9
62.7509,3336.9
62.7761,3321.3
62.8013,2503.8
62.8265,3600.7
62.8518,2742.5
62.8770,3136.6
62.9022,2992.1
62.9274,3231.0
62.9526,3230.9
62.9788,1779.0
63.0040,1804.2
63.0292,3502.8
63.0545,3528.9
63.0797,3433.7
63.1049,3436.2
63.1302,3367.1
63.1554,3236.4
63.1806,3322.8
63.2059,3344.8
63.2311,2946.1
63.2563,3666.6
63.2815,3134.9
63.3067,3534.2
63.3320,3593.8
63.3574,775.0
63.3826,3165.3
63.4078,3244.9
63.4330,3130.9
63.4583,3144.2
63.4835,3200.3
63.5087,2828.8
63.5340,3065.7
63.5592,3385.9
63.5850,3367.9
63.6102,3551.1
63.6355,3425.3
63.6616,2332.7
63.6869,1396.2
63.7121,3542.1
63.7373,3108.1
63.7625,3545.7
63.7877,3394.6
63.8129,2967.9
63.8385,3193.2
63.8637,2965.4
63.8890,3321.4
63.9142,2495.8
63.9394,3164.9
63.9656,1359.7
63.9909,1903.0
64.0161,2933.2
64.0413,3395.9
64.0665,3366.8
64.0917,3323.7
64.1170,3394.7
64.1422,3338.2
64.1674,3380.8
64.1926,3566.8
64.2178,3470.0
64.2431,3355.4
64.2683,3415.4
64.2935,3583.7
64.3199,1744.5
64.3451,1953.9
64.3703,3389.9
64.3955,3127.4
64.4208,3232.9
64.4460,3002.0
64.4712,2906.4
64.4964,3384.3
64.5216,2823.4
64.5468,3084.4
64.5721,3314.7
64.5973,3309.0
64.6233,766.2
64.6486,3186.6
64.6738,3589.4
64.6990,3408.6
64.7243,3481.0
64.7495,3483.6
64.7747,3386.8
64.7999,3584.2
64.8251,2928.9
64.8503,3461.1
64.8756,3428.3
64.9008,2993.6
64.9259,3577.4
64.9511,2591.7
64.9763,3464.8
65.0016,686.2
65.0268,3356.5
65.0521,3440.8
65.0777,2972.6
65.1030,3302.3
65.1282,3374.0
65.1538,2983.4
65.1790,3483.4
65.2043,3129.5
65.2295,3088.3
65.2547,3578.3
65.2809,2786.3
65.3061,691.7
65.3313,3440.9
65.3565,3388.7
65.3817,3288.2
65.4069,3328.5
65.4322,3302.4
65.4574,3335.9
65.4826,2956.8
65.5078,3154.2
65.5330,2926.0
65.5582,3227.0
65.5834,3417.4
65.6089,2155.8
65.6351,2095.1
65.6603,1994.8
65.6855,3464.9
65.7108,3308.2
65.7360,3512.5
65.7612,3750.5
65.7864,3416.8
65.8117,3417.2
65.8369,3499.3
65.8621,3400.2
65.8874,3562.5
65.9126,2917.7
65.9378,3289.7
65.9630,3231.1
65.9891,815.6
66.0143,2995.2
66.0396,2884.6
66.0648,3415.7
66.0900,3477.0
66.1153,3448.5
66.1405,3431.1
66.1657,3277.6
66.1910,3384.0
66.2162,3731.8
66.2414,3359.3
66.2666,3438.7
66.2922,2455.5
66.3175,3603.4
66.3434,1226.7
66.3686,2699.1
66.3938,3189.8
66.4191,3495.4
66.4443,3004.7
66.4695,3136.6
66.4948,3499.6
66.5200,3268.7
66.5452,3395.5
66.5704,3348.2
66.5956,3389.5
66.6208,3677.1
66.6461,3475.9
66.6713,3474.3
66.6970,2164.6
66.7222,2053.7
66.7474,3421.0
66.7727,3631.2
66.7980,3383.9
66.8232,3437.3
66.8484,3349.4
66.8739,3269.1
66.8991,3532.0
66.9243,3344.2
66.9495,3580.7
66.9748,3465.8
66.9999,3617.3
67.0251,3476.8
67.0504,3664.0
67.0757,2544.4
67.1016,1973.9
67.1268,2204.8
67.1519,3516.4
67.1771,3411.3
67.2023,3253.0
67.2275,3628.6
67.2527,3405.8
67.2779,3377.5
67.3032,3484.8
67.3284,3554.2
67.3536,3395.2
67.3788,3620.4
67.4040,3478.7
67.4293,3238.4
67.4547,2436.8
67.4799,3721.0
67.5051,591.1
67.5304,3461.2
67.5555,3580.1
67.5808,3591.9
67.6060,3432.5
67.6312,3501.1
67.6564,3346.3
67.6816,3746.9
67.7069,3352.4
67.7321,3321.6
67.7573,3586.7
67.7825,3135.7
67.8077,3368.8
67.8330,3371.9
67.8582,2531.4
67.8838,3552.4
67.9090,413.8
67.9342,3612.5
67.9594,3473.0
67.9847,3426.3
68.0102,3337.0
68.0354,3633.3
68.0606,2914.9
68.0858,3358.2
68.1111,3465.1
68.1363,3556.9
68.1615,3157.7
68.1867,3267.1
68.2119,3638.5
68.2371,3388.0
68.2623,768.1
68.2882,2968.5
68.3134,3273.7
68.3387,3206.7
68.3639,3485.0
68.3892,3445.4
68.4144,3360.4
68.4396,3276.8
68.4648,3512.2
68.4900,3362.4
68.5153,3527.0
68.5405,3499.5
68.5657,3494.1
68.5909,3526.5
68.6171,1267.4
68.6423,2198.3
68.6675,3450.3
68.6928,3551.3
68.7180,3701.2
68.7432,3468.6
68.7684,3556.6
68.7936,3031.4
68.8189,3202.4
68.8441,3258.9
68.8694,3441.8
68.8946,3353.4
68.9198,3010.8
68.9451,3571.2
68.9713,1033.4
68.9965,2700.0
69.0217,3299.4
69.0469,2943.9
69.0722,2780.8
69.0974,3596.2
69.1227,2790.8
69.1479,3386.9
69.1732,3099.3
69.1984,3187.1
69.2236,2986.5
69.2488,3534.4
69.2742,263.6
69.2994,3384.1
69.3247,3755.2
69.3499,3463.2
69.3751,3283.5
69.4004,3529.1
69.4256,3013.3
69.4508,3213.5
69.4760,3103.2
69.5013,3209.2
69.5265,3117.3
69.5517,3316.3
69.5769,3230.3
69.6033,1163.0
69.6286,3016.6
69.6543,3488.7
69.6795,3431.8
69.7047,3485.2
69.7300,3316.6
69.7552,3405.7
69.7805,3301.5
69.8057,3218.8
69.8314,3442.5
69.8566,3370.1
69.8818,3329.3
69.9070,3109.0
69.9323,3452.7
69.9581,1203.9
69.9832,2623.6
70.0087,3321.9
70.0340,2917.9
70.0592,2756.4
70.0845,3046.5
70.1097,3170.3
70.1349,3033.2
70.1601,3086.5
70.1853,3289.3
70.2105,2560.8
70.2362,2657.0
70.2615,1310.1
70.2867,3572.2
70.3120,3482.2
70.3372,3668.5
70.3624,3629.3
70.3876,3377.3
70.4129,3093.2
70.4381,3250.1
70.4633,3369.4
70.4885,3041.3
70.5137,3419.5
70.5390,3101.0
70.5642,3156.6
70.5905,2104.8
70.6157,2097.9
70.6409,2890.9
70.6665,3018.4
70.6917,2797.7
70.7170,3384.4
70.7422,2896.7
70.7674,3256.5
70.7926,3031.1
70.8178,3207.9
70.8431,3415.3
70.8693,2048.7
70.8946,1822.9
70.9198,3574.8
70.9450,3298.5
70.9702,3372.4
70.9955,3345.2
71.0207,3531.9
71.0461,3047.7
71.0713,3193.8
71.0966,3450.1
71.1218,3128.9
71.1469,3429.9
71.1722,3355.6
71.1974,3061.2
71.2228,2089.1
71.2479,2022.9
71.2731,3513.5
71.2983,3442.7
71.3236,3653.2
71.3488,3491.6
71.3745,3692.3
71.4000,3390.7
71.4252,3656.2
71.4504,3306.1
71.4756,3143.7
71.5009,3300.1
71.5261,3611.1
71.5513,3350.9
71.5765,3384.5
71.6028,2104.0
71.6280,1829.4
71.6532,3242.1
71.6785,3600.6
71.7039,2999.7
71.7291,3409.8
71.7543,3259.2
71.7796,2963.4
71.8048,3453.7
71.8300,3380.1
71.8552,3317.2
71.8804,3156.9
71.9056,3483.7
71.9317,1474.2
71.9574,2239.7
71.9832,3479.3
72.0085,3209.5
72.0337,3648.7
72.0589,3368.4
72.0842,3325.2
72.1094,3308.8
72.1351,3035.1
72.1604,3198.6
72.1855,3217.5
72.2107,3166.2
72.2360,3304.7
72.2627,470.1
72.2879,3755.1
72.3131,3062.1
72.3384,3641.0
72.3636,3386.9
72.3888,3689.8
72.4140,3412.9
72.4393,3429.7
72.4645,3339.5
72.4897,3354.7
72.5149,3608.3
72.5401,3222.4
72.5653,2560.5
72.5914,2658.3
72.6166,1040.6
72.6420,3577.7
72.6672,3742.0
72.6924,3358.1
72.7181,3504.1
72.7433,3634.3
72.7686,3504.9
72.7938,3451.0
72.8190,3377.6
72.8442,3465.2
72.8695,3237.4
72.8947,3473.9
72.9199,3448.2
72.9451,3437.0
72.9712,2994.4
72.9965,780.4
73.0217,3724.4
73.0469,3697.9
73.0722,3447.1
73.0974,3310.4
73.1226,3384.1
73.1478,3272.6
73.1730,3521.3
73.1983,3251.0
73.2241,3326.7
73.2493,3498.2
73.2745,3511.7
73.2998,3259.7
73.3254,2710.8
73.3506,951.1
73.3758,3440.6
73.4010,3133.5
73.4269,3366.5
73.4521,3267.7
73.4773,3399.7
73.5026,3018.5
73.5278,2821.0
73.5529,3347.1
73.5782,3048.4
73.6034,3067.0
73.6287,3070.4
73.6539,3618.8
73.6803,507.5
73.7058,3345.9
73.7310,3381.2
73.7568,2767.0
73.7825,3453.2
73.8078,2883.4
73.8330,3301.2
73.8582,3076.9
73.8837,3307.1
73.9089,3302.8
73.9341,3565.3
73.9594,3345.5
73.9856,631.8
74.0108,3134.8
74.0359,3555.2
74.0612,3327.7
74.0864,3532.2
74.1116,3060.9
74.1368,3424.7
74.1620,2916.9
74.1873,3112.6
74.2128,3449.6
74.2381,3082.6
74.2633,3166.5
74.2886,3292.8
74.3138,3705.4
74.3403,545.9
74.3655,3511.9
74.3908,3466.6
74.4160,3341.7
74.4412,3320.1
74.4664,3439.5
74.4917,3141.7
74.5169,3243.8
74.5421,3155.8
74.5673,3376.8
74.5925,3381.5
74.6177,3428.9
74.6433,3408.5
74.6696,2728.2
74.6948,1097.6
74.7202,3482.7
74.7455,3535.5
74.7707,3330.3
74.7960,3421.6
74.8212,3468.6
74.8464,3271.0
74.8717,3018.7
74.8971,3415.4
74.9223,3599.9
74.9476,3315.9
74.9728,3299.8
74.9983,3448.0
75.0235,3512.5
75.0495,524.8
75.0748,3500.9
75.1000,2872.4
75.1252,2985.1
75.1505,2810.4
75.1757,3318.2
75.2009,2956.1
75.2262,3069.2
75.2514,2551.8
75.2766,3267.6
75.3019,3005.1
75.3282,890.2
75.3534,3075.1
75.3786,3466.0
75.4039,3440.9
75.4291,3606.1
75.4543,3440.7
75.4797,3485.9
75.5049,3546.3
75.5301,3469.6
75.5554,3397.3
75.5806,3612.4
75.6058,3406.8
75.6310,3485.0
75.6563,3192.2
75.6815,3379.7
75.7077,1076.1
75.7330,2787.0
75.7582,3720.2
75.7834,3270.4
75.8086,3493.4
75.8339,3372.5
75.8591,3690.7
75.8843,3506.8
75.9095,3303.2
75.9347,3600.3
75.9599,3346.3
75.9852,3707.7
76.0104,3665.3
76.0356,3566.2
76.0608,3426.6
76.0862,3589.7
76.1114,509.2
76.1366,3328.0
76.1618,3531.9
76.1870,3275.2
76.2122,3294.8
76.2375,3590.5
76.2627,3442.4
76.2879,3406.6
76.3131,3658.9
76.3383,3521.0
76.3636,3462.2
76.3888,3776.3
76.4140,3670.7
76.4392,3343.0
76.4653,3169.6
76.4905,580.4
76.5158,3483.3
76.5410,2937.1
76.5662,3523.8
76.5914,3279.4
76.6166,3556.5
76.6419,3489.4
76.6671,3311.4
76.6923,3723.1
76.7176,3471.8
76.7428,3338.5
76.7680,3628.5
76.7933,3398.2
76.8185,3510.8
76.8437,3635.3
76.8700,2180.5
76.8953,1654.6
76.9205,3573.1
76.9457,3589.0
76.9709,3434.3
76.9962,3658.1
77.0214,3357.0
77.0466,3440.9
77.0719,3264.3
77.0971,3082.4
77.1224,3213.7
77.1476,3196.5
77.1728,3542.4
77.1981,3359.6
77.2233,2348.6
77.2489,2717.5
77.2741,1421.1
77.2993,3375.6
77.3245,2877.9
77.3497,3265.7
77.3753,2852.6
77.4005,3319.2
77.4259,2940.1
77.4511,3233.0
77.4763,3065.6
77.5016,3261.9
77.5268,2954.0
77.5531,1758.1
77.5783,2217.9
77.6035,3425.6
77.6287,3423.4
77.6539,3251.0
77.6791,3318.1
77.7043,3297.4
77.7296,3251.9
77.7548,3342.4
77.7800,3188.0
77.8057,2929.3
77.8310,3427.0
77.8561,2256.1
77.8822,3214.6
77.9074,842.3
77.9327,3354.7
77.9579,3460.8
77.9831,3363.0
78.0084,3668.6
78.0336,3520.3
78.0588,3326.6
78.0840,3554.9
78.1092,3301.6
78.1345,3634.7
78.1597,3397.0
78.1849,3278.8
78.2103,2875.6
78.2367,2274.9
78.2621,1508.6
78.2874,3182.3
78.3126,3328.6
78.3378,2736.0
78.3630,3279.6
78.3883,2979.9
78.4135,3345.9
78.4390,3494.6
78.4642,3346.8
78.4899,3440.0
78.5151,3363.4
78.5404,2510.0
78.5661,2207.5
78.5913,1838.7
78.6166,3241.3
78.6418,3516.8
78.6671,3413.6
78.6923,3410.3
78.7175,3389.6
78.7427,3304.7
78.7680,3389.8
78.7932,3338.3
78.8184,3286.9
78.8436,3706.9
78.8689,3404.6
78.8941,3375.2
78.9193,3733.0
78.9459,605.5
78.9711,3455.5
78.9963,3422.9
79.0216,3512.0
79.0468,3649.1
79.0720,3265.1
79.0972,3386.0
79.1225,3172.0
79.1477,3654.3
79.1729,3470.0
79.1985,3412.5
79.2239,3294.4
79.2491,3644.0
79.2743,3399.7
79.3008,1890.1
79.3260,2067.1
79.3512,3506.4
79.3765,3547.7
79.4017,3492.9
79.4269,3422.5
79.4521,3670.7
79.4774,3177.2
79.5026,2855.7
79.5278,3441.1
79.5530,3224.7
79.5782,3578.8
79.6034,3395.7
79.6286,3291.1
79.6539,3324.2
79.6801,1846.7
79.7053,2604.0
79.7305,2998.9
79.7557,2833.9
79.7813,3102.6
79.8065,2997.2
79.8318,3340.0
79.8570,2738.0
79.8822,3189.6
79.9074,3231.2
79.9326,3327.9
79.9589,2237.0
79.9842,2010.6
80.0094,3466.3
80.0346,3402.8
80.0599,3456.2
80.0851,3460.3
80.1104,3372.1
80.1356,3562.5
80.1608,3265.4
80.1860,3154.6
80.2113,3293.1
80.2365,3398.0
80.2618,3320.8
80.2871,3203.3
80.3128,2425.6
80.3381,1396.3
80.3633,3433.3
80.3886,3539.6
80.4138,2751.9
80.4390,3471.6
80.4643,2956.1
80.4895,3053.5
80.5150,3367.3
80.5402,3037.7
80.5654,3256.3
80.5906,3450.8
80.6163,1159.3
80.6415,2582.0
80.6668,3349.5
80.6920,3259.8
80.7172,3477.8
80.7424,3312.6
80.7676,3287.9
80.7928,3604.4
80.8180,3026.2
80.8433,3490.4
80.8685,3189.8
80.8937,3340.8
80.9189,3277.9
80.9441,3201.9
80.9697,2765.7
80.9949,1049.8
81.0206,3670.6
81.0459,3751.3
81.0711,3344.3
81.0963,3331.7
81.1215,3328.1
81.1468,2762.6
81.1719,3289.1
81.1972,3290.9
81.2224,3193.1
81.2476,3012.7
81.2733,3298.2
81.2985,3234.3
81.3248,1346.3
81.3501,2676.6
81.3753,3689.5
81.4005,3527.6
81.4259,3593.0
81.4511,3414.6
81.4764,3372.1
81.5016,3468.3
81.5272,2932.2
81.5524,3553.9
81.5776,3251.1
81.6029,3072.8
81.6281,3518.2
81.6533,3542.4
81.6790,3370.2
81.7042,711.4
81.7294,3428.7
81.7546,3670.5
81.7799,3290.7
81.8051,3448.1
81.8307,3519.7
81.8559,3491.2
81.8811,3225.6
81.9064,3638.7
81.9316,3330.3
81.9568,3488.0
81.9820,3358.1
82.0072,3494.1
82.0325,3423.1
82.0581,1589.5
82.0833,2208.0
82.1085,2970.9
82.1337,3262.3
82.1590,3318.8
82.1842,2768.1
82.2095,3589.2
82.2347,3493.8
82.2600,3129.5
82.2852,2943.9
82.3105,3268.8
82.3357,3295.1
82.3609,3336.3
82.3876,630.7
82.4128,3360.3
82.4380,3692.9
82.4632,3631.0
82.4888,3194.9
82.5140,3447.9
82.5393,2887.5
82.5645,3107.4
82.5898,2902.3
82.6150,3199.2
82.6402,3427.8
82.6655,2833.6
82.6912,2636.8
82.7164,1110.6
82.7417,3314.3
82.7669,3321.0
82.7921,3259.1
82.8173,3227.0
82.8426,3339.3
82.8678,3156.6
82.8930,3491.3
82.9182,3123.6
82.9435,3423.9
82.9687,3230.1
82.9939,3418.8
83.0196,2666.3
83.0448,1196.9
83.0700,3396.0
83.0953,3409.2
83.1205,3253.2
83.1458,3149.7
83.1710,3312.4
83.1962,2970.7
83.2215,3151.9
83.2467,3240.3
83.2719,3256.2
83.2971,3341.0
83.3228,2721.8
83.3480,3600.3
83.3742,380.4
83.3994,3584.7
83.4246,3322.4
83.4498,3156.6
83.4751,3438.8
83.5003,3435.0
83.5255,3164.8
83.5507,3300.6
83.5758,3165.3
83.6010,3272.7
83.6262,3327.5
83.6514,3324.6
83.6772,3462.1
83.7029,1897.5
83.7281,2101.1
83.7533,3568.2
83.7785,3486.4
83.8037,3470.0
83.8290,3415.2
83.8542,3325.0
83.8794,3071.7
83.9046,2946.8
83.9298,3360.7
83.9551,3237.3
83.9803,3227.4
84.0055,2825.9
84.0307,458.4
84.0559,3139.2
84.0811,3203.5
84.1063,3342.8
84.1316,3424.3
84.1568,3167.5
84.1820,3268.0
84.2072,3345.7
84.2324,3359.0
84.2576,3284.8
84.2829,3269.0
84.3081,3391.8
84.3343,2313.3
84.3595,1686.8
84.3848,3357.0
84.4100,3101.0
84.4352,3290.0
84.4604,3059.7
84.4857,3281.6
84.5109,3315.9
84.5361,2833.1
84.5613,3261.5
84.5866,3214.8
84.6118,3331.2
84.6379,2728.7
84.6631,1146.3
84.6883,3351.9
84.7135,3564.4
84.7387,3458.9
84.7640,3415.5
84.7892,3379.6
84.8147,3506.3
84.8399,3102.6
84.8652,3351.7
84.8904,3383.7
84.9156,3026.6
84.9408,3298.9
84.9660,3273.3
84.9922,2227.7
85.0174,1673.6
85.0426,3572.1
85.0679,2937.6
85.0931,3351.8
85.1183,3268.9
85.1436,3166.2
85.1688,3668.6
85.1940,3209.8
85.2192,3366.8
85.2444,3348.5
85.2701,3355.8
85.2953,3509.7
85.3210,1499.9
85.3464,2301.5
85.3717,3349.9
85.3969,3285.8
85.4221,3456.9
85.4475,3404.4
85.4728,3116.1
85.4980,3531.6
85.5232,2499.4
85.5485,3310.7
85.5737,3328.6
85.5989,3300.6
85.6241,3126.6
85.6504,1592.3
85.6757,2199.2
85.7009,3625.9
85.7267,3089.4
85.7519,3335.7
85.7771,3205.3
85.8024,3330.2
85.8276,3220.9
85.8528,3211.5
85.8780,3300.9
85.9032,3400.6
85.9285,3282.7
85.9537,2947.3
85.9793,2892.8
86.0045,807.0
86.0297,2940.2
86.0549,3443.9
86.0802,3166.6
86.1054,3259.1
86.1306,3112.7
86.1559,2906.5
86.1812,3150.1
86.2064,3006.0
86.2316,3327.5
86.2568,3460.8
86.2820,2654.5
86.3082,1107.0
86.3335,2999.2
86.3587,3599.1
86.3839,3437.7
86.4091,3369.5
86.4343,3429.9
86.4596,3645.0
86.4848,3039.8
86.5106,3484.6
86.5358,3226.6
86.5611,3103.1
86.5863,3251.6
86.6115,3528.5
86.6367,2970.2
86.6630,1188.1
86.6882,2839.5
86.7135,3298.9
86.7387,3522.0
86.7639,3324.8
86.7891,3174.8
86.8143,3342.6
86.8396,2843.7
86.8648,3694.3
86.8900,3298.9
86.9152,3252.1
86.9404,3598.1
86.9657,3467.3
86.9913,2163.6
87.0165,1858.1
87.0417,3527.2
87.0669,3485.3
87.0921,2900.2
87.1173,3348.6
87.1426,3484.8
87.1678,3204.1
87.1930,3253.5
87.2182,3470.9
87.2434,3444.7
87.2686,3241.0
87.2941,3573.6
87.3193,3410.8
87.3445,3434.2
87.3697,664.8
87.3949,3108.2
87.4202,3519.1
87.4454,3365.7
87.4706,3256.7
87.4958,3354.3
87.5210,3234.4
87.5462,3323.4
87.5715,2934.6
87.5967,2750.8
87.6219,3377.6
87.6471,3039.4
87.6723,3140.5
87.6975,735.5
87.7233,3032.5
87.7485,3416.8
87.7737,3427.6
87.7989,3218.4
87.8241,3449.0
87.8493,3234.3
87.8745,3235.2
87.8997,3367.2
87.9250,3204.4
87.9502,3423.8
87.9754,3360.1
88.0010,3450.9
88.0267,2742.4
88.0519,1394.4
88.0773,3485.5
88.1025,3596.6
88.1277,3386.6
88.1529,3276.5
88.1781,3077.8
88.2033,3295.1
88.2285,3303.6
88.2538,3284.8
88.2790,3391.0
88.3043,3289.4
88.3295,3600.2
88.3547,3435.5
88.3810,2128.7
88.4062,1985.1
88.4314,3360.3
88.4566,3615.9
88.4819,3326.9
88.5072,3057.9
88.5325,3646.0
88.5580,3051.5
88.5833,3330.2
88.6085,3306.2
88.6337,3456.1
88.6589,3552.9
88.6842,3495.8
88.7094,3430.3
88.7346,2368.0
88.7609,1311.4
88.7861,2591.8
88.8114,3665.7
88.8366,3494.9
88.8619,3503.8
88.8871,3670.7
88.9123,3500.1
88.9375,3334.5
88.9627,3607.8
88.9880,3269.6
89.0132,3198.4
89.0385,3178.8
89.0637,3358.2
89.0890,3098.6
89.1146,2803.3
89.1398,946.0
89.1653,3511.4
89.1905,3420.7
89.2158,3433.7
89.2410,3200.1
89.2662,3342.4
89.2915,2729.7
89.3167,3197.9
89.3419,3082.4
89.3671,3350.5
89.3923,3516.5
89.4176,3497.7
89.4428,3304.0
89.4691,1334.3
89.4944,2642.8
89.5196,3560.5
89.5448,3587.9
89.5699,3103.3
89.5955,3542.1
89.6207,3591.3
89.6459,3373.7
89.6711,3307.3
89.6964,3571.3
89.7216,3475.6
89.7473,3370.5
89.7725,3452.8
89.7977,3437.2
89.8229,3602.5
89.8491,2237.2
89.8743,1655.5
89.8995,3352.9
89.9247,3212.6
89.9499,3288.3
89.9751,3561.6
90.0004,3387.8
90.0256,3495.5
90.0508,3193.7
90.0761,3202.5
90.1013,3311.9
90.1265,3529.5
90.1517,2910.9
90.1769,3303.7
90.2030,655.8
90.2282,2817.4
90.2535,3468.9
90.2787,2925.9
90.3039,2930.3
90.3292,2888.6
90.3544,3678.4
90.3796,2972.5
90.4052,2950.5
90.4305,3428.4
90.4557,3175.4
90.4813,1795.8
90.5066,1826.2
90.5318,3425.8
90.5571,3026.1
90.5823,3496.6
90.6075,3186.2
90.6327,3310.2
90.6580,3341.5
90.6832,3230.0
90.7085,3219.7
90.7337,3512.8
90.7589,3316.3
90.7842,3139.6
90.8094,3389.2
90.8346,690.1
90.8599,3128.8
90.8851,3321.2
90.9103,3461.5
90.9355,3182.0
90.9611,2841.5
90.9866,3198.5
91.0119,3350.0
91.0371,3169.3
91.0623,3174.3
91.0875,3277.5
91.1128,3079.1
91.1379,409.0
91.1632,3525.0
91.1884,3343.9
91.2136,2990.5
91.2392,3382.5
91.2644,3170.0
91.2896,3143.5
91.3148,3159.5
91.3400,3320.9
91.3652,3144.7
91.3904,3193.6
91.4156,3368.1
91.4418,2903.9
91.4670,1082.5
91.4922,3296.4
91.5174,3355.4
91.5427,3649.6
91.5679,2971.4
91.5931,3399.8
91.6189,2781.3
91.6441,3334.0
91.6694,3289.6
91.6946,3375.2
91.7198,3486.8
91.7450,3503.2
91.7702,3382.2
91.7963,1195.5
91.8216,2665.8
91.8468,3408.0
91.8721,3239.8
91.8973,3441.1
91.9225,3433.3
91.9477,3270.5
91.9729,3214.7
91.9981,2982.0
92.0234,3328.3
92.0486,3220.9
92.0739,3173.6
92.0991,3132.7
92.1243,2727.9
92.1500,705.6
92.1752,3041.8
92.2004,3429.9
92.2257,3184.4
92.2509,3076.2
92.2761,3229.4
92.3014,3316.3
92.3270,2895.4
92.3523,2792.5
92.3775,3687.6
92.4027,3196.9
92.4280,3145.4
92.4532,635.2
92.4784,3242.4
92.5036,3481.9
92.5289,3260.9
92.5541,3687.0
92.5793,3453.1
92.6045,3269.9
92.6297,3374.5
92.6549,3186.9
92.6801,3245.6
92.7053,3431.4
92.7305,3280.7
92.7558,3400.6
92.7809,3362.3
92.8069,462.2
92.8321,3637.3
92.8574,3418.1
92.8826,3387.5
92.9078,3555.3
92.9329,3667.6
92.9581,3401.6
92.9834,3383.6
93.0086,3321.1
93.0338,3518.1
93.0590,3330.1
93.0842,3516.9
93.1095,3384.4
93.1347,3454.0
93.1609,2034.0
93.1861,2037.9
93.2113,3276.7
93.2365,3369.6
93.2617,3673.2
93.2870,3312.3
93.3122,3297.7
93.3374,2968.2
93.3627,3097.6
93.3879,3194.2
93.4132,2862.9
93.4384,3026.0
93.4646,2752.4
93.4898,630.9
93.5150,3394.7
93.5402,3288.8
93.5654,3085.1
93.5907,3733.7
93.6159,3249.4
93.6411,3373.9
93.6666,3115.5
93.6918,3493.9
93.7171,3520.7
93.7423,3252.2
93.7675,3366.1
93.7927,3362.4
93.8188,3310.5
93.8440,557.3
93.8692,3347.1
93.8949,3394.2
93.9202,3103.2
93.9454,3455.6
93.9709,3083.2
93.9962,3297.9
94.0214,3337.9
94.0466,2850.3
94.0718,3495.6
94.0970,3384.9
94.1222,3458.4
94.1484,2869.4
94.1737,1144.3
94.1989,3261.4
94.2241,3052.6
94.2497,3330.8
94.2754,3411.0
94.3006,3211.6
94.3265,2972.5
94.3517,2988.6
94.3769,3228.2
94.4021,3082.3
94.4273,3053.0
94.4536,1707.6
94.4788,1846.8
94.5040,3328.0
94.5292,3265.4
94.5544,3296.2
94.5796,3370.8
94.6049,3383.6
94.6301,3419.1
94.6553,3528.7
94.6805,3096.1
94.7062,3452.6
94.7314,3482.6
94.7566,3046.5
94.7818,3379.0
94.8081,837.7
94.8333,2884.0
94.8586,3466.2
94.8841,3162.2
94.9093,3510.5
94.9345,3402.0
94.9598,3330.5
94.9849,3121.4
95.0101,3242.9
95.0354,3526.9
95.0606,3285.8
95.0859,3292.1
95.1110,1573.8
95.1366,2362.2
95.1618,904.9
95.1870,3681.5
95.2123,3044.2
95.2381,3452.0
95.2634,3471.5
95.2886,3139.8
95.3143,2944.9
95.3396,3142.4
95.3648,3111.1
95.3901,3198.0
95.4153,3237.4
95.4405,3432.1
95.4662,1116.4
95.4914,2593.9
95.5166,3399.1
95.5418,3632.8
95.5670,3443.8
95.5922,3578.7
95.6175,3655.0
95.6427,3459.7
95.6680,3136.1
95.6932,3460.3
95.7184,3060.4
95.7436,3315.8
95.7688,3394.1
95.7941,3332.4
95.8195,2276.9
95.8447,1600.9
95.8699,3425.1
95.8952,3655.1
95.9204,3394.9
95.9456,3484.4
95.9708,3304.4
95.9960,3337.7
96.0212,3354.2
96.0473,3495.2
96.0725,3484.1
96.0983,3153.0
96.1241,3488.2
96.1494,3526.4
96.1749,2992.4
96.2001,709.7
96.2253,3472.0
96.2506,2703.7
96.2758,2961.6
96.3011,2778.6
96.3263,3332.9
96.3521,2488.7
96.3773,3151.3
96.4026,3142.3
96.4278,2969.0
96.4531,2179.7
96.4787,1204.8
96.5040,2581.1
96.5292,3276.6
96.5544,3346.5
96.5796,3433.3
96.6048,3719.7
96.6300,3446.2
96.6553,3189.7
96.6805,3439.7
96.7057,3557.1
96.7309,3391.9
96.7561,3280.6
96.7813,3401.3
96.8065,3222.0
96.8322,1584.9
96.8574,2306.8
96.8827,3340.1
96.9079,3578.0
96.9331,3651.1
96.9584,3301.2
96.9836,3759.4
97.0088,3318.4
97.0340,3368.1
97.0593,3409.3
97.0845,3574.6
97.1097,3461.3
97.1349,3336.3
97.1601,3510.6
97.1854,3449.4
97.2111,2477.5
97.2363,1414.1
97.2616,3448.5
97.2868,3222.5
97.3120,3449.4
97.3372,2996.2
97.3625,3265.5
97.3880,2950.9
97.4132,3528.1
97.4384,3301.0
97.4636,2958.9
97.4889,3078.0
97.5141,3292.8
97.5394,616.4
97.5646,3396.5
97.5898,3306.8
97.6154,3596.1
97.6406,3612.6
97.6658,3341.4
97.6911,3334.2
97.7163,3356.6
97.7415,2847.1
97.7667,3441.0
97.7919,3039.7
97.8172,3134.3
97.8424,3546.1
97.8676,3498.6
97.8937,1161.9
97.9189,2566.9
97.9441,3497.3
97.9693,2902.7
97.9946,3277.8
98.0198,3399.9
98.0450,3336.8
98.0703,3312.3
98.0955,3235.1
98.1207,3251.7
98.1460,3216.3
98.1712,3391.8
98.1969,2440.5
98.2221,1376.3
98.2473,3394.8
98.2726,3144.6
98.2978,3596.5
98.3230,3230.6
98.3483,2686.8
98.3739,3326.6
98.3991,2828.0
98.4247,2991.3
98.4499,2996.8
98.4751,2848.1
98.5013,1099.7
98.5268,2405.5
98.5520,3630.9
98.5772,3177.3
98.6024,3378.1
98.6276,3437.3
98.6528,3272.2
98.6782,3317.5
98.7034,3519.2
98.7286,3348.3
98.7539,3279.2
98.7791,3485.8
98.8043,3576.3
98.8295,2446.9
98.8556,2830.4
98.8808,982.6
98.9061,3311.5
98.9313,3233.9
98.9566,3159.0
98.9818,3157.4
99.0074,2950.8
99.0326,3234.3
99.0579,2835.8
99.0832,2849.6
99.1084,3298.5
99.1336,2281.0
99.1599,1274.4
99.1852,2568.6
99.2104,3559.7
99.2357,3030.3
99.2609,3621.5
99.2861,2845.5
99.3117,3448.5
99.3369,3198.1
99.3621,3488.4
99.3873,3266.5
99.4125,3249.3
99.4378,3254.8
99.4630,3349.4
99.4882,2489.2
99.5143,1600.6
99.5396,2348.0
99.5648,3519.5
99.5900,3529.1
99.6152,3438.5
99.6404,3471.4
99.6657,3457.4
99.6909,3283.8
99.7164,3343.3
99.7416,3647.5
99.7668,3376.8
99.7921,3305.8
99.8173,3521.3
99.8425,3400.9
99.8677,3409.7
99.8934,1436.8
99.9187,2392.8
99.9441,3549.9
99.9694,3142.7
99.9946,2784.1
100.0199,3317.8
100.0451,3135.8
100.0703,2847.1
100.0956,3252.8
100.1208,3260.5
100.1460,3223.4
100.1713,3345.0
100.1971,1184.4
100.2223,2727.6
100.2475,3584.0
100.2728,3293.3
100.2980,3456.7
100.3232,3483.5
100.3485,2843.5
100.3737,3484.5
100.3989,3287.5
100.4241,2961.8
100.4493,3241.7
100.4746,3052.4
100.4998,3066.3
100.5260,1965.6
100.5512,1593.7
100.5765,3112.5
100.6017,3141.8
100.6269,3148.7
100.6522,3156.9
100.6774,3602.7
100.7027,2818.5
100.7279,3385.6
100.7531,3221.5
100.7783,3403.7
100.8036,3505.5
100.8288,3293.8
100.8544,3077.7
100.8796,842.2
100.9048,3585.7
100.9299,3340.4
100.9551,3320.0
100.9803,3216.4
101.0056,3210.1
101.0308,3118.2
101.0560,3411.2
101.0815,3198.8
101.1069,3281.3
101.1321,3353.6
101.1574,3303.4
101.1826,3467.7
101.2087,2601.2
101.2339,1261.5
101.2591,3338.9
101.2844,3406.2
101.3096,2668.2
101.3348,3109.7
101.3600,2896.5
101.3853,3300.7
101.4105,2887.1
101.4357,3126.8
101.4609,3282.3
101.4862,3135.5
101.5125,575.5
101.5377,3196.1
101.5630,3178.1
101.5882,3033.1
101.6134,3585.8
101.6386,3541.0
101.6639,3190.8
101.6891,3617.1
101.7144,3203.8
101.7396,3280.1
101.7649,3328.2
101.7901,3005.4
101.8154,3274.4
101.8410,2743.2
101.8662,949.6
101.8914,3377.6
101.9167,3845.5
101.9419,3442.4
101.9671,3043.6
101.9922,3457.6
102.0175,2965.9
102.0427,3198.3
102.0679,3172.2
102.0933,2425.6
102.1185,3068.1
102.1444,2778.5
102.1696,917.3
102.1948,3365.9
102.2200,2955.1
102.2453,3415.2
102.2705,3236.2
102.2957,3255.2
102.3209,3490.4
102.3467,3132.7
102.3720,3570.6
102.3972,3246.9
102.4224,3263.6
102.4476,3369.6
102.4739,3276.6
102.4991,410.4
102.5243,3205.1
102.5496,3124.9
102.5748,3463.4
102.6000,3033.3
102.6252,2887.7
102.6504,2891.4
102.6757,3237.9
102.7009,2795.3
102.7262,3335.2
102.7516,3421.6
102.7769,2814.9
102.8025,2540.8
102.8277,1278.5
102.8529,3446.2
102.8782,3473.9
102.9034,3460.8
102.9287,3568.5
102.9539,3799.4
102.9791,3481.9
103.0043,3300.6
103.0296,3607.1
103.0548,3324.7
103.0800,3399.7
103.1053,3203.2
103.1305,3254.3
103.1557,3550.2
103.1810,3419.8
103.2067,852.0
103.2320,3080.4
103.2576,3659.7
103.2828,3599.9
103.3080,3519.0
103.3332,3575.7
103.3585,3455.5
103.3836,3397.2
103.4089,3241.7
103.4341,3285.0
103.4594,3444.7
103.4846,3262.8
103.5098,3322.1
103.5351,3097.8
103.5603,3631.0
103.5857,185.1
103.6112,3289.0
103.6368,3429.0
103.6620,2954.1
103.6873,3157.2
103.7125,3257.3
103.7377,2974.4
103.7630,3121.9
103.7882,3148.6
103.8135,3460.7
103.8387,3369.0
103.8643,2789.9
103.8895,687.3
103.9148,3575.3
103.9399,3327.7
103.9652,3352.4
103.9904,3508.1
104.0156,3619.3
104.0408,2976.8
104.0661,3611.2
104.0917,2985.6
104.1169,3435.5
104.1421,2793.9
104.1673,3039.0
104.1925,3134.0
104.2195,480.8
104.2447,3134.2
104.2700,3246.2
104.2953,2641.6
104.3206,3443.5
104.3458,2884.4
104.3710,3410.3
104.3962,3259.1
104.4214,3408.1
104.4466,3298.8
104.4719,3738.1
104.4971,3322.1
104.5223,363.8
104.5475,3502.6
104.5728,3225.0
104.5980,3512.1
104.6232,3472.7
104.6484,3602.8
104.6737,3265.3
104.6989,3485.6
104.7241,3255.1
104.7494,3248.1
104.7745,3341.2
104.7997,3381.5
104.8250,3425.0
104.8502,3475.9
104.8754,3690.6
104.9007,783.4
104.9260,3159.2
104.9512,3816.6
104.9764,3483.2
105.0016,3406.3
105.0268,3664.3
105.0520,3571.1
105.0772,3339.1
105.1024,3456.2
105.1277,3606.0
105.1529,3418.8
105.1787,3421.8
105.2039,3598.1
105.2291,3364.6
105.2543,2809.9
105.2805,2105.3
105.3057,1680.4
105.3309,2716.5
105.3562,3190.2
105.3814,3497.3
105.4066,2855.9
105.4318,2742.2
105.4571,3356.8
105.4823,3367.1
105.5076,3271.8
105.5328,3269.5
105.5580,3556.4
105.5832,3391.7
105.6094,2162.9
105.6347,1837.6
105.6599,3574.1
105.6851,3475.8
105.7103,3541.6
105.7356,3355.9
105.7608,3289.9
105.7860,3198.1
105.8113,3010.0
105.8365,3214.7
105.8617,3251.0
105.8869,3453.2
105.9122,2960.2
105.9379,2080.4
105.9631,1319.6
105.9884,3319.8
106.0138,3625.8
106.0390,3089.0
106.0643,2401.1
106.0895,3495.6
106.1148,3186.6
106.1400,2873.4
106.1652,3311.0
106.1904,3296.9
106.2157,3092.0
106.2419,2176.9
106.2671,1705.4
106.2923,3331.6
106.3176,3396.7
106.3428,3423.1
106.3680,3628.4
106.3932,3386.5
106.4185,2956.8
106.4437,3220.4
106.4689,3376.6
106.4941,3338.4
106.5193,3444.5
106.5446,3380.9
106.5698,3477.3
106.5960,1322.1
106.6216,2392.3
106.6468,3636.9
106.6720,2940.3
106.6974,3012.6
106.7226,3366.4
106.7478,3591.4
106.7730,2876.0
106.7982,2871.0
106.8234,2536.8
106.8486,3536.0
106.8739,2991.4
106.9000,1401.3
106.9253,2582.1
106.9505,3373.8
106.9757,3724.6
107.0010,3358.0
107.0262,3400.3
107.0514,3329.2
107.0766,3250.4
107.1018,3312.7
107.1270,3318.8
107.1523,3266.9
107.1775,3502.7
107.2027,3186.2
107.2279,3449.1
107.2532,3599.1
107.2795,363.8
107.3047,3628.8
107.3299,3326.7
107.3551,3454.9
107.3803,3521.7
107.4055,3376.6
107.4307,3359.9
107.4560,3353.0
107.4812,3607.2
107.5064,3412.5
107.5316,3650.9
107.5569,3232.0
107.5821,3395.7
107.6073,3483.8
107.6325,3052.8
107.6577,697.6
107.6830,3220.5
107.7082,3150.7
107.7334,3565.9
107.7586,2891.8
107.7838,3512.5
107.8096,2675.8
107.8348,2748.9
107.8600,3268.3
107.8853,3267.5
107.9105,3413.2
107.9357,3363.5
107.9613,2981.7
107.9865,487.5
108.0117,3670.6
108.0369,3582.1
108.0621,3428.4
108.0873,3343.0
108.1126,3240.2
108.1378,3440.9
108.1633,3234.9
108.1885,3321.9
108.2137,3253.1
108.2389,3385.3
108.2642,3351.9
108.2894,3430.0
108.3146,3307.6
108.3409,1507.2
108.3661,2306.4
108.3917,3041.4
108.4170,3345.4
108.4422,3474.3
108.4674,3344.5
108.4928,3127.4
108.5180,3368.9
108.5432,3297.3
108.5684,3219.9
108.5937,3181.8
108.6189,3312.0
108.6446,3096.1
108.6698,671.9
108.6950,3623.4
108.7206,3064.6
108.7458,3766.1
108.7710,3368.5
108.7963,3467.9
108.8215,3471.1
108.8467,3070.8
108.8719,3219.6
108.8972,3162.4
108.9226,3262.2
108.9478,3567.6
108.9730,3359.7
108.9983,2644.8
109.0243,3336.4
109.0495,447.9
109.0748,3630.6
109.1001,3460.6
109.1253,3545.3
109.1505,3566.3
109.1757,3509.3
109.2010,3217.9
109.2262,3372.8
109.2515,3503.1
109.2767,3368.8
109.3019,3573.8
109.3272,3146.2
109.3524,3360.9
109.3776,3700.0
109.4033,1891.6
109.4285,1923.6
109.4541,3371.7
109.4793,2939.9
109.5046,3335.2
109.5301,3089.2
109.5553,3680.9
109.5805,3225.9
109.6057,3192.5
109.6309,3010.1
109.6561,3292.3
109.6814,3343.2
109.7066,3472.6
109.7328,1079.3
109.7581,2961.7
109.7833,3291.8
109.8086,3646.0
109.8338,3064.1
109.8590,3337.0
109.8843,2889.6
109.9095,3421.3
109.9347,2548.3
109.9599,3179.7
109.9851,3038.0
110.0104,3194.2
110.0366,2679.9
110.0618,1375.5
110.0870,3390.7
110.1122,3389.6
110.1379,3514.1
110.1635,3344.5
110.1887,3458.1
110.2139,3447.2
110.2392,3327.0
110.2644,3367.5
110.2896,3206.3
110.3148,3411.2
110.3400,3307.7
110.3652,3486.4
110.3914,2323.3
110.4166,1272.9
110.4418,3230.8
110.4670,3404.9
110.4926,3410.4
110.5178,3587.0
110.5430,3515.7
110.5682,3194.0
110.5934,3161.9
110.6187,3378.1
110.6439,3274.9
110.6692,3291.1
110.6944,3148.6
110.7196,3094.2
110.7449,460.8
110.7701,3943.0
110.7953,3043.3
110.8205,3098.8
110.8458,2737.7
110.8712,3354.5
110.8965,3139.0
110.9217,3292.1
110.9471,3069.0
110.9723,3446.9
110.9975,3293.3
111.0238,2981.4
111.0490,908.0
111.0743,3248.5
111.0995,3373.3
111.1246,3651.9
111.1499,3554.2
111.1751,3731.3
111.2003,3362.0
111.2259,3220.3
111.2511,3178.1
111.2764,3113.3
111.3016,3163.5
111.3268,3215.8
111.3524,3009.8
111.3786,1450.8
111.4039,2676.1
111.4291,3722.0
111.4544,2961.8
111.4796,3281.4
111.5048,3093.5
111.5300,3282.3
111.5553,3488.2
111.5805,3351.6
111.6057,3386.6
111.6310,3294.9
111.6562,3435.0
111.6814,2701.7
111.7066,3691.5
111.7326,350.0
111.7581,3400.1
111.7833,3561.6
111.8085,3563.4
111.8338,3159.2
111.8590,3540.1
111.8842,3471.4
111.9095,2807.6
111.9347,3384.9
111.9599,3669.4
111.9851,3497.3
112.0103,3632.8
112.0355,3488.6
112.0607,3235.6
112.0859,472.8
112.1111,3579.6
112.1363,3460.1
112.1615,3367.7
112.1868,3267.9
112.2120,3172.9
112.2372,2907.0
112.2624,3284.8
112.2876,3503.4
112.3129,2905.5
112.3381,2923.2
112.3633,3534.8
112.3894,2081.0
112.4147,1418.8
112.4399,3277.0
112.4652,3407.4
112.4904,3241.9
112.5156,3328.6
112.5408,2880.4
112.5659,3158.9
112.5911,3244.8
112.6165,3539.2
112.6418,3327.8
112.6670,3328.4
112.6922,3417.5
112.7174,3538.0
112.7426,342.8
112.7679,3667.5
112.7931,3467.6
112.8183,3198.3
112.8435,3324.4
112.8687,3163.8
112.8939,3171.4
112.9191,3186.2
112.9443,3344.7
112.9695,3048.6
112.9948,3216.3
113.0200,3366.6
113.0452,3472.9
113.0708,1101.6
113.0960,2631.1
113.1217,3591.1
113.1470,3596.4
113.1722,3289.6
113.1974,3408.5
113.2230,2963.5
113.2482,3045.4
113.2734,2909.6
113.2986,3458.7
113.3239,3154.1
113.3491,3456.5
113.3743,2817.5
113.3995,3235.1
113.4247,406.7
113.4499,3666.2
113.4752,3365.5
113.5003,3419.3
113.5256,3504.9
113.5508,3396.3
113.5759,3648.9
113.6011,3146.3
113.6263,3527.0
113.6520,3271.6
113.6772,3157.9
113.7032,3349.3
113.7284,3549.7
113.7537,3426.0
113.7794,1345.0
113.8047,2755.0
113.8299,3259.3
113.8551,3126.9
113.8804,3115.5
113.9056,3080.5
113.9309,3299.3
113.9561,2944.5
113.9813,3508.6
114.0065,2932.9
114.0317,2919.8
114.0570,3275.7
114.0822,404.5
114.1074,3405.2
114.1327,3503.1
114.1579,3633.5
114.1832,3434.3
114.2084,3260.8
114.2336,3323.1
114.2589,3175.6
114.2841,3258.9
114.3093,3300.2
114.3345,3584.0
114.3598,3395.2
114.3850,3425.8
114.4102,3644.4
114.4358,266.6
114.4610,3720.4
114.4862,3397.6
114.5117,3517.6
114.5372,3395.5
114.5624,3484.9
114.5876,3225.1
114.6128,3304.6
114.6381,3310.5
114.6633,3312.2
114.6885,3049.5
114.7137,3373.9
114.7390,3310.7
114.7642,3353.0
114.7894,201.5
114.8149,3647.9
114.8401,3467.7
114.8654,3056.1
114.8906,3317.5
114.9158,3491.6
114.9413,3118.0
114.9670,3573.9
114.9922,3209.1
115.0174,3333.4
115.0426,3251.9
115.0682,3373.3
115.0938,1934.3
115.1191,1745.6
115.1443,3167.4
115.1695,3265.5
115.1947,3286.0
115.2200,3299.4
115.2452,3303.3
115.2704,3311.9
115.2956,3026.9
115.3208,3131.2
115.3461,3128.6
115.3713,3246.1
115.3965,3356.1
115.4221,1218.6
115.4473,2688.9
115.4725,3646.6
115.4977,3171.3
115.5229,3538.3
115.5486,3182.5
115.5738,3305.9
115.5991,3295.7
115.6243,3228.0
115.6495,3361.2
115.6747,3074.0
115.6999,3199.3
115.7260,2720.5
115.7513,659.4
115.7765,3202.5
115.8017,3276.9
115.8269,3198.6
115.8521,3353.9
115.8774,2889.2
115.9029,2919.2
115.9281,3253.9
115.9533,3270.6
115.9785,3360.6
116.0037,3257.8
116.0289,3463.9
116.0545,2028.9
116.0797,2096.9
116.1049,3357.3
116.1301,2962.1
116.1553,3357.9
116.1805,3329.1
116.2057,3333.2
116.2310,3203.4
116.2562,3199.4
116.2814,3254.7
116.3066,3207.2
116.3318,3249.1
116.3570,3481.2
116.3831,2891.9
116.4083,986.8
116.4335,3404.3
116.4587,3437.9
116.4840,3327.7
116.5092,3458.0
116.5344,2913.0
116.5596,3154.6
116.5849,3201.2
116.6101,2563.2
116.6353,3226.5
116.6616,2386.8
116.6868,976.5
116.7119,3527.9
116.7372,3398.4
116.7625,3185.5
116.7880,3319.8
116.8132,3543.1
116.8384,3644.5
116.8637,3243.4
116.8889,3247.7
116.9141,3479.3
116.9394,3460.6
116.9646,3252.2
116.9898,3356.8
117.0150,3523.6
117.0402,406.9
117.0654,3569.4
117.0907,3476.9
117.1159,3394.4
117.1412,3560.5
117.1664,3511.2
117.1920,3035.6
117.2172,3292.5
117.2424,3506.4
117.2677,3291.8
117.2933,3419.3
117.3186,3506.4
117.3438,3424.6
117.3695,2681.2
117.3947,785.5
117.4200,3690.0
117.4452,3333.0
117.4704,3446.2
117.4956,3518.1
117.5208,3532.8
117.5461,3506.4
117.5716,3388.8
117.5968,3006.6
117.6221,3279.9
117.6473,3111.2
117.6725,3444.5
117.6977,3338.9
117.7229,3406.0
117.7492,873.9
117.7745,3053.2
117.7997,3350.4
117.8249,3712.2
117.8501,3431.2
117.8753,3360.4
117.9006,3278.4
117.9258,3154.5
117.9511,3388.4
117.9763,3444.7
118.0015,3359.4
118.0267,3555.6
118.0520,3446.1
118.0776,3499.8
118.1033,2700.1
118.1285,1046.2
118.1537,3386.8
118.1789,3666.4
118.2042,3472.7
118.2294,3476.8
118.2546,3584.7
118.2798,3205.8
118.3050,3413.6
118.3303,3241.6
118.3561,3476.8
118.3814,3062.1
118.4066,3418.3
118.4318,3641.4
118.4570,3371.1
118.4827,1681.7
118.5079,2277.3
118.5331,3487.7
118.5583,3438.8
118.5839,3620.6
118.6091,3441.0
118.6343,3500.4
118.6596,3327.5
118.6848,3224.5
118.7100,3589.7
118.7353,3368.9
118.7605,3397.1
118.7857,3405.3
118.8109,3665.4
118.8361,3634.1
118.8620,1285.5
118.8872,2836.8
118.9124,3488.0
118.9377,3263.5
118.9629,3468.9
118.9881,3022.2
119.0133,3308.1
119.0385,3344.6
119.0638,3091.4
119.0890,2849.5
119.1142,3207.3
119.1394,2846.1
119.1652,2147.6
119.1904,1917.1
119.2156,3010.3
119.2408,3635.0
119.2660,2944.4
119.2912,3464.1
119.3164,3430.5
119.3416,3144.3
119.3668,3652.6
119.3921,2895.7
119.4175,3297.1
119.4428,3230.1
119.4680,3346.8
119.4932,3630.3
119.5184,478.7
119.5437,3574.9
119.5689,3270.8
119.5941,3337.3
119.6193,3277.4
119.6446,3076.6
119.6698,3012.8
119.6953,2950.6
119.7206,3151.5
119.7458,3218.1
119.7710,3379.8
119.7962,3110.9
119.8227,1092.8
119.8480,2626.9
119.8732,3570.6
119.8984,3452.7
119.9236,2947.9
119.9488,3296.9
119.9740,3331.2
119.9993,3230.3
120.0245,3453.5
120.0497,3462.0
120.0749,3307.3
120.1002,3142.6
120.1254,3364.1
120.1506,3652.4
120.1762,2204.6
120.2014,1608.3
120.2267,3465.2
120.2519,3662.1
120.2771,3439.2
120.3023,3197.6
120.3275,3301.9
120.3528,3482.3
120.3780,3072.3
120.4032,3058.4
120.4285,3098.7
120.4537,3121.3
120.4789,3103.2
120.5042,2836.5
120.5299,803.2
120.5551,2919.9
120.5803,2616.4
120.6058,2899.9
120.6311,2731.2
120.6563,3194.3
120.6816,3218.7
120.7068,3309.2
120.7320,3061.3
120.7572,3287.1
120.7825,3342.9
120.8088,926.1
120.8340,3098.6
120.8596,3663.8
120.8849,3446.0
120.9101,3402.2
120.9353,3396.4
120.9605,3364.8
120.9857,3056.5
121.0109,3329.3
121.0361,3110.1
121.0613,3560.5
121.0866,3201.9
121.1118,3345.3
121.1370,3360.1
121.1630,925.3
121.1882,2688.4
121.2134,3160.1
121.2387,3208.0
121.2639,2993.2
121.2891,3132.2
121.3143,3363.4
121.3398,3248.8
121.3650,3558.1
121.3903,3356.7
121.4155,3391.2
121.4407,3376.1
121.4659,3480.5
121.4921,1162.5
121.5173,2874.6
121.5425,3123.7
121.5678,3358.0
121.5930,3337.9
121.6182,3191.0
121.6434,2951.0
121.6686,2742.4
121.6938,3225.0
121.7190,3005.0
121.7442,3181.3
121.7695,2929.4
121.7958,356.9
121.8210,3526.1
121.8463,3382.9
121.8715,3198.5
121.8967,3523.6
121.9220,3082.4
121.9472,3258.7
121.9724,3383.1
121.9976,3171.4
122.0231,3402.0
122.0483,3160.3
122.0735,3424.9
122.0988,2726.1
122.1249,2918.7
122.1501,1008.5
122.1754,3284.9
122.2006,3358.6
122.2258,2911.5
122.2510,3187.7
122.2763,3002.1
122.3015,3070.9
122.3267,2805.6
122.3520,3357.2
122.3772,3206.4
122.4024,3466.5
122.4276,3541.3
122.4528,242.9
122.4780,3602.3
122.5033,3347.1
122.5285,3460.1
122.5537,3362.2
122.5790,3422.4
122.6042,3475.9
122.6294,3307.1
122.6546,3095.1
122.6799,3226.1
122.7051,2984.1
122.7306,3245.1
122.7559,3454.2
122.7815,1851.6
122.8067,1682.4
122.8319,3252.6
122.8571,3309.7
122.8823,3574.0
122.9076,3360.4
122.9327,2721.9
122.9580,3547.5
122.9835,3306.8
123.0088,3512.1
123.0340,3372.0
123.0592,3615.7
123.0845,3204.4
123.1106,2789.1
123.1358,944.9
123.1611,3492.1
123.1863,3411.3
123.2115,3462.1
123.2371,3521.7
123.2623,3242.7
123.2876,3495.6
123.3128,3293.3
123.3380,3332.1
123.3633,3514.1
123.3885,3210.4
123.4137,3498.4
123.4389,3272.0
123.4651,1909.2
123.4903,1473.9
123.5159,2986.3
123.5411,3037.2
123.5663,2626.3
123.5916,3098.8
123.6168,3000.9
123.6420,3192.1
123.6674,3011.4
123.6927,3382.3
123.7180,3323.2
123.7437,2635.7
123.7689,1314.1
123.7941,3412.9
123.8193,3703.9
123.8445,3487.5
123.8698,3365.5
123.8951,3800.8
123.9203,3469.2
123.9459,3287.0
123.9711,3375.4
123.9963,3282.7
124.0215,3607.0
124.0467,3428.4
124.0720,3500.9
124.0972,3560.1
124.1224,3402.7
124.1486,1616.9
124.1740,2355.9
124.1993,3680.6
124.2245,3450.4
124.2497,3674.5
124.2749,3462.6
124.3001,3745.7
124.3254,3313.6
124.3512,3519.6
124.3764,3552.3
124.4016,3386.9
124.4269,2980.3
124.4521,3075.9
124.4773,3151.5
124.5026,3396.5
124.5288,1307.2
124.5541,2394.4
124.5793,3631.4
124.6045,3346.9
124.6297,3232.5
124.6550,3242.6
124.6802,3148.7
124.7054,2865.2
124.7306,3375.0
124.7559,3283.6
124.7811,3189.3
124.8063,3270.6
124.8315,3567.1
124.8577,2354.6
124.8830,1742.2
124.9082,3248.3
124.9334,3396.2
124.9588,3373.5
124.9840,2871.4
125.0092,3453.7
125.0344,3275.2
125.0596,3255.6
125.0849,2669.2
125.1101,3072.6
125.1353,3269.1
125.1605,3206.9
125.1860,3331.2
125.2121,1444.1
125.2373,2633.4
125.2626,3249.2
125.2878,3297.0
125.3130,3318.7
125.3382,2941.6
125.3634,3380.1
125.3887,2945.2
125.4139,3261.2
125.4391,3569.4
125.4644,3261.2
125.4896,3160.1
125.5148,3361.7
125.5404,2172.5
125.5656,1620.1
125.5908,3341.5
125.6160,3313.1
125.6413,3393.7
125.6665,3291.9
125.6917,3179.8
125.7170,3362.6
125.7422,3296.2
125.7674,3413.9
125.7926,3398.9
125.8179,3247.0
125.8431,3310.3
125.8683,3156.7
125.8934,856.3
125.9187,3435.5
125.9439,3272.6
125.9691,3402.9
125.9947,3329.3
126.0199,3526.5
126.0451,3392.0
126.0703,3399.1
126.0955,3257.3
126.1207,3493.0
126.1460,3271.1
126.1712,3029.7
126.1964,3409.4
126.2216,1847.1
126.2479,387.7
126.2732,3515.7
126.2984,2964.4
126.3236,3229.1
126.3488,2921.4
126.3744,3092.7
126.3996,3126.5
126.4248,2864.7
126.4500,3299.3
126.4752,3270.2
126.5005,3293.5
126.5257,3406.9
126.5520,941.7
126.5773,3020.8
126.6025,3555.2
126.6277,3431.8
126.6530,3243.0
126.6783,3504.2
126.7035,3535.0
126.7288,3424.4
126.7540,3265.4
126.7792,3286.6
126.8046,3289.5
126.8298,3567.4
126.8551,3240.8
126.8803,3311.4
126.9065,3309.3
126.9317,853.6
126.9569,3754.3
126.9822,3277.9
127.0074,3414.5
127.0327,3507.0
127.0579,3361.4
127.0831,3617.8
127.1083,3310.3
127.1336,3387.9
127.1588,3299.9
127.1840,3401.8
127.2096,2941.2
127.2348,3267.2
127.2605,1791.8
127.2857,1800.2
127.3109,3434.9
127.3362,3445.2
127.3614,3257.6
127.3866,3449.3
127.4123,3327.8
127.4376,3239.1
127.4628,3434.9
127.4880,3368.4
127.5132,3628.8
127.5384,3341.9
127.5637,3341.8
127.5889,3337.7
127.6151,2520.4
127.6403,1564.2
127.6655,3593.8
127.6907,3245.7
127.7163,3504.8
127.7415,3443.9
127.7667,3415.3
127.7920,3359.4
127.8173,3310.4
127.8426,3492.4
127.8678,3489.2
127.8930,3539.8
127.9183,3407.6
127.9435,3761.4
127.9688,3463.6
127.9944,2752.3
128.0196,1153.0
128.0448,3542.7
128.0703,3362.2
128.0955,3543.2
128.1208,2939.7
128.1460,3362.1
128.1712,3560.9
128.1964,3570.0
128.2216,3322.9
128.2469,3062.2
128.2721,3028.4
128.2973,3234.0
128.3226,3655.7
128.3488,1399.8
128.3740,2314.8
128.3992,3059.5
128.4244,3297.7
128.4496,3395.0
128.4749,3486.4
128.5001,3589.3
128.5257,3226.3
128.5510,3256.7
128.5762,3623.9
128.6014,3361.6
128.6267,3011.0
128.6520,3121.6
128.6777,1254.9
128.7032,2127.6
128.7284,3331.6
128.7536,3390.4
128.7787,3050.1
128.8040,3287.1
128.8292,3490.6
128.8544,3642.8
128.8796,3433.7
128.9048,3342.3
128.9300,3507.2
128.9552,3708.9
128.9805,3417.7
129.0057,3383.5
129.0315,826.9
129.0568,3192.5
129.0820,3412.0
129.1072,3389.2
129.1325,3432.5
129.1577,3640.0
129.1829,2740.7
129.2083,2966.8
129.2335,3213.3
129.2587,3722.0
129.2839,3308.2
129.3091,3507.2
129.3347,3256.2
129.3599,3642.4
129.3852,767.6
129.4104,3166.2
129.4356,3284.0
129.4609,3387.1
129.4861,3484.9
129.5114,3336.1
129.5366,3327.7
129.5618,3316.2
129.5870,3579.6
129.6122,3286.2
129.6375,3409.6
129.6626,2906.7
129.6878,3043.3
129.7140,2474.5
129.7392,935.8
129.7644,3172.7
129.7897,3572.8
129.8149,3269.8
129.8402,2952.6
129.8654,3182.6
129.8906,2841.1
129.9158,3195.5
129.9411,3235.6
129.9666,3303.6
129.9918,3532.6
130.0170,3212.7
130.0432,2892.5
130.0684,1012.9
130.0937,3488.5
130.1189,3272.0
130.1441,3249.1
130.1693,3486.8
130.1947,3414.5
130.2199,3715.4
130.2451,3481.9
130.2703,3363.7
130.2955,3545.6
130.3208,3417.5
130.3460,3180.6
130.3712,3324.6
130.3976,2275.1
130.4228,1553.8
130.4480,3308.7
130.4732,3342.0
130.4984,3334.1
130.5236,3209.6
130.5489,3374.8
130.5741,2611.9
130.5993,2856.5
130.6246,2799.3
130.6498,3560.7
130.6750,3248.3
130.7002,3477.5
130.7264,1024.2
130.7517,3251.0
130.7769,3488.5
130.8021,3655.9
130.8274,3558.8
130.8531,3595.3
130.8784,3588.0
130.9036,3389.7
130.9288,3715.9
130.9540,3252.0
130.9792,3327.6
131.0044,3383.4
131.0297,3566.3
131.0549,3376.4
131.0804,3466.5
131.1056,3611.8
131.1319,963.4
131.1571,3007.5
131.1824,3718.0
131.2076,3449.4
131.2328,3563.5
131.2582,3466.9
131.2834,3505.6
131.3090,3602.9
131.3342,3556.0
131.3595,3493.6
131.3847,3173.8
131.4099,3396.4
131.4352,3464.4
131.4604,3604.0
131.4856,3238.2
131.5108,2775.0
131.5370,3201.8
131.5623,633.5
131.5874,3671.4
131.6126,3515.0
131.6379,3608.3
131.6631,3114.0
131.6883,3489.7
131.7136,3571.7
131.7388,3286.0
131.7640,3479.5
131.7893,3288.3
131.8145,3414.0
131.8397,3584.6
131.8650,3309.2
131.8902,3472.0
131.9154,2390.3
131.9408,3585.9
131.9660,578.2
131.9912,3501.2
132.0164,3309.6
132.0417,3495.2
132.0669,3583.5
132.0921,3488.4
132.1174,3567.3
132.1426,3248.7
132.1678,3447.9
132.1930,3497.1
132.2183,3387.5
132.2435,3395.0
132.2687,3053.6
132.2939,3399.4
132.3192,2429.9
132.3453,1717.6
132.3707,2423.9
132.3959,3511.8
132.4215,2934.7
132.4467,3672.5
132.4719,3510.0
132.4971,3622.1
132.5224,3474.0
132.5476,3278.6
132.5728,3245.3
132.5980,3289.8
132.6232,3319.5
132.6484,3173.7
132.6736,2473.5
132.6993,2825.4
132.7245,932.9
132.7497,3508.0
132.7749,3440.2
132.8001,3340.3
132.8254,3841.5
132.8506,3469.0
132.8759,3370.8
132.9011,3650.3
132.9263,3345.6
132.9515,3598.4
132.9768,3218.3
133.0020,3112.8
133.0272,2865.1
133.0533,2434.1
133.0786,1358.8
133.1037,3351.5
133.1290,3003.0
133.1542,3195.3
133.1794,3034.1
133.2046,3533.6
133.2306,2690.3
133.2558,3513.6
133.2810,3044.8
133.3063,3435.4
133.3317,3463.4
133.3569,1881.8
133.3821,3316.0
133.4085,1012.3
133.4338,2728.7
133.4590,3520.2
133.4842,3133.0
133.5095,3672.0
133.5347,3227.4
133.5600,3186.5
133.5852,3536.4
133.6104,3437.2
133.6356,3635.9
133.6609,3428.6
133.6861,3486.3
133.7113,3499.2
133.7365,3178.7
133.7627,2150.2
133.7879,1644.3
133.8131,3488.9
133.8383,3620.1
133.8635,3455.7
133.8888,3466.4
133.9140,3611.0
133.9392,3336.8
133.9648,3527.9
133.9900,3650.3
134.0152,3315.1
134.0404,3590.3
134.0657,3427.1
134.0910,3213.0
134.1162,3569.7
134.1414,3087.7
134.1672,804.5
134.1924,3192.0
134.2176,3686.1
134.2431,2982.8
134.2684,3160.6
134.2937,3172.9
134.3189,3137.0
134.3441,2794.2
134.3693,3262.8
134.3946,3084.5
134.4198,3258.2
134.4450,3328.4
134.4707,2047.5
134.4963,1664.3
134.5220,3429.6
134.5472,3508.5
134.5724,3482.8
134.5977,3490.4
134.6230,3562.6
134.6482,3437.7
134.6734,3269.3
134.6987,3300.2
134.7239,3247.3
134.7491,3074.0
134.7743,3096.8
134.7996,2916.1
134.8253,338.9
134.8505,3401.7
134.8758,3376.7
134.9010,3425.4
134.9262,3097.3
134.9514,3315.5
134.9767,3464.0
135.0019,3632.0
135.0271,3397.3
135.0524,3415.7
135.0776,3483.8
135.1028,3272.4
135.1281,3619.5
135.1539,1538.5
135.1791,2384.4
135.2043,3331.7
135.2295,3009.0
135.2550,3411.1
135.2803,3454.4
135.3055,3437.9
135.3307,3320.5
135.3559,3176.9
135.3811,3375.8
135.4063,3678.2
135.4316,3421.4
135.4568,3404.7
135.4823,1586.3
135.5075,3597.3
135.5340,424.5
135.5593,3670.0
135.5845,3455.1
135.6097,3527.1
135.6353,3428.0
135.6604,3634.7
135.6856,3565.7
135.7109,3366.7
135.7361,3186.7
135.7613,3463.4
135.7865,2871.8
135.8117,3362.0
135.8369,3273.0
135.8626,2049.9
135.8878,1705.0
135.9130,3456.9
135.9383,3424.6
135.9639,3528.7
135.9891,3232.8
136.0147,3574.8
136.0400,3118.6
136.0652,3311.3
136.0904,3335.3
136.1157,3255.0
136.1409,3268.4
136.1661,3332.5
136.1916,1786.5
136.2179,1930.2
136.2432,1959.6
136.2684,3568.9
136.2936,3331.0
136.3188,3379.4
136.3440,3617.0
136.3693,3365.0
136.3945,3520.3
136.4199,3457.4
136.4452,3504.8
136.4704,3394.6
136.4956,3411.0
136.5208,3337.2
136.5460,3327.3
136.5712,2228.1
136.5975,1142.7
136.6227,2818.9
136.6480,3675.9
136.6731,3480.4
136.6983,3244.4
136.7235,2905.2
136.7487,3285.7
136.7740,3196.3
136.7995,3044.9
136.8247,3081.6
136.8499,3375.8
136.8751,3399.2
136.9004,3381.1
136.9262,1700.0
136.9514,2492.0
136.9766,3674.4
137.0019,3476.7
137.0271,3688.4
137.0523,3493.7
137.0776,3493.1
137.1028,3358.3
137.1280,3152.6
137.1532,3473.3
137.1784,3089.4
137.2037,3352.4
137.2289,3293.0
137.2541,3450.2
137.2794,3417.3
137.3050,1483.7
137.3303,2411.1
137.3555,3707.4
137.3807,3371.1
137.4060,2951.2
137.4312,3328.5
137.4564,3226.7
137.4816,3422.5
137.5069,3320.9
137.5321,2982.2
137.5573,3312.9
137.5825,3520.2
137.6078,2394.1
137.6340,1984.4
137.6592,1734.2
137.6844,2883.9
137.7097,3200.3
137.7349,3579.3
137.7601,3368.3
137.7853,3211.2
137.8105,3439.6
137.8357,2963.7
137.8609,3301.3
137.8861,3211.7
137.9113,3058.6
137.9365,3213.5
137.9627,1235.0
137.9880,2857.8
138.0135,3445.2
138.0387,3349.6
138.0640,3511.7
138.0892,3456.2
138.1144,3271.1
138.1397,3031.6
138.1649,3385.4
138.1901,3327.6
138.2156,3218.5
138.2408,3492.7
138.2660,2427.2
138.2918,2243.2
138.3171,1469.3
138.3423,3127.1
138.3675,3471.9
138.3927,3577.6
138.4180,3456.8
138.4432,3396.8
138.4685,3706.1
138.4937,3432.0
138.5189,3314.7
138.5441,3387.2
138.5693,3231.1
138.5946,3296.2
138.6198,3404.3
138.6451,3245.1
138.6703,296.4
138.6955,3236.5
138.7207,3340.7
138.7460,3172.5
138.7712,3227.3
138.7966,3565.5
138.8218,3421.5
138.8470,3452.5
138.8722,3594.4
138.8974,3468.1
138.9227,3124.3
138.9479,3295.3
138.9731,3282.5
138.9983,2640.0
139.0235,3611.5
139.0503,586.8
139.0759,3342.3
139.1011,3174.7
139.1263,3050.3
139.1516,3392.7
139.1768,3378.5
139.2020,3325.3
139.2272,2864.9
139.2524,3323.6
139.2776,3404.5
139.3028,3547.7
139.3280,3373.9
139.3542,3010.3
139.3794,631.8
139.4046,3144.7
139.4298,3316.0
139.4551,3528.6
139.4803,2962.7
139.5055,3450.5
139.5307,3259.0
139.5560,3339.5
139.5813,3264.9
139.6070,3245.1
139.6322,3225.8
139.6574,3645.4
139.6826,3409.2
139.7083,3574.3
139.7335,411.5
139.7587,3636.2
139.7840,3352.5
139.8092,3304.1
139.8344,3432.7
139.8597,3685.9
139.8849,3440.4
139.9101,3347.4
139.9353,3239.5
139.9606,3575.5
139.9858,3337.8
140.0110,3389.6
140.0362,3714.9
140.0614,3054.8
140.0876,1886.9
140.1128,2171.5
140.1381,3476.3
140.1635,3574.6
140.1887,3739.1
140.2140,3376.9
140.2395,3513.8
140.2647,3595.1
140.2900,3401.3
140.3152,3494.7
140.3404,3319.5
140.3656,3280.7
140.3908,3279.5
140.4161,3328.8
140.4413,3482.5
140.4675,1252.8
140.4928,2614.9
140.5180,3622.3
140.5432,2972.2
140.5686,2932.0
140.5939,3060.9
140.6191,2435.1
140.6443,3292.0
140.6695,2822.0
140.6950,3423.2
140.7202,3246.8
140.7455,3609.1
140.7707,216.0
140.7960,3393.6
140.8212,3668.7
140.8464,3465.7
140.8716,3427.9
140.8969,3722.6
140.9221,3479.9
140.9473,3346.2
140.9725,3522.1
140.9977,3316.0
141.0232,3361.3
141.0485,3490.9
141.0737,3218.1
141.0992,3404.5
141.1244,3489.5
141.1508,424.3
141.1760,3607.2
141.2013,2890.9
141.2265,3383.1
141.2517,3537.7
141.2770,3432.2
141.3022,3404.6
141.3274,3566.0
141.3526,3298.7
141.3778,3105.7
141.4031,3255.0
141.4283,3402.8
141.4540,2190.8
141.4792,1175.4
141.5046,3329.0
141.5298,3300.1
141.5551,3113.6
141.5803,3362.2
141.6055,3199.0
141.6307,3594.6
141.6560,3370.3
141.6812,3434.0
141.7064,3552.0
141.7316,3535.2
141.7569,3337.0
141.7821,3386.6
141.8073,3517.8
141.8330,1542.4
141.8582,2081.3
141.8835,3650.1
141.9087,3334.3
141.9339,3427.0
141.9592,3664.5
141.9844,3339.6
142.0096,3646.4
142.0348,3583.9
142.0601,3729.3
142.0853,3440.8
142.1105,3709.4
142.1357,3539.9
142.1609,3697.4
142.1862,3424.0
142.2119,3393.5
142.2371,286.0
142.2623,3606.4
142.2876,3269.7
142.3128,3592.8
142.3380,3442.9
142.3632,3447.3
142.3885,3495.5
142.4137,3502.7
142.4389,3595.8
142.4641,3478.1
142.4893,3711.9
142.5145,3447.6
142.5398,3428.6
142.5650,3640.0
142.5902,3472.6
142.6154,3501.5
142.6407,459.3
142.6659,3623.2
142.6911,2966.7
142.7164,3546.9
142.7416,3293.9
142.7668,3561.3
142.7920,3509.1
142.8172,2868.2
142.8425,3097.9
142.8679,3185.3
142.8934,3378.2
142.9187,3431.6
142.9439,3113.7
142.9691,3204.3
142.9949,2313.8
143.0201,1227.6
143.0454,3567.3
143.0706,3346.9
143.0959,3368.5
143.1211,3170.1
143.1463,3203.4
143.1716,2963.3
143.1968,3324.8
143.2220,3084.9
143.2472,3002.5
143.2725,3560.7
143.2977,3088.3
143.3230,2694.4
143.3486,1587.8
143.3740,2001.0
143.3992,3383.5
143.4244,3056.1
143.4497,3339.8
143.4749,3206.6
143.5002,3196.5
143.5254,3223.3
143.5506,2810.5
143.5758,3483.1
143.6011,2799.3
143.6268,2870.9
143.6520,543.1
143.6772,3656.3
143.7024,3514.1
143.7277,3728.5
143.7529,3451.9
143.7781,3474.5
143.8037,3559.2
143.8289,3596.6
143.8541,3356.7
143.8793,3380.9
143.9046,3330.7
143.9298,3450.5
143.9550,3320.1
143.9804,3010.8
144.0061,2202.6
144.0314,1656.7
144.0566,3740.5
144.0819,3763.5
144.1071,3628.9
144.1323,3649.3
144.1575,3528.8
144.1827,3629.5
144.2080,3086.8
144.2332,3291.0
144.2584,3639.6
144.2836,2935.9
144.3089,3396.8
144.3341,3183.5
144.3593,3446.0
144.3851,2072.4
144.4103,2027.4
144.4355,2947.9
144.4608,3093.8
144.4860,2804.6
144.5112,3190.1
144.5364,2912.7
144.5617,3095.5
144.5869,3603.2
144.6121,3264.3
144.6373,3485.7
144.6626,3478.1
144.6882,3140.6
144.7135,683.9
144.7387,3417.0
144.7640,3506.1
144.7892,3295.4
144.8144,3481.2
144.8402,3334.8
144.8654,3261.2
144.8906,3210.2
144.9159,3158.5
144.9411,2870.5
144.9663,2959.6
144.9925,2775.4
145.0177,678.3
145.0429,3491.3
145.0681,2792.9
145.0934,3791.8
145.1186,3214.0
145.1438,3088.8
145.1690,3278.6
145.1942,3350.9
145.2196,3463.1
145.2448,3436.8
145.2700,2921.1
145.2952,3446.1
145.3214,2663.9
145.3466,699.8
145.3719,2872.1
145.3971,3722.5
145.4227,2996.6
145.4479,3223.8
145.4734,3442.4
145.4987,2657.5
145.5239,3184.3
145.5491,2930.4
145.5743,3350.7
145.5995,3495.6
145.6248,3332.9
145.6511,1200.6
145.6763,2764.7
145.7017,3551.7
145.7269,3236.7
145.7522,3320.9
145.7774,3453.0
145.8029,3386.6
145.8281,3271.8
145.8533,3672.5
145.8785,3229.1
145.9038,3333.0
145.9290,3484.8
145.9541,3603.9
145.9795,3467.9
146.0058,2013.9
146.0310,2024.0
146.0562,3585.5
146.0815,3463.0
146.1067,3728.7
146.1319,3646.3
146.1571,2939.0
146.1824,3502.3
146.2076,3291.7
146.2328,3512.7
146.2580,3434.1
146.2832,3595.3
146.3085,3234.6
146.3337,3432.6
146.3589,3339.5
146.3850,433.4
146.4102,3616.0
146.4354,3044.0
146.4606,3228.0
146.4859,3379.0
146.5111,3576.4
146.5363,3016.2
146.5615,2925.8
146.5868,2875.5
146.6120,3279.5
146.6371,2883.9
146.6624,3283.7
146.6885,988.1
146.7137,3075.6
146.7389,3733.8
146.7641,3605.1
146.7894,3497.3
146.8146,3686.1
146.8398,3403.6
146.8650,3477.5
146.8902,3469.3
146.9154,3838.3
146.9406,2993.3
146.9659,3225.5
146.9911,3542.7
147.0163,3590.3
147.0415,3631.3
147.0671,3217.2
147.0924,717.0
147.1176,3718.6
147.1428,2931.9
147.1680,3544.7
147.1933,3236.2
147.2185,3139.1
147.2437,3417.7
147.2690,3625.5
147.2942,3465.2
147.3194,3525.0
147.3446,3134.4
147.3701,3172.5
147.3954,3084.6
147.4206,439.9
147.4458,3359.0
147.4715,3257.4
147.4967,3121.2
147.5219,3152.7
147.5471,3403.0
147.5723,3420.1
147.5976,3168.9
147.6232,2971.2
147.6484,3218.4
147.6736,3430.7
147.6988,3425.7
147.7241,3259.6
147.7503,1837.8
147.7756,1883.9
147.8008,3560.2
147.8260,3279.5
147.8513,3502.1
147.8767,3558.4
147.9021,3339.7
147.9273,3262.5
147.9525,3093.5
147.9777,3230.6
148.0030,3487.0
148.0282,3329.6
148.0534,3512.2
148.0786,3354.7
148.1049,1455.6
148.1301,2515.8
148.1554,3273.6
148.1806,3212.2
148.2060,3586.5
148.2312,3012.7
148.2564,3209.5
148.2817,2690.9
148.3072,3389.0
148.3324,2781.0
148.3577,3054.7
148.3829,3129.5
148.4082,3668.3
148.4340,533.8
148.4592,3384.6
148.4844,3357.3
148.5097,3066.5
148.5349,3601.7
148.5601,3314.8
148.5854,3200.0
148.6106,3404.1
148.6359,3316.8
148.6611,3399.7
148.6863,3320.6
148.7116,3309.1
148.7368,3392.8
148.7620,3320.7
148.7882,855.0
148.8138,2631.3
148.8390,3547.3
148.8644,3182.0
148.8896,2885.5
148.9151,3138.3
148.9403,2742.6
148.9655,3180.9
148.9907,3201.1
149.0159,3306.9
149.0411,3446.4
149.0664,3682.9
149.0926,2170.5
149.1179,1721.8
149.1431,3588.1
149.1683,3176.8
149.1939,3374.6
149.2191,3505.2
149.2443,3052.0
149.2696,3522.0
149.2948,3243.6
149.3199,2891.9
149.3452,3126.5
149.3704,3081.9
149.3956,3297.6
149.4212,519.3
149.4465,2676.8
149.4717,3315.0
149.4969,3375.7
149.5221,3176.3
149.5473,3293.0
149.5726,3276.3
149.5978,3202.7
149.6231,3279.7
149.6483,3338.2
149.6735,3582.2
149.6987,3189.4
149.7239,3368.4
149.7491,3201.8
149.7746,711.8
149.7998,3076.2
149.8250,2731.7
149.8503,3043.3
149.8755,3107.4
149.9007,3095.7
149.9261,3362.3
149.9513,2858.6
149.9766,3276.8
150.0018,2929.4
150.0271,3281.2
150.0527,1637.7
150.0779,2076.8
150.1031,3408.7
150.1283,3668.1
150.1536,3533.6
150.1788,3476.3
150.2040,3627.8
150.2292,3397.4
150.2545,3282.9
150.2797,3259.4
150.3049,3283.0
150.3302,3322.5
150.3554,3342.4
150.3806,3353.5
150.4058,3587.5
150.4321,2572.6
150.4574,1328.7
150.4826,3439.2
150.5078,3704.3
150.5330,2839.1
150.5582,3306.1
150.5835,3059.6
150.6087,3318.5
150.6339,3303.3
150.6592,3057.1
150.6844,2966.1
150.7096,3335.2
150.7358,2859.1
150.7610,780.7
150.7862,3370.7
150.8114,3385.8
150.8367,3740.1
150.8619,3305.0
150.8871,3425.0
150.9124,3237.0
150.9376,2901.9
150.9628,3547.7
150.9881,3240.9
151.0133,3279.5
151.0385,3227.6
151.0637,2876.5
151.0901,2967.4
151.1153,913.3
151.1405,3345.3
151.1657,3574.2
151.1910,3380.3
151.2162,3357.1
151.2414,3201.3
151.2666,3206.6
151.2919,3182.1
151.3171,3098.7
151.3423,3321.1
151.3675,3476.4
151.3928,3378.3
151.4190,3331.7
151.4442,599.3
151.4694,3263.1
151.4946,3434.2
151.5198,3409.8
151.5451,3118.5
151.5703,3231.8
151.5959,2682.4
151.6211,3403.9
151.6463,2850.7
151.6716,3286.2
151.6968,2935.6
151.7220,3216.4
151.7472,185.1
151.7731,3250.3
151.7983,3329.8
151.8236,3248.7
151.8488,3059.7
151.8740,3433.6
151.8992,3301.6
151.9245,3249.8
151.9497,3248.2
151.9749,3508.1
152.0001,3389.2
152.0253,3609.4
152.0505,3419.1
152.0769,2500.9
152.1021,1535.0
152.1274,3391.9
152.1526,3647.0
152.1779,3440.5
152.2031,3393.8
152.2283,3471.1
152.2535,3497.2
152.2787,3039.3
152.3040,3383.7
152.3292,3369.1
152.3544,3281.2
152.3797,3218.0
152.4049,3145.0
152.4312,2382.8
152.4564,1349.4
152.4816,3231.6
152.5068,3356.8
152.5321,3045.1
152.5573,2796.6
152.5825,3210.4
152.6077,2892.0
152.6330,3261.7
152.6582,2969.7
152.6834,3212.0
152.7096,2453.2
152.7348,1063.7
152.7600,3456.7
152.7852,3220.7
152.8104,3418.0
152.8356,2946.0
152.8609,3335.0
152.8861,3289.4
152.9113,3348.2
152.9365,2972.5
152.9617,3438.6
152.9869,3429.6
153.0121,3340.5
153.0375,3569.3
153.0638,1813.8
153.0891,2021.6
153.1143,3241.3
153.1395,2970.0
153.1647,3444.8
153.1900,3581.1
153.2152,2662.3
153.2404,2931.3
153.2657,3366.6
153.2914,3077.3
153.3166,2803.7
153.3418,3446.2
153.3679,1524.3
153.3931,1875.5
153.4184,3419.8
153.4436,3050.7
153.4688,3518.2
153.4940,3252.1
153.5193,3419.9
153.5448,3511.2
153.5700,2932.0
153.5953,3305.3
153.6205,3296.5
153.6457,2988.4
153.6710,3385.9
153.6962,3383.5
153.7214,289.2
153.7466,3647.7
153.7719,3488.4
153.7971,3407.3
153.8223,3234.1
153.8475,3208.2
153.8727,3159.8
153.8980,3376.1
153.9232,3010.2
153.9484,3096.2
153.9736,3575.2
153.9989,3265.2
154.0241,3263.8
154.0493,449.6
154.0745,3565.8
154.0998,2831.3
154.1250,3479.8
154.1506,3311.4
154.1759,3624.2
154.2011,3080.5
154.2263,3172.0
154.2515,3130.4
154.2767,3205.6
154.3025,3227.3
154.3277,3402.1
154.3530,3561.9
154.3793,379.7
154.4045,3552.5
154.4297,3395.3
154.4549,2844.9
154.4801,3298.9
154.5054,2802.0
154.5306,3154.0
154.5558,3037.6
154.5811,3222.1
154.6063,3133.8
154.6315,3577.1
154.6567,3360.3
154.6824,1588.3
154.7076,2188.6
154.7328,3424.7
154.7580,3413.3
154.7832,3435.1
154.8085,3560.2
154.8337,3374.4
154.8592,3142.6
154.8844,3214.3
154.9097,3082.9
154.9349,3403.5
154.9601,3137.1
154.9854,3502.6
155.0106,3413.0
155.0358,3338.8
155.0620,1460.7
155.0872,2541.4
155.1125,3726.2
155.1377,3411.0
155.1629,3511.7
155.1881,3857.7
155.2133,3518.9
155.2386,3412.4
155.2638,3477.3
155.2890,3292.1
155.3142,3439.8
155.3394,3365.8
155.3647,3359.5
155.3899,3336.7
155.4151,3445.2
155.4403,3591.7
155.4655,469.9
155.4908,3405.2
155.5159,3509.1
155.5412,3762.8
155.5664,3490.1
155.5916,3616.1
155.6168,3512.7
155.6421,3714.8
155.6673,3438.0
155.6929,3421.1
155.7182,3563.9
155.7437,3273.6
155.7689,3499.3
155.7942,3376.6
155.8194,3377.5
155.8446,3446.8
155.8710,1878.4
155.8962,2162.3
155.9214,3472.6
155.9472,3606.2
155.9724,3659.7
155.9976,3147.5
156.0228,3631.9
156.0480,3265.2
156.0733,3306.8
156.0985,3078.9
156.1237,3469.5
156.1490,3504.9
156.1742,3231.0
156.1994,3843.1
156.2246,2324.1
156.2511,2154.5
156.2763,1558.6
156.3015,3156.6
156.3267,3033.4
156.3519,3250.2
156.3772,2812.2
156.4024,3329.1
156.4276,3369.2
156.4528,3495.6
156.4780,2979.5
156.5033,3343.2
156.5285,3246.4
156.5537,3308.3
156.5789,733.1
156.6041,3342.0
156.6294,3249.5
156.6546,3223.2
156.6799,3623.0
156.7051,3441.6
156.7304,3265.7
156.7556,3220.2
156.7808,3112.1
156.8060,3439.3
156.8313,3402.2
156.8565,3393.6
156.8817,3295.6
156.9069,3620.7
156.9321,646.5
156.9574,3056.5
156.9826,3507.5
157.0078,3522.7
157.0331,3463.2
157.0583,3475.4
157.0835,3271.1
157.1087,3514.3
157.1339,3495.8
157.1591,3340.2
157.1844,3296.3
157.2098,3320.2
157.2350,3548.1
157.2602,3302.6
157.2859,1575.1
157.3113,2336.2
157.3365,3137.4
157.3617,2981.4
157.3870,3250.1
157.4122,3405.0
157.4374,3250.3
157.4626,2797.1
157.4878,3426.1
157.5130,3106.0
157.5383,3230.7
157.5635,3108.7
157.5897,1974.8
157.6150,1883.1
157.6402,3685.4
157.6654,3478.3
157.6906,3319.7
157.7159,3379.1
157.7412,3266.2
157.7664,3174.4
157.7916,3362.9
157.8168,3339.9
157.8421,3193.5
157.8673,3426.5
157.8925,3243.7
157.9178,3389.1
157.9431,500.9
157.9683,3567.3
157.9936,3222.3
158.0188,3487.9
158.0440,3497.5
158.0692,3259.8
158.0945,3473.6
158.1197,2987.4
158.1449,3325.1
158.1702,3196.1
158.1954,3649.6
158.2206,3607.3
158.2459,3363.0
158.2711,3499.4
158.2963,228.1
158.3215,3583.6
158.3468,3386.6
158.3720,3371.3
158.3972,3268.0
158.4225,3568.6
158.4480,3000.0
158.4732,3441.1
158.4985,3306.4
158.5237,3302.4
158.5489,3627.2
158.5741,3178.0
158.5994,3431.0
158.6246,2179.0
158.6512,633.2
158.6764,3398.3
158.7017,3200.8
158.7269,2751.0
158.7525,2924.9
158.7777,3187.9
158.8029,3392.2
158.8282,3067.3
158.8534,2991.9
158.8786,3539.7
158.9039,3484.3
158.9291,3475.6
158.9547,2699.9
158.9800,1088.8
159.0052,3344.2
159.0304,3372.3
159.0557,3525.4
159.0809,3691.3
159.1062,3402.7
159.1314,3228.1
159.1566,3082.4
159.1819,3376.5
159.2071,3419.7
159.2323,3410.5
159.2575,3357.4
159.2827,3303.3
159.3089,1555.5
159.3342,2300.9
159.3594,3581.1
159.3846,3032.4
159.4098,3234.9
159.4350,2985.2
159.4603,3296.3
159.4855,2862.9
159.5107,2968.0
159.5359,3433.9
159.5611,3150.4
159.5863,3323.9
159.6120,3063.8
159.6372,784.7
159.6624,3179.1
159.6876,3505.8
159.7129,3335.6
159.7382,3596.9
159.7634,3511.4
159.7887,2687.5
159.8139,3193.1
159.8392,3193.4
159.8644,3257.0
159.8896,3280.6
159.9148,3374.8
159.9402,3498.9
159.9666,2042.2
159.9919,2244.6
160.0171,3436.4
160.0423,3462.5
160.0680,3562.3
160.0932,3498.3
160.1184,3343.3
160.1436,3495.7
160.1689,3140.3
160.1941,3327.8
160.2193,3103.0
160.2446,3626.3
160.2698,3212.0
160.2957,3439.5
160.3215,2630.5
160.3467,1088.3
160.3724,3605.0
160.3976,3598.4
160.4228,3314.0
160.4481,3451.6
160.4735,3575.9
160.4987,2835.5
160.5240,3656.1
160.5492,3325.9
160.5744,3212.3
160.5997,3095.8
160.6249,3517.0
160.6503,2928.0
160.6766,1812.5
160.7018,2114.7
160.7271,3581.4
160.7523,3461.9
160.7776,3648.5
160.8028,3497.0
160.8281,3702.9
160.8533,3512.7
160.8785,3413.8
160.9037,3383.1
160.9289,3620.1
160.9541,3279.7
160.9793,3419.8
161.0045,3311.5
161.0301,3540.9
161.0553,3605.8
161.0815,904.1
161.1068,3020.7
161.1320,3648.0
161.1572,3498.5
161.1824,3522.1
161.2076,3750.2
161.2329,3550.7
161.2581,3835.4
161.2833,3476.7
161.3085,3586.0
161.3338,3461.3
161.3593,3252.8
161.3845,3559.0
161.4097,3300.9
161.4349,3596.6
161.4602,3537.6
161.4863,1940.7
161.5115,2252.2
161.5367,3527.1
161.5620,3554.6
161.5872,3688.9
161.6124,3577.8
161.6376,3669.8
161.6629,3443.1
161.6881,3404.2
161.7133,3657.6
161.7385,3119.7
161.7637,3505.9
161.7890,3123.9
161.8142,3599.0
161.8394,3425.1
161.8646,3146.8
161.8902,1953.4
161.9154,2137.6
161.9406,3426.5
161.9658,3374.9
161.9910,3756.0
162.0162,3382.6
162.0414,3455.1
162.0667,3504.8
162.0919,3453.6
162.1171,3466.5
162.1426,2857.5
162.1678,2988.9
162.1930,3064.6
162.2182,3182.3
162.2444,766.9
162.2696,3261.3
162.2948,3326.2
162.3200,3407.4
162.3453,3330.8
162.3705,3324.2
162.3957,3343.8
162.4209,3294.9
162.4461,3632.4
162.4713,3259.6
162.4966,3414.5
162.5218,3367.3
162.5470,3434.5
162.5723,3539.8
162.5983,2480.3
162.6238,1032.9
162.6490,3532.7
162.6742,3466.4
162.6995,3367.4
162.7247,3559.1
162.7499,3480.0
162.7755,3457.0
162.8007,3450.8
162.8260,3458.7
162.8515,3491.5
162.8767,3389.2
162.9019,3493.9
162.9271,3400.5
162.9523,3582.3
162.9785,1753.5
163.0038,2526.0
163.0290,3744.1
163.0542,3403.2
163.0795,3421.3
163.1047,3668.0
163.1299,3414.7
163.1551,3435.7
163.1803,3251.5
163.2055,3143.3
163.2309,3509.1
163.2561,3449.2
163.2813,3478.0
163.3065,3572.2
163.3317,1783.2
163.3579,2958.1
163.3831,1053.2
163.4083,3376.3
163.4335,3562.6
163.4588,3257.4
163.4840,3241.9
163.5096,3281.9
163.5349,3334.2
163.5601,2958.7
163.5853,3376.8
163.6105,3505.5
163.6358,3452.4
163.6610,3424.8
163.6864,3284.0
163.7117,3705.7
163.7374,2023.6
163.7626,2019.0
163.7878,3476.0
163.8132,3543.0
163.8385,3642.5
163.8637,3482.7
163.8889,3396.0
163.9141,3267.3
163.9394,3429.8
163.9646,3312.8
163.9898,3381.8
164.0150,3567.5
164.0403,3549.4
164.0658,3514.6
164.0910,3732.0
164.1172,2911.1
164.1424,964.3
164.1677,3509.8
164.1930,3612.7
164.2182,3473.0
164.2434,3483.4
164.2686,3681.1
164.2938,3537.6
164.3190,3451.1
164.3442,3701.1
164.3694,3349.3
164.3946,3621.4
164.4199,3429.6
164.4451,3701.2
164.4703,3475.2
164.4955,2976.6
164.5217,3010.3
164.5469,880.9
164.5721,3627.5
164.5973,3429.7
164.6225,3478.9
164.6478,3530.1
164.6730,3543.0
164.6982,3539.6
164.7234,2867.0
164.7486,3712.6
164.7738,3112.1
164.7990,3614.3
164.8243,3413.7
164.8495,3253.3
164.8747,3492.4
164.8999,3044.3
164.9256,1228.0
164.9507,2368.7
164.9759,3207.6
165.0011,3175.4
165.0264,3309.2
165.0516,3268.6
165.0768,3285.4
165.1020,3495.6
165.1272,2950.3
165.1524,2821.3
165.1776,3405.1
165.2028,2814.7
165.2280,3155.5
165.2541,2694.0
165.2793,1375.5
165.3045,3141.4
165.3298,3072.6
165.3550,3218.8
165.3802,3244.3
165.4054,3241.1
165.4307,3394.7
165.4559,3126.3
165.4812,3350.9
165.5064,3097.9
165.5316,3120.1
165.5569,2879.3
165.5821,482.8
165.6073,3270.7
165.6325,3256.5
165.6577,3313.2
165.6829,3371.4
165.7082,3223.1
165.7334,2960.1
165.7586,3298.7
165.7839,2850.6
165.8091,3382.1
165.8344,3163.9
165.8596,3234.4
165.8858,2853.4
165.9110,1048.3
165.9362,3479.1
165.9614,3025.3
165.9866,3312.7
166.0119,3242.4
166.0371,3346.0
166.0623,3217.6
166.0875,3241.4
166.1128,3181.6
166.1380,3208.4
166.1632,2986.3
166.1886,3222.4
166.2147,1975.0
166.2400,1405.2
166.2652,3147.0
166.2904,3383.5
166.3156,3163.9
166.3408,3514.4
166.3660,3094.1
166.3913,3192.1
166.4165,2705.0
166.4417,3377.7
166.4674,3096.7
166.4926,3292.9
166.5186,2346.7
166.5443,1152.2
166.5695,3048.6
166.5948,3399.5
166.6200,3395.4
166.6455,3079.1
166.6707,3312.9
166.6961,3350.1
166.7214,3286.2
166.7466,3414.8
166.7719,2948.5
166.7971,3493.7
166.8223,3330.9
166.8475,3428.4
166.8727,606.7
166.8979,3333.3
166.9234,3431.8
166.9486,3501.7
166.9738,3587.6
166.9990,3636.6
167.0243,3483.0
167.0495,2854.2
167.0747,3093.3
167.1000,3106.7
167.1252,3382.3
167.1505,3340.0
167.1758,2949.3
167.2011,3464.3
167.2267,1901.6
167.2519,1758.0
167.2771,3428.2
167.3023,3567.6
167.3276,3281.6
167.3528,2890.8
167.3780,3612.3
167.4033,3311.3
167.4285,3306.4
167.4537,3338.7
167.4790,3221.0
167.5042,3620.7
167.5294,2320.5
167.5549,2512.4
167.5801,1331.5
167.6054,3308.6
167.6306,3304.6
167.6558,3495.2
167.6811,3564.6
167.7063,3513.3
167.7317,3531.4
167.7569,3294.5
167.7821,3211.3
167.8073,3410.6
167.8326,3302.6
167.8578,3375.9
167.8830,3192.9
167.9083,3546.2
167.9335,3256.5
167.9589,839.2
167.9841,3204.1
168.0094,3184.4
168.0346,3059.9
168.0598,3317.1
168.0850,3030.7
168.1103,2734.9
168.1355,3162.2
168.1607,2678.8
168.1862,3170.9
168.2114,3146.5
168.2366,3443.6
168.2628,1287.9
168.2881,2773.3
168.3133,3499.4
168.3385,3623.5
168.3637,3118.9
168.3890,3606.8
168.4142,2987.3
168.4394,3415.6
168.4646,3007.9
168.4899,3267.9
168.5151,3154.6
168.5403,3183.3
168.5655,3509.9
168.5907,3391.2
168.6170,475.5
168.6427,3354.3
168.6679,3457.6
168.6931,3321.5
168.7183,2849.5
168.7436,3338.9
168.7688,2865.8
168.7940,3194.8
168.8192,3066.1
168.8445,2843.7
168.8697,3278.9
168.8959,1400.1
168.9211,2042.0
168.9463,3570.1
168.9716,3419.1
168.9968,3178.6
169.0220,3546.9
169.0472,3380.5
169.0724,3313.4
169.0976,3513.0
169.1227,3014.4
169.1480,3209.7
169.1732,3190.3
169.1984,3041.5
169.2237,3261.3
169.2498,1535.8
169.2751,2319.2
169.3006,3441.5
169.3259,3741.2
169.3511,3195.7
169.3763,3492.1
169.4016,3540.1
169.4267,3204.9
169.4520,3524.3
169.4772,3492.4
169.5024,3376.5
169.5276,3170.8
169.5528,3318.0
169.5780,2277.8
169.6043,1915.4
169.6295,2039.1
169.6547,3133.4
169.6801,2622.5
169.7053,3366.6
169.7306,2751.3
169.7561,3215.0
169.7813,2878.3
169.8065,2887.0
169.8317,3186.1
169.8570,2433.6
169.8831,1886.4
169.9085,2014.7
169.9338,3272.3
169.9593,3598.5
169.9845,3453.2
170.0100,3105.5
170.0353,3650.6
170.0605,3473.1
170.0857,3290.7
170.1113,3307.9
170.1366,3380.6
170.1618,3321.4
170.1870,3317.2
170.2122,2768.6
170.2383,1391.4
170.2638,2347.1
170.2890,3439.6
170.3142,3427.2
170.3394,3753.3
170.3647,3319.3
170.3899,3477.3
170.4151,3588.9
170.4403,3185.2
170.4656,3283.1
170.4908,3615.5
170.5161,3448.7
170.5413,3273.6
170.5665,3626.3
170.5917,2887.0
170.6170,2976.1
170.6440,1420.3
170.6692,2492.9
170.6944,3595.4
170.7197,3382.7
170.7449,3639.5
170.7701,3490.1
170.7957,3512.2
170.8213,3287.4
170.8465,3556.8
170.8717,3447.6
170.8969,3693.6
170.9221,3510.3
170.9473,3530.2
170.9725,3490.7
170.9978,3603.2
171.0230,3483.6
171.0490,1534.4
171.0746,2416.3
171.0998,3620.6
171.1250,3454.8
171.1503,3512.5
171.1755,3559.1
171.2009,3408.0
171.2261,3515.2
171.2514,3294.2
171.2766,3556.9
171.3018,3522.6
171.3270,3486.2
171.3522,3549.3
171.3775,3438.9
171.4027,3486.0
171.4279,3473.8
171.4541,1652.0
171.4794,2359.0
171.5046,3473.0
171.5298,3415.0
171.5554,3383.7
171.5806,3640.0
171.6059,3475.4
171.6313,3503.3
171.6565,3563.0
171.6818,3282.6
171.7075,3342.3
171.7328,3524.4
171.7580,3391.5
171.7835,3521.2
171.8088,3623.6
171.8344,2912.3
171.8596,876.4
171.8848,3621.0
171.9100,3594.5
171.9352,3421.0
171.9604,2961.9
171.9855,3748.6
172.0107,3127.4
172.0360,2770.7
172.0612,3259.6
172.0864,3249.1
172.1117,3249.9
172.1369,3176.8
172.1621,3051.1
172.1873,328.0
172.2126,3198.5
172.2378,3510.0
172.2630,3299.6
172.2882,3456.3
172.3134,2957.4
172.3386,3392.5
172.3639,3054.7
172.3891,3336.4
172.4143,3143.1
172.4394,3391.7
172.4646,3334.2
172.4898,3414.9
172.5151,3613.4
172.5403,646.9
172.5655,3239.9
172.5907,3409.4
172.6159,3522.2
172.6411,3420.4
172.6664,3531.4
172.6916,3565.9
172.7168,3463.2
172.7420,3436.1
172.7674,3126.1
172.7926,3606.2
172.8179,3202.1
172.8431,3304.6
172.8683,3405.1
172.8945,2178.8
172.9198,1602.4
172.9450,3440.8
172.9702,3786.8
172.9954,3408.0
173.0207,3319.2
173.0459,3366.9
173.0711,3202.3
173.0963,3400.8
173.1215,3334.4
173.1467,3339.4
173.1720,3059.7
173.1972,3593.7
173.2228,3301.1
173.2490,1312.8
173.2743,2744.0
173.2997,3406.6
173.3250,3231.7
173.3502,3377.4
173.3754,3041.5
173.4006,3127.3
173.4257,2958.6
173.4509,3252.9
173.4761,3011.4
173.5013,3204.8
173.5266,3362.5
173.5527,1421.6
173.5782,2575.4
173.6038,3548.1
173.6290,3631.9
173.6542,3395.4
173.6794,3526.2
173.7049,3669.2
173.7301,3443.6
173.7553,3239.6
173.7806,3332.2
173.8058,2957.1
173.8310,3172.8
173.8563,3132.7
173.8815,3215.7
173.9082,420.3
173.9334,3437.1
173.9586,3373.1
173.9838,3387.5
174.0091,3161.9
174.0343,2926.3
174.0595,3032.1
174.0847,3239.8
174.1101,3014.7
174.1353,3188.1
174.1605,3273.7
174.1857,3302.5
174.2120,2559.4
174.2373,1395.9
174.2625,3417.6
174.2877,3170.0
174.3129,3450.1
174.3381,3301.6
174.3633,3429.1
174.3886,3389.2
174.4138,3140.2
174.4390,2955.2
174.4642,3358.6
174.4894,3488.9
174.5146,3198.5
174.5399,3450.4
174.5651,617.4
174.5903,3146.9
174.6155,3177.5
174.6407,3521.6
174.6660,3548.2
174.6912,3563.8
174.7164,3378.5
174.7416,3018.4
174.7669,3360.9
174.7921,3358.3
174.8173,3323.3
174.8425,3176.0
174.8677,3411.2
174.8940,2876.4
174.9192,1034.2
174.9445,3462.1
174.9697,3375.7
174.9949,3226.1
175.0202,3348.4
175.0454,3299.0
175.0706,3297.5
175.0958,2899.7
175.1211,3411.2
175.1463,3456.4
175.1715,3420.1
175.1968,3366.3
175.2224,3140.3
175.2476,627.0
175.2728,3441.0
175.2981,3219.1
175.3233,3398.5
175.3486,3349.8
175.3741,3162.7
175.3994,3440.9
175.4246,3217.2
175.4498,3288.1
175.4751,3340.4
175.5003,3073.5
175.5255,3440.1
175.5507,3446.6
175.5770,1330.1
175.6025,2308.9
175.6277,3562.3
175.6530,3482.2
175.6782,3474.5
175.7037,3499.9
175.7290,3586.8
175.7542,3395.2
175.7794,3020.3
175.8046,3419.8
175.8298,3126.0
175.8551,3286.0
175.8803,3560.5
175.9055,3409.5
175.9317,2523.4
175.9570,1548.7
175.9822,3484.6
176.0074,3647.3
176.0326,3647.3
176.0579,3652.8
176.0831,3468.6
176.1085,3505.3
176.1337,3646.8
176.1589,3441.2
176.1842,3542.9
176.2094,3387.9
176.2347,3403.6
176.2599,3379.1
176.2854,3392.4
176.3107,3567.6
176.3370,3119.6
176.3622,765.3
176.3874,3723.8
176.4126,3699.2
176.4378,3605.8
176.4630,3476.9
176.4882,3400.3
176.5134,3697.5
176.5387,3363.0
176.5639,3631.6
176.5892,3485.1
176.6144,3613.3
176.6396,3281.5
176.6652,3270.9
176.6904,3126.9
176.7160,3593.8
176.7412,3509.5
176.7677,817.0
176.7930,3061.0
176.8185,3666.8
176.8437,3489.1
176.8690,3258.8
176.8942,3683.2
176.9194,3367.2
176.9446,3239.1
176.9699,3366.3
176.9951,3418.3
177.0202,3265.3
177.0455,3611.9
177.0707,3178.1
177.0961,3419.6
177.1213,3626.6
177.1465,3382.2
177.1727,1855.7
177.1979,2408.8
177.2231,3339.7
177.2484,3433.9
177.2736,3482.8
177.2988,3568.9
177.3240,3250.5
177.3494,3532.4
177.3747,3400.2
177.3999,3326.4
177.4254,3672.9
177.4505,3420.6
177.4758,3298.1
177.5009,3529.5
177.5262,3296.2
177.5523,2564.7
177.5775,1286.0
177.6028,3353.3
177.6280,2999.4
177.6532,3243.2
177.6785,2752.5
177.7037,2990.0
177.7289,3029.3
177.7541,2782.7
177.7793,2826.2
177.8045,3312.6
177.8307,986.5
177.8559,2580.1
177.8811,3699.7
177.9064,3355.9
177.9316,3460.1
177.9568,3524.9
177.9821,3231.4
178.0073,3485.7
178.0325,3347.2
178.0578,3804.8
178.0830,3422.9
178.1082,3131.5
178.1334,3512.8
178.1586,3187.1
178.1849,2349.7
178.2101,1530.5
178.2353,3084.1
178.2605,3111.1
178.2857,3165.0
178.3109,3385.2
178.3361,3396.6
178.3613,2884.1
178.3869,3038.7
178.4121,3168.9
178.4373,3498.1
178.4626,3615.9
178.4886,3089.3
178.5138,654.4
178.5390,3703.1
178.5643,3250.4
178.5895,3367.5
178.6151,3495.2
178.6405,3395.0
178.6657,3589.6
178.6910,3414.1
178.7162,2718.3
178.7414,3632.7
178.7666,3440.0
178.7922,3314.9
178.8174,3412.2
178.8426,2619.9
178.8678,2434.6
178.8941,1810.2
178.9193,2322.9
178.9445,3525.5
178.9698,3458.6
178.9950,3342.6
179.0202,3720.3
179.0454,3412.4
179.0706,3211.1
179.0959,3287.0
179.1211,3112.1
179.1465,3459.7
179.1717,3145.0
179.1970,3557.9
179.2222,2942.0
179.2474,635.0
179.2727,3002.1
179.2979,3370.6
179.3231,3181.6
179.3484,3220.5
179.3736,3360.9
179.3988,3358.9
179.4241,3574.2
179.4493,3446.8
179.4745,3139.4
179.4997,2978.2
179.5249,3411.2
179.5502,2469.3
179.5759,1714.0
179.6013,1888.4
179.6267,3471.5
179.6519,3569.9
179.6771,3344.9
179.7024,3371.9
179.7279,3390.4
179.7532,3266.6
179.7784,3285.1
179.8036,3342.2
179.8288,3520.4
179.8541,3436.8
179.8793,3163.5
179.9045,2439.3
179.9302,1379.2
179.9555,2517.0
179.9807,3499.0
180.0059,3012.3
180.0311,3321.5
180.0563,3078.8
180.0815,3403.0
180.1067,3263.1
180.1320,3208.2
180.1572,3305.3
180.1824,3353.4
180.2076,3615.0
180.2328,3355.6
180.2591,2142.8
180.2843,1613.6
180.3096,3281.9
180.3348,3348.5
180.3600,3386.5
180.3852,3009.0
180.4104,3499.2
180.4357,3459.8
180.4609,3357.6
180.4861,3417.8
180.5113,3446.4
180.5365,3448.6
180.5617,3513.6
180.5870,3722.5
180.6122,3391.0
180.6385,1133.0
180.6637,3137.4
180.6889,3736.5
180.7141,3363.3
180.7393,3471.5
180.7646,3367.6
180.7898,3399.6
180.8150,3455.8
180.8403,3223.2
180.8655,3348.6
180.8907,3184.6
180.9160,3601.7
180.9412,2903.2
180.9664,3094.8
180.9919,980.3
181.0173,2778.5
181.0425,3462.3
181.0677,3348.8
181.0930,2910.1
181.1182,2915.2
181.1437,3382.4
181.1690,3001.4
181.1942,2927.1
181.2194,3355.2
181.2446,3150.7
181.2707,2534.1
181.2959,1165.6
181.3214,3424.2
181.3466,2984.9
181.3718,3657.0
181.3970,3273.0
181.4222,3431.8
181.4475,3196.8
181.4727,3069.9
181.4979,3180.3
181.5232,3205.1
181.5485,3243.1
181.5738,2888.7
181.5990,3402.7
181.6248,324.1
181.6500,3581.8
181.6752,3532.2
181.7005,3206.3
181.7257,3081.7
181.7511,2942.3
181.7763,3471.9
181.8017,2935.9
181.8269,3024.0
181.8522,3587.4
181.8774,3117.7
181.9027,3367.9
181.9281,792.5
181.9533,3173.2
181.9787,3382.8
182.0040,3130.6
182.0291,3574.8
182.0543,3480.4
182.0796,3542.3
182.1052,2925.8
182.1304,3422.1
182.1556,3412.5
182.1809,3237.9
182.2061,3532.4
182.2313,3363.5
182.2565,3256.5
182.2818,578.3
182.3070,3008.4
182.3322,3187.6
182.3577,2770.4
182.3829,3083.1
182.4082,3146.3
182.4334,3263.9
182.4586,3699.5
182.4839,3441.0
182.5092,2966.9
182.5345,3538.6
182.5597,2506.4
182.5853,2659.3
182.6106,1035.3
182.6358,3420.2
182.6611,3447.6
182.6863,3665.8
182.7116,3477.2
182.7368,3197.9
182.7620,3542.1
182.7872,2855.1
182.8124,3194.8
182.8377,3291.5
182.8629,3436.0
182.8881,3333.5
182.9133,3364.0
182.9390,2866.8
182.9642,947.8
182.9894,3706.6
183.0147,2709.7
183.0399,3059.6
183.0652,2918.4
183.0904,3178.1
183.1157,3345.5
183.1410,3508.8
183.1663,2972.6
183.1915,3283.6
183.2167,3271.0
183.2419,3270.5
183.2671,425.4
183.2926,3462.6
183.3178,3627.6
183.3431,3517.6
183.3683,3438.6
183.3935,3624.9
183.4187,3413.4
183.4439,2994.3
183.4692,3516.3
183.4944,3258.9
183.5196,3258.2
183.5449,3300.3
183.5701,3502.5
183.5963,2633.7
183.6216,815.8
183.6468,3629.0
183.6720,3471.1
183.6973,3501.6
183.7225,3661.7
183.7477,3524.5
183.7729,3458.9
183.7982,3343.7
183.8234,3315.6
183.8492,3175.6
183.8745,3470.5
183.8997,3258.8
183.9249,3360.4
183.9504,3547.6
183.9766,1910.0
184.0019,2100.7
184.0271,3504.5
184.0523,3744.4
184.0787,2956.2
184.1041,3845.3
184.1293,3533.0
184.1546,3441.4
184.1799,3567.5
184.2052,3202.8
184.2304,3150.0
184.2556,2980.1
184.2808,3358.5
184.3060,3196.8
184.3329,448.8
184.3581,3511.1
184.3833,3315.8
184.4085,3431.9
184.4337,3380.7
184.4590,3285.1
184.4842,3191.3
184.5094,3052.2
184.5346,3194.7
184.5598,3253.5
184.5850,3313.0
184.6102,3316.0
184.6355,3580.3
184.6623,704.3
184.6876,3536.0
184.7128,3335.1
184.7380,2997.9
184.7632,3614.6
184.7884,3420.5
184.8137,3429.1
184.8389,3301.9
184.8641,3383.0
184.8894,3221.4
184.9146,3550.2
184.9398,3245.1
184.9650,3304.6
184.9902,2160.3
185.0159,1833.7
185.0411,1862.0
185.0663,3582.7
185.0915,3457.3
185.1168,3670.2
185.1420,3377.2
185.1672,3702.8
185.1924,3475.6
185.2176,3350.2
185.2429,3600.7
185.2681,3411.2
185.2933,3372.0
185.3185,3515.1
185.3437,3363.3
185.3689,3500.1
185.3942,3619.0
185.4200,830.1
185.4452,3168.3
185.4706,3437.4
185.4958,3106.6
185.5211,3290.0
185.5463,3100.8
185.5715,3476.0
185.5967,3490.7
185.6220,3376.3
185.6472,3592.1
185.6724,3396.7
185.6976,3387.6
185.7230,2912.3
185.7487,3006.8
185.7740,963.5
185.7992,3375.8
185.8245,3219.8
185.8497,3370.3
185.8749,3161.9
185.9001,3704.7
185.9254,3072.4
185.9506,3123.4
185.9758,3069.4
186.0011,3349.7
186.0266,3257.0
186.0519,3519.8
186.0771,3227.2
186.1023,663.3
186.1275,3169.0
186.1527,3302.7
186.1780,3077.8
186.2032,2828.6
186.2284,3444.8
186.2537,3477.9
186.2789,3221.2
186.3041,3415.2
186.3293,3105.4
186.3546,3396.3
186.3801,2947.2
186.4057,1181.9
186.4309,2553.5
186.4564,3062.9
186.4816,3572.4
186.5068,3502.1
186.5320,3612.2
186.5572,3119.6
186.5825,3074.3
186.6077,2877.4
186.6329,3183.7
186.6581,3183.8
186.6833,3338.3
186.7085,3463.4
186.7349,3033.5
186.7601,815.7
186.7858,3646.7
186.8111,3183.7
186.8363,3579.9
186.8615,3245.6
186.8867,3413.9
186.9119,3603.1
186.9371,3362.4
186.9623,3650.2
186.9876,3289.9
187.0128,3305.1
187.0380,3503.2
187.0632,3352.6
187.0884,2761.5
187.1147,2542.9
187.1399,1522.3
187.1651,3483.8
187.1903,3424.8
187.2155,3520.1
187.2407,3481.0
187.2660,3527.3
187.2914,3386.4
187.3166,2911.4
187.3418,3071.5
187.3670,3466.3
187.3922,3386.7
187.4175,3263.7
187.4427,3506.0
187.4684,3032.8
187.4936,587.5
187.5188,3465.5
187.5440,3272.5
187.5692,3400.2
187.5945,3581.8
187.6197,3353.5
187.6450,3388.9
187.6702,3316.6
187.6954,3157.8
187.7206,3443.4
187.7459,3051.3
187.7711,3504.2
187.7963,2963.5
187.8225,855.8
187.8477,3135.1
187.8729,3406.7
187.8981,3482.4
187.9233,3561.6
187.9485,3520.7
187.9738,3495.9
187.9990,3177.1
188.0242,3352.4
188.0494,3436.7
188.0749,3468.4
188.1001,3445.4
188.1253,3338.9
188.1505,3450.1
188.1768,1662.4
188.2021,2561.3
188.2273,3586.5
188.2525,3462.7
188.2777,3370.6
188.3033,3361.3
188.3285,3589.9
188.3537,3434.5
188.3790,3611.7
188.4042,3433.6
188.4294,3619.8
188.4547,3473.4
188.4799,3412.0
188.5051,3706.6
188.5305,2578.8
188.5558,3568.1
188.5813,749.7
188.6066,2914.0
188.6318,3434.0
188.6570,3474.9
188.6823,3478.8
188.7079,3510.8
188.7331,3637.7
188.7584,3421.1
188.7836,3498.3
188.8088,2912.4
188.8341,3315.9
188.8592,3380.9
188.8845,3598.4
188.9097,3142.4
188.9349,3466.7
188.9601,636.7
188.9854,3342.7
189.0106,3528.4
189.0358,3700.0
189.0610,3512.5
189.0862,3549.7
189.1114,3557.7
189.1366,3284.0
189.1618,3417.1
189.1871,3326.4
189.2123,3077.5
189.2375,3456.8
189.2627,3582.6
189.2880,3342.8
189.3132,3454.1
189.3393,2096.0
189.3646,2123.3
189.3898,3190.3
189.4150,2983.6
189.4402,3211.9
189.4655,3217.4
189.4907,3446.5
189.5159,3348.6
189.5411,3337.1
189.5664,3262.1
189.5920,2996.8
189.6172,3178.8
189.6424,3612.3
189.6681,2403.8
189.6933,1311.9
189.7185,3508.3
189.7438,3505.9
189.7690,3405.8
189.7942,3320.9
189.8194,3654.4
189.8447,2940.6
189.8700,2882.7
189.8952,3665.1
189.9205,3218.2
189.9457,3372.5
189.9710,3486.5
189.9962,3187.3
190.0226,916.9
190.0479,2845.2
190.0731,3619.0
190.0984,3440.0
190.1236,3401.5
190.1492,3432.0
190.1744,3507.1
190.1997,3455.5
190.2249,3420.2
190.2501,3205.9
190.2753,3279.1
190.3007,3202.5
190.3260,3171.4
190.3512,3144.0
190.3772,853.3
190.4024,3190.1
190.4276,3254.7
190.4529,3388.4
190.4781,3238.6
190.5033,3280.7
190.5285,2905.9
190.5537,3283.3
190.5789,3045.3
190.6042,3201.3
190.6294,3258.8
190.6546,3349.1
190.6809,1845.7
190.7061,2313.5
190.7313,3420.7
190.7565,3409.7
190.7818,3091.8
190.8070,3515.4
190.8322,3147.7
190.8575,3231.7
190.8829,3305.9
190.9081,3034.5
190.9333,3129.2
190.9585,3248.7
190.9837,3318.5
191.0094,3099.7
191.0346,644.1
191.0599,3095.4
191.0851,3620.2
191.1103,3300.9
191.1355,3352.8
191.1608,3197.1
191.1860,3398.7
191.2113,2855.9
191.2365,3200.9
191.2617,3316.7
191.2869,3080.0
191.3121,3387.1
191.3374,3299.7
191.3636,813.0
191.3888,2998.8
191.4140,3377.2
191.4393,2893.9
191.4645,3391.8
191.4897,3265.4
191.5149,3158.6
191.5405,3572.1
191.5658,3137.7
191.5910,3324.9
191.6162,3351.9
191.6414,3329.5
191.6668,3537.4
191.6930,1471.9
191.7182,2421.5
191.7434,3289.7
191.7687,3359.2
191.7939,3270.8
191.8191,3191.3
191.8444,2698.1
191.8699,2958.0
191.8952,2825.1
191.9204,3276.8
191.9456,2856.7
191.9709,3149.5
191.9964,387.9
192.0216,3520.9
192.0469,3457.7
192.0721,3092.5
192.0973,3267.1
192.1226,3510.3
192.1478,2946.5
192.1730,3578.3
192.1982,3336.4
192.2237,3302.6
192.2490,3324.7
192.2742,3276.3
192.2994,3409.6
192.3253,981.7
192.3505,2809.7
192.3757,3435.6
192.4009,3301.3
192.4262,3338.3
192.4514,3202.6
192.4766,3319.6
192.5018,3202.3
192.5271,3402.5
192.5523,3438.3
192.5776,3605.6
192.6028,3135.1
192.6280,3236.3
192.6543,1536.5
192.6796,2014.5
192.7048,3087.1
192.7301,2822.2
192.7553,3275.7
192.7805,2832.9
192.8057,3222.8
192.8310,2960.8
192.8562,3036.7
192.8815,3124.5
192.9067,3448.9
192.9319,3236.7
192.9577,840.8
192.9829,3206.9
193.0082,3378.4
193.0334,3703.8
193.0587,3499.9
193.0839,3404.2
193.1091,3603.9
193.1344,3335.8
193.1596,3432.5
193.1849,3646.6
193.2101,3133.2
193.2354,3303.1
193.2608,3275.6
193.2861,3072.7
193.3113,3474.3
193.3379,394.3
193.3632,3505.4
193.3884,3477.3
193.4136,3439.7
193.4388,3383.5
193.4641,3692.6
193.4893,3454.9
193.5145,3340.2
193.5397,3674.9
193.5650,3485.5
193.5902,3396.9
193.6154,3356.6
193.6406,3208.4
193.6658,3419.5
193.6910,3321.3
193.7162,528.7
193.7415,2984.6
193.7667,3489.6
193.7919,3521.6
193.8171,3671.6
193.8423,3356.4
193.8679,3267.1
193.8931,3385.5
193.9183,3516.3
193.9435,3360.6
193.9691,3457.5
193.9943,3251.8
194.0196,3406.4
194.0448,3594.0
194.0711,1760.6
194.0964,2299.9
194.1216,3355.4
194.1469,3446.9
194.1721,3352.4
194.1973,3624.5
194.2225,3353.6
194.2478,3069.1
194.2730,3050.4
194.2985,3383.5
194.3238,3632.3
194.3490,3387.3
194.3742,3479.1
194.3994,2469.7
194.4247,2370.7
194.4510,1099.9
194.4762,2846.0
194.5015,3169.2
194.5267,3050.3
194.5521,3077.5
194.5773,3620.6
194.6025,2917.8
194.6278,3313.9
194.6530,3052.0
194.6782,3042.4
194.7034,2143.0
194.7286,2886.4
194.7538,624.8
194.7790,3099.9
194.8042,3856.5
194.8295,3494.2
194.8547,3440.4
194.8800,3399.0
194.9052,3261.6
194.9304,3376.3
194.9557,3274.9
194.9809,3370.1
195.0061,3129.4
195.0313,3523.9
195.0566,3183.7
195.0818,3511.7
195.1074,368.1
195.1326,3578.0
195.1578,3426.5
195.1831,3328.8
195.2083,3480.7
195.2335,3394.7
195.2588,3578.1
195.2840,3504.0
195.3092,3212.6
195.3345,3245.6
195.3597,3338.9
195.3849,3539.9
195.4101,2984.4
195.4364,1919.3
195.4616,2107.5
195.4869,3279.4
195.5121,3236.3
195.5373,3266.2
195.5627,3322.0
195.5879,3353.1
195.6131,3173.2
195.6384,3439.7
195.6636,3338.7
195.6888,3391.2
195.7144,2928.8
195.7396,3548.1
195.7657,2672.9
195.7910,1027.4
195.8161,3709.3
195.8413,3325.5
195.8666,3169.3
195.8918,3310.3
195.9170,3234.7
195.9423,3492.7
195.9675,3020.0
195.9927,3154.5
196.0179,3407.8
196.0431,3391.9
196.0683,3412.8
196.0939,2670.3
196.1191,1205.2
196.1443,3463.3
196.1699,3102.2
196.1951,3811.2
196.2203,3488.1
196.2455,3291.9
196.2708,3346.2
196.2965,3425.2
196.3217,3451.3
196.3470,3274.0
196.3722,3163.4
196.3974,3098.6
196.4236,2853.8
196.4489,557.2
196.4741,3550.0
196.4993,3569.7
196.5245,3357.0
196.5497,3412.8
196.5749,3752.7
196.6002,3565.3
196.6254,3500.1
196.6511,3442.3
196.6763,3623.8
196.7015,3247.1
196.7268,3310.7
196.7520,3331.7
196.7772,3536.1
196.8034,2193.4
196.8286,1906.6
196.8538,3391.4
196.8790,3239.3
196.9042,3478.0
196.9294,3202.4
196.9546,2997.0
196.9799,2841.0
197.0051,2610.7
197.0303,3363.8
197.0555,3412.8
197.0809,3580.4
197.1061,3602.4
197.1323,1764.6
197.1575,1977.1
197.1827,3429.0
197.2079,3025.6
197.2331,3411.8
197.2584,3066.8
197.2835,3065.4
197.3087,3072.9
197.3340,3076.4
197.3592,3202.1
197.3844,2661.4
197.4097,3166.0
197.4359,2177.4
197.4611,1343.5
197.4864,3354.0
197.5116,3225.9
197.5368,3255.9
197.5620,3259.8
197.5872,3243.4
197.6125,3323.4
197.6377,3309.2
197.6629,3305.9
197.6882,3363.8
197.7134,3113.2
197.7386,3300.9
197.7644,1932.4
197.7896,1437.8
197.8148,3363.9
197.8400,3342.3
197.8652,3136.0
197.8905,3475.1
197.9157,3210.2
197.9409,3175.4
197.9662,3262.1
197.9914,3559.4
198.0166,3399.1
198.0418,3387.6
198.0670,3492.1
198.0924,3076.9
198.1186,1737.5
198.1438,2349.9
198.1690,3659.1
198.1943,3485.7
198.2195,3622.2
198.2447,3420.1
198.2699,3742.9
198.2951,3471.3
198.3203,3327.3
198.3455,3568.5
198.3707,3439.2
198.3959,3347.2
198.4211,3672.4
198.4464,3332.7
198.4715,3588.7
198.4968,3513.0
198.5231,1141.9
198.5483,2754.1
198.5735,3681.8
198.5988,3543.0
198.6240,3679.3
198.6492,3399.9
198.6744,3640.2
198.6996,3418.6
198.7251,3428.3
198.7504,3587.0
198.7756,3444.3
198.8008,3526.9
198.8260,3426.6
198.8512,3229.9
198.8765,3417.5
198.9017,3529.0
198.9273,2706.5
198.9526,756.8
198.9778,3474.6
199.0029,3471.4
199.0282,3384.2
199.0534,3514.5
199.0790,3086.5
199.1042,3461.8
199.1294,3490.2
199.1547,3051.9
199.1799,3415.3
199.2051,3340.1
199.2303,3286.6
199.2555,3597.9
199.2807,3392.0
199.3059,1515.7
199.3311,3609.9
199.3563,425.8
199.3815,3496.6
199.4067,3618.8
199.4320,3470.4
199.4572,3419.9
199.4824,3375.6
199.5076,3171.3
199.5328,3213.6
199.5580,3076.0
199.5832,2951.2
199.6084,3180.9
199.6336,3358.6
199.6589,3078.8
199.6857,471.7
199.7110,3515.8
199.7362,2896.2
199.7614,3302.1
199.7867,3404.5
199.8122,3377.4
199.8374,3608.6
199.8627,3240.0
199.8879,3232.2
199.9132,3143.5
199.9384,3363.8
199.9636,3319.1
199.9887,1511.9
200.0149,3333.0
200.0401,747.7
200.0653,3489.4
200.0906,3454.7
200.1164,3438.3
200.1416,3160.0
200.1669,3483.2
200.1921,3071.8
200.2173,3192.2
200.2428,3158.8
200.2680,3284.1
200.2937,3417.9
200.3189,3083.6
200.3445,3018.6
200.3698,716.1
200.3950,3379.1
200.4202,3391.1
200.4454,3074.8
200.4706,3564.6
200.4958,3248.9
200.5211,3356.3
200.5463,3427.7
200.5715,3214.1
200.5967,3657.5
200.6220,3386.9
200.6472,3479.5
200.6724,3527.6
200.6985,1014.2
200.7238,2875.8
200.7490,3361.5
200.7742,3497.1
200.7995,3308.7
200.8247,3466.8
200.8499,3282.0
200.8751,3426.8
200.9003,3392.2
200.9255,3563.5
200.9507,3514.5
200.9759,3290.3
201.0011,3518.6
201.0264,2660.1
201.0526,2517.4
201.0778,1216.6
201.1031,3487.9
201.1284,3524.7
201.1536,3548.1
201.1789,3405.5
201.2041,3601.5
201.2293,3533.0
201.2546,3359.4
201.2798,3301.9
201.3051,3455.4
201.3303,3209.4
201.3555,3279.9
201.3808,3609.1
201.4063,3272.0
201.4324,1712.0
201.4577,2353.7
201.4829,3466.7
201.5081,3581.8
201.5333,3685.9
201.5586,3520.6
201.5838,3636.3
201.6090,3221.8
201.6343,3483.4
201.6596,3545.9
201.6860,3340.0
201.7112,3465.4
201.7366,3380.8
201.7618,3365.4
201.7870,3643.0
201.8133,1889.5
201.8386,1874.5
201.8638,3514.2
201.8890,2824.0
201.9142,3649.8
201.9395,3194.5
201.9647,2998.3
201.9899,2711.8
202.0151,3204.8
202.0405,3315.6
202.0658,3486.1
202.0910,2967.6
202.1162,3538.8
202.1417,646.4
202.1669,3507.0
202.1921,3404.9
202.2173,3420.1
202.2426,3545.8
202.2678,3667.4
202.2930,3309.8
202.3182,3419.3
202.3434,3040.8
202.3686,3099.1
202.3938,3209.3
202.4190,3138.2
202.4442,3213.9
202.4704,2692.6
202.4959,162.2
202.5211,3251.0
202.5463,3247.6
202.5717,3564.4
202.5969,2805.4
202.6224,3066.7
202.6477,3494.2
202.6729,3342.7
202.6981,3216.8
202.7233,3197.9
202.7485,3456.1
202.7738,3194.7
202.8000,1870.9
202.8253,2246.7
202.8505,3662.3
202.8758,3354.9
202.9009,3189.6
202.9262,3575.7
202.9514,3364.3
202.9766,3046.1
203.0019,3064.3
203.0271,2959.7
203.0523,3522.2
203.0775,3296.0
203.1028,3094.3
203.1280,3504.2
203.1543,1049.8
203.1795,2833.2
203.2047,3637.5
203.2299,3479.3
203.2552,3440.1
203.2804,3304.7
203.3056,3230.9
203.3309,3277.6
203.3561,3206.4
203.3814,3349.2
203.4066,3152.9
203.4318,3339.5
203.4574,3458.3
203.4826,3317.3
203.5078,642.1
203.5331,3373.1
203.5583,3525.0
203.5835,3653.2
203.6087,3613.8
203.6340,3412.8
203.6592,3491.0
203.6844,3374.9
203.7097,3549.6
203.7349,3138.8
203.7601,3282.5
203.7854,3139.3
203.8109,3359.9
203.8361,3605.0
203.8618,2018.0
203.8870,1969.3
203.9122,3620.4
203.9374,3663.5
203.9627,3439.8
203.9880,3509.3
204.0132,3642.1
204.0384,3544.0
204.0637,3435.2
204.0889,3198.3
204.1141,3449.5
204.1395,3200.8
204.1647,3325.7
204.1900,3413.4
204.2152,3632.7
204.2404,3490.9
204.2667,1068.5
204.2919,2808.4
204.3172,3695.9
204.3424,2881.2
204.3676,3268.8
204.3932,3504.0
204.4184,3231.5
204.4437,3438.9
204.4689,3031.1
204.4941,3363.0
204.5194,3286.0
204.5446,3284.9
204.5699,3273.7
204.5961,1902.7
204.6214,2142.4
204.6466,2921.2
204.6719,3788.5
204.6971,3075.9
204.7224,3372.5
204.7476,2977.7
204.7729,3130.7
204.7985,3163.9
204.8237,3452.5
204.8489,3363.0
204.8741,3294.4
204.8994,3400.3
204.9259,932.0
204.9511,2826.9
204.9764,3446.1
205.0016,3216.8
205.0268,3479.4
205.0520,3217.0
205.0773,3336.1
205.1025,3029.0
205.1277,3266.5
205.1530,3090.7
205.1782,3071.3
205.2035,3432.8
205.2287,3200.1
205.2543,868.1
205.2796,3071.0
205.3048,3329.0
205.3300,3281.9
205.3552,3142.5
205.3804,3445.1
205.4056,3094.4
205.4309,3135.3
205.4561,3171.8
205.4813,3462.9
205.5065,3170.7
205.5317,3339.4
205.5570,3605.4
205.5832,1979.4
205.6084,1300.9
205.6337,3409.4
205.6589,3288.3
205.6841,3181.7
205.7093,3283.8
205.7345,3126.9
205.7598,3106.4
205.7850,3119.8
205.8102,3360.6
205.8354,3431.6
205.8607,3327.7
205.8859,3523.0
205.9111,3390.0
205.9373,1537.1
205.9625,2643.9
205.9877,3420.3
206.0130,3585.6
206.0382,3392.9
206.0634,3499.4
206.0887,3319.2
206.1139,3396.0
206.1394,3413.1
206.1647,3008.6
206.1899,3255.9
206.2151,3253.9
206.2403,3328.5
206.2664,2120.3
206.2917,1101.8
206.3169,3214.4
206.3421,2953.2
206.3673,3327.4
206.3926,3209.7
206.4178,3436.9
206.4430,3101.1
206.4683,3500.8
206.4935,3127.7
206.5188,2685.0
206.5440,3273.9
206.5698,3457.5
206.5950,465.2
206.6202,3348.0
206.6454,3381.4
206.6706,3331.0
206.6958,3447.9
206.7211,3326.8
206.7463,3105.4
206.7715,3157.7
206.7967,3249.7
206.8219,3252.5
206.8471,3402.0
206.8723,3467.0
206.8976,1823.0
206.9232,2974.8
206.9484,878.1
206.9736,3710.6
206.9988,3485.8
207.0240,3462.4
207.0492,3636.6
207.0745,3500.3
207.0997,3580.8
207.1249,3435.3
207.1502,3154.3
207.1754,3273.0
207.2008,3316.0
207.2264,3305.3
207.2516,3569.3
207.2768,3375.9
207.3030,2712.5
207.3282,1168.2
207.3534,3340.4
207.3787,3305.3
207.4039,3635.9
207.4291,3334.5
207.4543,3384.9
207.4795,3293.1
207.5051,3481.6
207.5303,3153.1
207.5557,3444.4
207.5810,3321.4
207.6065,3208.8
207.6317,3241.4
207.6579,949.3
207.6831,2995.0
207.7083,3340.3
207.7335,3567.9
207.7588,3483.7
207.7840,3450.1
207.8092,3309.1
207.8344,3119.0
207.8596,3339.4
207.8850,3174.2
207.9106,3262.4
207.9358,3140.8
207.9611,3392.0
207.9867,2186.6
208.0119,1490.8
208.0371,3216.7
208.0623,3596.0
208.0875,3216.0
208.1130,3014.0
208.1382,3368.4
208.1635,3246.2
208.1887,3246.4
208.2138,3265.7
208.2390,3372.7
208.2642,3236.9
208.2894,3210.2
208.3147,3252.1
208.3404,2843.9
208.3656,1151.5
208.3908,2870.9
208.4160,3366.9
208.4414,3219.6
208.4666,3468.9
208.4918,3367.0
208.5170,3057.4
208.5422,3287.6
208.5674,3224.2
208.5926,3110.8
208.6179,3170.7
208.6431,2680.6
208.6687,887.4
208.6940,3012.2
208.7192,3729.6
208.7444,3464.5
208.7696,3348.1
208.7948,3517.2
208.8201,3173.1
208.8453,3253.8
208.8707,3339.9
208.8959,3358.2
208.9211,3230.3
208.9467,3284.8
208.9719,3482.3
208.9972,2578.7
209.0228,3483.8
209.0479,529.8
209.0731,3610.6
209.0984,3373.9
209.1236,3286.3
209.1489,3428.9
209.1740,3448.9
209.1993,3518.7
209.2245,3262.9
209.2497,3445.6
209.2750,3286.5
209.3002,3317.1
209.3254,3366.0
209.3506,3363.4
209.3759,2899.4
209.4017,1258.5
209.4270,2637.6
209.4522,3574.7
209.4774,3357.7
209.5027,3515.3
209.5279,3644.6
209.5531,3212.9
209.5783,3287.4
209.6035,3177.1
209.6288,3482.1
209.6540,3236.8
209.6792,3461.6
209.7047,3122.5
209.7300,3571.8
209.7557,2498.3
209.7809,1206.3
209.8061,3281.2
209.8313,3333.6
209.8566,3084.4
209.8818,3364.7
209.9070,3513.6
209.9324,3151.4
209.9577,3623.0
209.9829,3191.4
210.0081,3324.8
210.0333,3113.8
210.0586,3455.4
210.0838,3145.8
210.1101,795.7
210.1353,3270.6
210.1605,3415.8
210.1857,3305.9
210.2109,3389.9
210.2362,3115.7
210.2614,3276.7
210.2866,3254.4
210.3118,3415.6
210.3370,3269.4
210.3623,3197.0
210.3875,3448.3
210.4127,2828.2
210.4384,3217.9
210.4636,597.3
210.4888,3699.9
210.5141,3448.9
210.5393,3223.6
210.5645,3249.3
210.5898,3377.1
210.6150,3399.1
210.6403,3021.3
210.6656,3126.7
210.6908,3140.9
210.7161,3324.4
210.7413,3833.9
210.7665,3455.6
210.7918,3645.4
210.8180,2307.5
210.8433,1805.1
210.8685,3422.8
210.8937,3403.8
210.9189,3571.3
210.9441,3518.4
210.9693,3330.7
210.9945,3446.5
211.0198,3411.9
211.0450,3161.4
211.0703,3507.8
211.0955,3400.2
211.1207,3429.4
211.1460,3234.7
211.1712,3634.4
211.1970,1119.6
211.2222,2587.4
211.2475,3647.2
211.2727,3495.5
211.2979,3410.7
211.3231,3639.0
211.3483,3394.3
211.3736,3383.6
211.3988,3530.5
211.4240,3413.3
211.4492,3142.2
211.4745,3307.0
211.4997,3217.9
211.5250,3219.3
211.5512,3213.6
211.5764,624.1
211.6016,3560.2
211.6269,3441.8
211.6521,3441.2
211.6773,3331.7
211.7029,3506.8
211.7281,3693.7
211.7534,3143.2
211.7788,3235.6
211.8041,3318.9
211.8293,3291.7
211.8545,3433.3
211.8798,3525.8
211.9050,3191.4
211.9302,434.3
211.9554,3741.2
211.9807,3547.4
212.0061,3484.7
212.0314,3666.3
212.0566,3606.4
212.0821,3602.0
212.1073,3490.4
212.1325,3481.9
212.1577,3478.5
212.1829,3511.2
212.2082,3334.2
212.2334,3511.9
212.2586,3375.8
212.2838,3441.2
212.3095,1725.9
212.3350,2276.6
212.3603,3502.3
212.3855,3422.0
212.4107,3473.1
212.4359,3659.2
212.4611,3535.0
212.4863,3493.0
212.5116,3636.1
212.5368,3449.2
212.5620,3390.3
212.5872,3593.3
212.6125,3264.1
212.6377,3333.7
212.6629,3193.8
212.6882,638.5
212.7134,3224.8
212.7386,3277.0
212.7639,3234.4
212.7891,3564.3
212.8143,2832.7
212.8395,2766.1
212.8648,3247.4
212.8902,2785.2
212.9154,3268.0
212.9410,2851.4
212.9662,3533.9
212.9915,609.8
213.0167,2853.4
213.0419,3305.3
213.0671,3329.4
213.0923,3472.4
213.1176,3219.5
213.1428,3460.5
213.1680,3365.1
213.1932,3643.6
213.2185,3334.7
213.2437,3399.5
213.2690,3309.1
213.2942,3279.9
213.3194,2174.8
213.3446,2821.3
213.3702,502.8
213.3954,3546.1
213.4208,3070.4
213.4460,3288.0
213.4712,3471.4
213.4964,3611.3
213.5216,3356.5
213.5469,3248.1
213.5721,3463.4
213.5973,3611.0
213.6226,3206.7
213.6478,3320.9
213.6730,3144.4
213.6983,3275.8
213.7239,249.4
213.7491,3549.9
213.7743,3536.2
213.7996,2913.5
213.8248,2960.8
213.8500,3088.1
213.8752,3182.3
213.9004,2876.2
213.9256,2819.5
213.9509,3309.4
213.9761,3715.5
214.0020,2593.4
214.0272,1487.0
214.0524,3391.7
214.0777,3297.8
214.1029,3526.4
214.1282,2929.4
214.1534,3553.9
214.1787,2993.7
214.2039,3421.7
214.2292,3577.7
214.2544,3201.7
214.2799,3401.4
214.3052,3467.3
214.3304,3375.4
214.3567,1959.1
214.3819,1696.5
214.4071,3344.4
214.4324,3401.7
214.4576,3060.2
214.4830,3280.0
214.5082,3123.2
214.5334,3639.3
214.5587,3428.8
214.5839,3307.6
214.6091,3211.1
214.6344,3416.4
214.6596,3362.3
214.6848,2298.8
214.7110,2029.9
214.7362,1977.4
214.7614,2974.1
214.7867,3589.9
214.8119,3383.2
214.8371,3233.4
214.8624,3653.8
214.8876,2991.1
214.9128,3329.2
214.9380,3533.4
214.9632,3317.7
214.9884,3263.5
215.0137,2907.5
215.0389,3492.4
215.0642,634.9
215.0894,3256.3
215.1149,3514.9
215.1404,3277.4
215.1656,3598.6
215.1908,3360.6
215.2160,3441.4
215.2413,3337.4
215.2665,3264.2
215.2917,3074.9
215.3169,3455.5
215.3421,3686.5
215.3674,3515.5
215.3926,3397.8
215.4178,3627.5
215.4445,578.6
215.4700,3323.1
215.4952,3534.6
215.5204,3517.0
215.5456,3648.4
215.5708,3431.7
215.5960,3243.6
215.6213,3373.4
215.6465,3232.6
215.6717,3413.9
215.6970,3193.1
215.7222,3028.2
215.7474,3338.7
215.7727,2644.3
215.7989,2480.1
215.8241,1742.8
215.8493,3523.0
215.8749,3619.2
215.9007,3357.7
215.9259,3491.0
215.9512,3484.0
215.9764,3398.1
216.0018,3368.6
216.0270,3637.5
216.0522,2993.8
216.0774,3255.1
216.1027,3229.2
216.1279,3539.3
216.1530,3316.0
216.1798,634.5
216.2051,3296.2
216.2303,3342.9
216.2555,3253.8
216.2807,3327.0
216.3059,2854.0
216.3311,3517.0
216.3567,3096.1
216.3822,3525.2
216.4074,3095.5
216.4331,3609.5
216.4583,2244.9
216.4835,3063.9
216.5096,1303.5
216.5349,2638.0
216.5601,3323.7
216.5853,3324.1
216.6106,3678.6
216.6358,3170.5
216.6610,3544.9
216.6863,3052.7
216.7115,3254.5
216.7367,2975.5
216.7619,3248.1
216.7872,3342.4
216.8127,3497.1
216.8380,3648.6
216.8641,997.6
216.8893,2923.9
216.9146,3397.9
216.9398,2798.5
216.9649,3678.5
216.9901,3358.7
217.0154,3436.3
217.0409,3521.8
217.0661,3156.7
217.0914,3340.7
217.1166,3294.1
217.1418,3300.7
217.1670,2701.5
217.1923,3355.2
217.2189,628.4
217.2441,3618.6
217.2693,3064.1
217.2945,3690.2
217.3197,3304.6
217.3449,3377.2
217.3701,3257.8
217.3954,3212.7
217.4209,3451.2
217.4461,3377.9
217.4713,3419.0
217.4965,3269.3
217.5222,2499.4
217.5482,3205.8
217.5734,400.5
217.5986,3316.8
217.6239,3332.8
217.6491,3123.7
217.6743,3145.1
217.6996,3179.1
217.7248,3599.6
217.7500,3288.8
217.7752,3094.5
217.8004,3058.7
217.8257,3182.6
217.8513,3488.1
217.8765,3365.1
217.9017,431.4
217.9269,3611.3
217.9522,3244.9
217.9774,3481.8
218.0026,3366.8
218.0278,3157.4
218.0530,2626.2
218.0783,3254.7
218.1035,3276.9
218.1287,3075.0
218.1539,3302.4
218.1791,2360.1
218.2043,2635.2
218.2303,767.3
218.2555,3081.5
218.2807,3378.3
218.3059,3358.1
218.3311,3507.3
218.3564,3324.0
218.3816,3492.0
218.4068,3392.8
218.4320,3176.0
218.4573,3327.6
218.4825,3304.2
218.5077,2801.6
218.5330,3606.2
218.5584,2171.9
218.5841,3358.6
218.6093,625.8
218.6345,3713.3
218.6597,3269.5
218.6850,3377.3
218.7102,3404.0
218.7354,3554.0
218.7606,3409.9
218.7859,3307.5
218.8111,3253.3
218.8363,3362.1
218.8621,3306.5
218.8874,3379.3
218.9126,3267.9
218.9378,2761.6
218.9640,2766.9
218.9892,1255.8
219.0144,2940.5
219.0396,3352.5
219.0648,3213.0
219.0900,3550.2
219.1153,3429.9
219.1405,3298.2
219.1657,3690.9
219.1909,3471.3
219.2162,3324.6
219.2417,3326.1
219.2670,3320.5
219.2930,3087.5
219.3182,539.4
219.3434,3574.8
219.3689,2863.5
219.3941,3350.1
219.4193,3270.8
219.4445,3651.9
219.4697,3378.9
219.4949,3564.9
219.5202,3662.6
219.5454,3410.9
219.5706,3515.9
219.5958,3317.3
219.6210,3380.2
219.6462,2928.8
219.6715,3636.8
219.6966,224.2
219.7219,3693.5
219.7471,3424.8
219.7723,3573.2
219.7975,3367.8
219.8228,3478.6
219.8480,3891.2
219.8732,3349.8
219.8984,3120.1
219.9237,3459.0
219.9489,3333.9
219.9741,3582.5
219.9993,3430.9
220.0249,3321.2
220.0502,3855.0
220.0764,957.4
220.1016,3118.0
220.1268,3475.3
220.1521,3600.9
220.1773,3304.7
220.2027,2467.0
220.2278,3360.5
220.2531,3368.2
220.2783,3165.0
220.3035,3545.9
220.3287,3373.5
220.3539,3276.7
220.3791,3319.6
220.4053,720.8
220.4306,2793.9
220.4557,3356.9
220.4810,3521.2
220.5062,3257.7
220.5318,3303.8
220.5570,3414.9
220.5822,3196.1
220.6074,3126.3
220.6329,3241.6
220.6581,3027.2
220.6833,3313.1
220.7085,3129.3
220.7337,2889.6
220.7598,2924.2
220.7851,1165.0
220.8103,3264.4
220.8355,2993.8
220.8608,3389.7
220.8862,3414.6
220.9117,3072.4
220.9371,3235.5
220.9623,3180.1
220.9875,3343.9
221.0127,3515.4
221.0379,3275.2
221.0632,3398.3
221.0893,2191.8
221.1146,1700.8
221.1398,3358.9
221.1650,3221.5
221.1902,3325.3
221.2154,3136.8
221.2407,3390.5
221.2659,3377.8
221.2911,3121.9
221.3163,3202.6
221.3416,3063.9
221.3669,3400.9
221.3921,3369.9
221.4173,3234.5
221.4434,1049.8
221.4687,3094.2
221.4939,3275.1
221.5191,3329.6
221.5444,3465.4
221.5696,3369.9
221.5948,3371.1
221.6201,3280.7
221.6453,3504.3
221.6705,3386.6
221.6958,3397.9
221.7210,3248.2
221.7462,3464.7
221.7715,1795.1
221.7978,2464.1
221.8230,1564.6
221.8482,3510.8
221.8734,3909.2
221.8987,3707.7
221.9239,3790.4
221.9491,3388.2
221.9748,3617.5
222.0000,3394.6
222.0252,3234.0
222.0505,3639.6
222.0757,3381.3
222.1009,3587.9
222.1261,3399.6
222.1513,3686.7
222.1765,2328.6
222.2018,3679.1
222.2271,756.2
222.2523,3125.3
222.2775,3649.5
222.3028,3459.9
222.3284,3474.7
222.3537,3557.8
222.3789,3331.3
222.4041,3654.7
222.4294,3424.3
222.4547,3541.4
222.4800,3375.8
222.5052,3402.8
222.5304,3465.9
222.5556,3250.0
222.5809,3519.5
222.6061,3369.6
222.6313,655.0
222.6565,3452.4
222.6817,3284.2
222.7070,3555.2
222.7322,3292.2
222.7574,3427.2
222.7827,2815.4
222.8079,3324.0
222.8333,3043.6
222.8586,3106.0
222.8838,3083.4
222.9090,3146.2
222.9342,2995.5
222.9594,721.1
222.9846,3103.6
223.0099,3091.6
223.0352,3404.3
223.0604,3312.7
223.0857,3272.5
223.1110,3615.9
223.1362,2930.3
223.1618,3313.9
223.1874,3416.0
223.2126,3362.3
223.2379,3115.6
223.2631,3419.2
223.2883,3407.4
223.3135,480.2
223.3387,3185.5
223.3640,3665.5
223.3892,3062.3
223.4144,3333.5
223.4396,3271.4
223.4648,3229.6
223.4900,3234.2
223.5153,3294.4
223.5405,3219.6
223.5657,3284.5
223.5909,3300.5
223.6171,1500.2
223.6423,2142.5
223.6675,3304.2
223.6928,3393.6
223.7180,3672.3
223.7432,3367.5
223.7684,3402.8
223.7936,3663.6
223.8188,3421.4
223.8441,3388.7
223.8693,3415.5
223.8945,3775.1
223.9198,3301.4
223.9450,3211.5
223.9702,3595.0
223.9965,2384.8
224.0217,1523.8
224.0470,3289.3
224.0721,3250.3
224.0974,3303.0
224.1226,3206.2
224.1478,3001.4
224.1730,3290.4
224.1983,3261.6
224.2240,3071.9
224.2493,3553.3
224.2748,3226.2
224.3000,3279.5
224.3263,1173.9
224.3515,2973.3
224.3767,3360.1
224.4019,3404.5
224.4271,3699.9
224.4523,3431.2
224.4775,3492.2
224.5028,3362.5
224.5282,3316.2
224.5534,3379.2
224.5786,3188.5
224.6039,3322.6
224.6291,3215.5
224.6544,3516.4
224.6804,2872.5
224.7056,1107.2
224.7308,3191.9
224.7560,3287.7
224.7813,3140.5
224.8065,3286.8
224.8317,3578.4
224.8570,3046.5
224.8822,3377.5
224.9075,3456.2
224.9327,3462.1
224.9579,3280.1
224.9831,3313.7
225.0084,3075.4
225.0336,496.5
225.0588,3607.1
225.0840,3264.7
225.1092,3349.4
225.1345,3624.0
225.1597,3501.2
225.1849,3342.9
225.2102,3429.8
225.2354,3246.7
225.2606,3640.2
225.2858,3268.6
225.3110,3365.0
225.3363,3529.6
225.3615,2338.4
225.3867,3656.6
225.4119,622.9
225.4371,3157.8
225.4625,3517.8
225.4877,3285.6
225.5129,3327.4
225.5381,3578.5
225.5634,3445.7
225.5886,3138.0
225.6138,3096.8
225.6390,3394.4
225.6642,3496.4
225.6895,3438.9
225.7147,3383.9
225.7399,3299.8
225.7651,1886.0
225.7903,3115.8
225.8165,1386.3
225.8417,2448.5
225.8672,3457.9
225.8924,3243.6
225.9176,3174.8
225.9428,3060.9
225.9680,3302.9
225.9937,3445.1
226.0189,3059.0
226.0441,3359.3
226.0694,3544.3
226.0946,3306.7
226.1198,3282.8
226.1460,1534.1
226.1716,2262.6
226.1969,3599.3
226.2221,3313.0
226.2473,3473.2
226.2725,3376.3
226.2978,3335.7
226.3230,2816.3
226.3482,3414.6
226.3734,3222.3
226.3986,3230.0
226.4239,2937.1
226.4491,3129.0
226.4754,1157.8
226.5007,2733.7
226.5259,3170.0
226.5511,3461.4
226.5763,3266.6
226.6015,3086.2
226.6267,3110.8
226.6519,3197.1
226.6772,3276.8
226.7024,3214.7
226.7276,3290.7
226.7528,3079.9
226.7780,3525.5
226.8040,552.7
226.8292,3215.4
226.8545,3440.1
226.8797,3049.0
226.9052,3560.4
226.9304,3412.7
226.9556,3475.8
226.9809,3237.9
227.0061,3361.5
227.0313,3355.8
227.0565,3456.8
227.0818,3215.8
227.1069,1786.5
227.1322,3315.1
227.1573,226.4
227.1825,3680.8
227.2077,3490.6
227.2329,3695.9
227.2581,3460.1
227.2834,3414.8
227.3086,3597.3
227.3338,3394.4
227.3590,3399.0
227.3842,3676.5
227.4094,3229.6
227.4347,3283.7
227.4599,3446.1
227.4851,3454.2
227.5103,3636.1
227.5365,2737.4
227.5617,1344.9
227.5869,3469.4
227.6121,3663.2
227.6374,3007.4
227.6626,3532.3
227.6878,3084.0
227.7130,3071.4
227.7382,3287.9
227.7634,3331.1
227.7889,3310.0
227.8147,3306.0
227.8400,3168.1
227.8661,3044.9
227.8913,744.8
227.9169,3745.7
227.9421,3054.3
227.9673,3495.4
227.9925,3000.1
228.0183,3342.2
228.0435,3261.8
228.0687,3428.3
228.0939,3183.7
228.1191,3388.9
228.1443,3262.7
228.1695,3423.3
228.1948,3441.8
228.2210,1681.9
228.2462,2549.9
228.2715,3555.4
228.2967,3251.3
228.3219,2890.2
228.3472,3609.8
228.3724,3161.8
228.3976,3110.0
228.4231,3308.6
228.4487,3079.4
228.4739,3348.5
228.4991,2916.7
228.5244,3290.3
228.5500,981.8
228.5753,2667.8
228.6005,3317.9
228.6258,3235.1
228.6510,3314.8
228.6763,3237.8
228.7015,3277.8
228.7267,3391.6
228.7519,3226.5
228.7772,3432.9
228.8023,2965.4
228.8279,3471.7
228.8531,3147.0
228.8793,1589.8
228.9046,2553.2
228.9298,3791.2
228.9549,3415.7
228.9802,3492.6
229.0054,3649.5
229.0306,3539.4
229.0558,3457.0
229.0810,3465.0
229.1063,3376.4
229.1315,3646.7
229.1567,3277.4
229.1820,3000.0
229.2072,3287.5
229.2334,1454.0
229.2586,2110.9
229.2839,3235.5
229.3091,3270.0
229.3343,3249.4
229.3595,2936.2
229.3847,3375.6
229.4100,3027.1
229.4352,3096.4
229.4604,3277.7
229.4857,3572.5
229.5113,3219.5
229.5374,2198.6
229.5626,1880.5
229.5879,3527.5
229.6131,3512.3
229.6383,3377.9
229.6635,3421.8
229.6887,3914.3
229.7140,3379.3
229.7392,3295.7
229.7644,3245.1
229.7896,3084.5
229.8149,3355.8
229.8401,3300.9
229.8653,3491.2
229.8915,2179.4
229.9167,1522.1
229.9420,3419.9
229.9672,3304.8
229.9924,3405.7
230.0176,3375.6
230.0428,3683.4
230.0681,3472.4
230.0933,3235.2
230.1185,3365.8
230.1441,3489.4
230.1693,3618.7
230.1945,3377.1
230.2198,3305.6
230.2460,2557.6
230.2711,1443.4
230.2964,3242.1
230.3216,3511.2
230.3468,3372.7
230.3720,3230.9
230.3973,3539.0
230.4225,3346.8
230.4477,3340.6
230.4730,3251.8
230.4982,3388.4
230.5234,3611.1
230.5487,3335.3
230.5739,3435.5
230.5991,3615.2
230.6253,1757.4
230.6506,2046.4
230.6758,3358.7
230.7010,3565.1
230.7262,3327.3
230.7515,3411.3
230.7770,3479.0
230.8022,3432.8
230.8274,3210.9
230.8526,3149.7
230.8785,3231.6
230.9038,3189.6
230.9290,3469.3
230.9543,3482.6
230.9795,3483.4
231.0051,3019.9
231.0303,766.2
231.0556,3528.9
231.0808,3349.7
231.1060,3491.7
231.1313,3073.3
231.1565,2934.8
231.1817,3057.0
231.2069,3352.3
231.2321,2982.1
231.2574,3286.9
231.2826,3225.4
231.3079,3003.3
231.3341,2991.5
231.3593,1006.2
231.3845,3373.1
231.4098,3319.2
231.4350,3335.3
231.4603,3548.9
231.4855,3433.3
231.5107,3344.2
231.5359,3061.7
231.5612,3431.5
231.5864,3091.7
231.6116,3265.9
231.6369,3224.4
231.6630,3153.3
231.6882,409.0
231.7140,3251.2
231.7392,3219.5
231.7644,3433.0
231.7896,3260.9
231.8148,3255.6
231.8401,3288.5
231.8653,3232.6
231.8906,3386.6
231.9166,3427.0
231.9418,3490.9
231.9675,3236.5
231.9927,3624.0
232.0184,971.9
232.0436,3037.9
232.0688,3272.0
232.0941,3380.1
232.1193,3466.9
232.1445,3564.2
232.1698,3386.0
232.1953,3416.5
232.2205,3193.2
232.2457,3267.5
232.2710,3368.3
232.2962,3466.8
232.3214,3427.0
232.3466,1814.0
232.3728,2717.0
232.3980,1182.6
232.4232,3389.3
232.4485,3376.8
232.4741,3457.2
232.4993,3161.9
232.5246,2843.7
232.5499,3330.4
232.5751,2881.7
232.6007,3415.5
232.6260,3292.6
232.6513,3163.1
232.6765,1651.7
232.7026,2697.8
232.7281,1282.4
232.7533,3450.1
232.7785,3132.7
232.8038,3428.9
232.8290,3422.2
232.8543,3365.9
232.8795,3212.8
232.9048,3221.1
232.9300,3212.4
232.9552,3189.7
232.9804,3507.6
233.0057,3093.6
233.0309,3316.6
233.0571,1990.0
233.0826,1863.0
233.1079,3696.3
233.1331,3341.9
233.1586,3021.4
233.1838,3741.7
233.2090,3284.0
233.2343,3505.4
233.2595,3332.4
233.2847,3322.1
233.3099,3371.7
233.3351,3265.2
233.3603,3415.3
233.3855,1548.4
233.4108,2974.6
233.4359,545.5
233.4611,3106.2
233.4863,3212.2
233.5115,3362.3
233.5367,3202.3
233.5620,3184.7
233.5872,2829.5
233.6124,3352.1
233.6376,2967.8
233.6629,3133.8
233.6881,3306.4
233.7137,3235.1
233.7389,777.4
233.7641,3667.7
233.7894,3370.2
233.8146,3380.1
233.8398,3675.8
233.8651,3487.0
233.8903,3556.0
233.9156,3335.6
233.9408,3396.3
233.9660,3440.7
233.9912,3449.6
234.0164,3371.8
234.0417,3409.3
234.0669,3414.5
234.0922,3376.5
234.1183,2048.1
234.1435,1925.8
234.1687,3407.6
234.1939,3293.8
234.2191,3614.2
234.2446,3123.5
234.2698,3313.7
234.2951,3623.0
234.3203,3428.3
234.3459,3498.4
234.3711,3145.6
234.3966,3404.3
234.4218,3193.7
234.4471,2794.2
234.4728,3237.1
234.4981,872.3
234.5233,3402.5
234.5487,2918.7
234.5739,3472.4
234.5992,3309.0
234.6247,3560.9
234.6503,3280.9
234.6755,3140.4
234.7011,3425.1
234.7263,3287.8
234.7517,3251.7
234.7769,3209.5
234.8025,3173.5
234.8278,594.3
234.8530,3327.0
234.8782,3404.6
234.9035,3494.8
234.9289,3405.1
234.9541,3644.6
234.9793,3467.1
235.0047,3202.0
235.0299,3440.6
235.0552,3274.4
235.0804,3340.5
235.1056,3204.3
235.1308,2674.0
235.1561,3429.5
235.1813,694.3
235.2065,3194.0
235.2320,3633.3
235.2573,3573.2
235.2825,3432.6
235.3077,3455.9
235.3330,3370.3
235.3583,3499.7
235.3835,3390.0
235.4087,3440.6
235.4339,3283.7
235.4592,3441.2
235.4844,3346.1
235.5096,3326.2
235.5348,3631.9
235.5605,766.6
235.5857,3347.6
235.6109,2795.6
235.6365,2982.4
235.6617,2803.8
235.6870,3121.3
235.7122,3009.3
235.7374,3195.0
235.7626,2980.3
235.7878,3511.8
235.8131,2976.0
235.8392,2539.9
235.8644,1208.9
235.8897,3307.7
235.9149,3518.9
235.9401,3588.2
235.9653,3428.1
235.9906,3499.0
236.0158,3554.2
236.0411,2975.9
236.0663,3474.6
236.0915,3019.0
236.1167,3261.4
236.1420,3273.5
236.1672,3275.5
236.1930,1882.7
236.2182,1922.4
236.2434,3512.6
236.2687,3298.6
236.2939,3492.5
236.3191,3362.6
236.3443,3319.1
236.3696,3294.4
236.3948,3229.3
236.4202,3239.9
236.4454,3349.9
236.4706,3241.9
236.4958,3261.1
236.5211,3519.0
236.5462,595.3
236.5715,3187.5
236.5967,3398.7
236.6219,3347.4
236.6472,3444.0
236.6724,3561.3
236.6981,3205.4
236.7236,3033.5
236.7488,3428.1
236.7740,3192.9
236.7995,3379.5
236.8248,3252.3
236.8504,3479.5
236.8756,3414.4
236.9019,1151.7
236.9272,3361.8
236.9524,3381.8
236.9779,3244.8
237.0031,3631.1
237.0284,3423.7
237.0536,3143.5
237.0788,2721.5
237.1040,3061.2
237.1292,3446.0
237.1544,2828.7
237.1796,3133.5
237.2048,1437.6
237.2312,1869.1
237.2566,1742.8
237.2819,3554.4
237.3071,2878.2
237.3323,3039.7
237.3575,3071.0
237.3827,3666.8
237.4080,3051.0
237.4332,3449.3
237.4584,3265.9
237.4837,3326.3
237.5089,3429.8
237.5341,3329.1
237.5604,1534.1
237.5856,2463.6
237.6109,3217.0
237.6361,3704.2
237.6614,3154.2
237.6866,3501.7
237.7122,3318.8
237.7374,3584.1
237.7627,3404.7
237.7879,3428.3
237.8134,3465.0
237.8387,3206.5
237.8639,3233.5
237.8891,2272.9
237.9153,2464.3
237.9405,1345.4
237.9657,3329.4
237.9910,3210.6
238.0162,3630.7
238.0414,3479.5
238.0666,3218.9
238.0919,3244.7
238.1171,3083.6
238.1424,3171.1
238.1676,3270.5
238.1928,3236.4
238.2180,3559.8
238.2442,2546.7
238.2694,1496.4
238.2946,3485.4
238.3198,3560.6
238.3450,3546.6
238.3702,3485.7
238.3954,3573.7
238.4207,3257.8
238.4459,3327.7
238.4711,3335.2
238.4963,3042.1
238.5215,3317.1
238.5467,3409.2
238.5719,3338.6
238.5971,3484.3
238.6231,2321.4
238.6484,1654.2
238.6736,3476.1
238.6988,3419.7
238.7240,3515.1
238.7492,3133.4
238.7745,3175.9
238.7997,3407.1
238.8249,3438.5
238.8501,2959.2
238.8754,3452.5
238.9006,3295.4
238.9258,3463.2
238.9510,2578.1
238.9773,1078.2
239.0026,2512.0
239.0278,3424.5
239.0530,3279.5
239.0782,3476.6
239.1034,3203.9
239.1286,3401.0
239.1538,3168.1
239.1791,2719.1
239.2043,3327.7
239.2295,2806.2
239.2547,3197.2
239.2800,3330.9
239.3062,1000.1
239.3314,3117.9
239.3566,3504.0
239.3819,3283.1
239.4071,3719.6
239.4323,3311.3
239.4575,3426.3
239.4827,3013.7
239.5082,3371.1
239.5334,3088.6
239.5587,3465.6
239.5839,3358.6
239.6092,2098.7
239.6354,2407.6
239.6607,1473.3
239.6859,3347.7
239.7111,3422.5
239.7363,3359.2
239.7621,3394.4
239.7873,3588.9
239.8126,3421.2
239.8378,3279.7
239.8630,3438.3
239.8883,3296.2
239.9135,3359.8
239.9387,3170.5
239.9640,3371.9
239.9901,1807.3
240.0154,2082.8
240.0406,3719.8
240.0658,3249.9
240.0911,3385.7
240.1163,3478.2
240.1415,3504.4
240.1674,3095.1
240.1926,3721.6
240.2178,2952.9
240.2431,3315.5
240.2683,3182.9
240.2935,3176.6
240.3188,2005.4
240.3444,2169.0
240.3696,1650.6
240.3948,3225.2
240.4200,3108.3
240.4452,3611.1
240.4704,3170.0
240.4957,3428.0
240.5209,3288.4
240.5462,3465.8
240.5714,3576.5
240.5966,3401.6
240.6219,3179.7
240.6471,3291.5
240.6733,2097.7
240.6986,1592.2
240.7238,3423.2
240.7490,3064.1
240.7743,3602.8
240.7995,3466.1
240.8247,3422.3
240.8503,3357.3
240.8755,3550.4
240.9007,3264.2
240.9260,3268.2
240.9512,3308.9
240.9764,3681.7
241.0015,3325.1
241.0272,2090.1
241.0524,2065.6
241.0776,3477.8
241.1029,3627.6
241.1281,3523.1
241.1533,3472.1
241.1786,3616.2
241.2038,3384.8
241.2291,3207.4
241.2543,3355.0
241.2796,3421.8
241.3048,3337.4
241.3300,3343.0
241.3552,3126.1
241.3804,3714.5
241.4061,2697.5
241.4313,1238.5
241.4566,3477.9
241.4818,3711.4
241.5071,3483.7
241.5323,3241.1
241.5575,3600.5
241.5832,3354.5
241.6084,3549.2
241.6337,3421.8
241.6589,3334.7
241.6841,3524.1
241.7093,3362.8
241.7345,3313.5
241.7598,3545.6
241.7850,3451.8
241.8106,1840.9
241.8359,2548.6
241.8611,3487.5
241.8863,3440.5
241.9115,3699.9
241.9367,2622.7
241.9620,3578.3
241.9872,3234.0
242.0124,3206.9
242.0377,3467.8
242.0629,3690.1
242.0886,3374.9
242.1140,3319.5
242.1392,3208.0
242.1654,2070.2
242.1906,1668.4
242.2158,3317.3
242.2411,3181.7
242.2663,3340.6
242.2915,3538.3
242.3168,3152.0
242.3420,3300.1
242.3672,3205.0
242.3924,3344.6
242.4177,3400.3
242.4429,3215.3
242.4681,3417.9
242.4934,3566.9
242.5196,2492.7
242.5448,1603.2
242.5702,3036.7
242.5955,3312.7
242.6207,3278.7
242.6459,3425.7
242.6711,2996.6
242.6964,3378.1
242.7216,3407.6
242.7468,3310.5
242.7721,3417.6
242.7973,3656.7
242.8225,3290.1
242.8477,2757.4
242.8739,1883.0
242.8991,1536.9
242.9244,3342.8
242.9496,3602.8
242.9748,3124.7
243.0001,2991.9
243.0254,2515.7
243.0506,3196.0
243.0758,3346.3
243.1011,2834.5
243.1263,3087.2
243.1515,3186.6
243.1769,3560.7
243.2026,540.2
243.2277,3680.7
243.2530,3549.7
243.2782,3536.1
243.3034,3793.3
243.3286,3575.0
243.3538,3505.8
243.3791,3321.4
243.4044,3609.5
243.4296,3425.7
243.4549,3118.0
243.4801,3382.8
243.5053,3232.0
243.5311,3464.8
243.5564,3488.0
243.5816,544.8
243.6068,3359.1
243.6320,3072.3
243.6572,3454.9
243.6824,3513.3
243.7076,2874.6
243.7329,3434.2
243.7581,3059.6
243.7833,3230.1
243.8085,3082.7
243.8337,3471.7
243.8589,3273.8
243.8842,2433.1
243.9101,450.7
243.9354,3251.6
243.9606,3608.9
243.9859,2935.5
244.0111,3349.6
244.0363,3282.9
244.0615,2987.0
244.0867,3393.8
244.1120,3055.0
244.1372,3326.2
244.1624,3319.7
244.1876,3318.6
244.2128,2635.9
244.2387,392.5
244.2639,3415.0
244.2892,3357.0
244.3144,3482.6
244.3396,3700.3
244.3648,3401.4
244.3900,3259.9
244.4153,3425.0
244.4405,3325.0
244.4662,3302.4
244.4914,3242.3
244.5166,3026.0
244.5418,3294.9
244.5670,2576.5
244.5935,1556.6
244.6187,2521.6
244.6443,3453.1
244.6695,3074.4
244.6947,3396.4
244.7199,3462.5
244.7456,3567.7
244.7708,3372.2
244.7960,3286.9
244.8212,3132.4
244.8465,3422.3
244.8717,3329.7
244.8969,3342.1
244.9231,2472.7
244.9483,1156.2
244.9735,3463.1
244.9991,3418.4
245.0243,3631.8
245.0495,3462.8
245.0749,3525.1
245.1001,3807.9
245.1253,3538.8
245.1505,3490.8
245.1758,3310.2
245.2010,3281.4
245.2262,3094.8
245.2515,3188.9
245.2767,2465.0
245.3030,2189.5
245.3282,1698.9
245.3534,3247.9
245.3786,3387.4
245.4038,3335.8
245.4291,3401.5
245.4543,3477.7
245.4795,3322.6
245.5047,3628.5
245.5298,3409.0
245.5550,3440.5
245.5802,3572.7
245.6054,3262.8
245.6306,3062.9
245.6559,2766.3
245.6822,974.6
245.7074,3047.2
245.7327,3194.5
245.7579,3034.0
245.7831,3489.3
245.8083,3282.8
245.8339,3545.3
245.8591,3573.7
245.8843,3377.6
245.9097,3373.2
245.9350,3686.0
245.9602,3484.4
245.9854,3644.4
246.0106,3498.4
246.0359,3048.7
246.0615,3022.2
246.0867,851.3
246.1119,3651.2
246.1371,3453.9
246.1623,3438.5
246.1875,3403.5
246.2126,3422.9
246.2378,3404.0
246.2630,3660.8
246.2882,3140.9
246.3134,3536.5
246.3386,3515.2
246.3639,3626.0
246.3891,3441.4
246.4143,3638.0
246.4395,3495.3
246.4647,3512.5
246.4899,616.9
246.5151,3252.3
246.5404,3613.1
246.5656,3358.5
246.5911,3379.3
246.6163,3355.6
246.6415,3344.4
246.6667,3676.7
246.6919,3440.2
246.7171,3652.6
246.7423,3415.8
246.7675,3428.7
246.7927,3611.1
246.8179,3475.4
246.8431,3305.3
246.8684,3568.3
246.8947,937.9
246.9199,3202.5
246.9452,3346.4
246.9704,3634.4
246.9956,3404.0
247.0208,3591.4
247.0461,3498.6
247.0713,3632.9
247.0965,3538.8
247.1217,3700.3
247.1469,3434.4
247.1722,3254.1
247.1974,3569.5
247.2226,3549.5
247.2478,3242.0
247.2730,3397.8
247.2991,1452.5
247.3244,2254.1
247.3496,3445.4
247.3748,3254.7
247.4000,3110.6
247.4252,3609.5
247.4504,3209.5
247.4756,3514.6
247.5008,3525.6
247.5261,3417.0
247.5513,3520.8
247.5765,3394.0
247.6017,3505.7
247.6270,3413.2
247.6522,3346.9
247.6778,1868.8
247.7030,1973.8
247.7282,3193.8
247.7534,3086.1
247.7789,3310.2
247.8042,3358.3
247.8295,3085.7
247.8547,3460.0
247.8802,3197.0
247.9054,3326.2
247.9306,3069.6
247.9558,3327.1
247.9814,1711.3
248.0066,970.1
248.0318,3511.9
248.0571,3161.1
248.0823,3326.3
248.1075,3149.7
248.1327,3369.3
248.1579,3554.3
248.1831,3346.1
248.2084,3286.5
248.2336,3477.7
248.2588,3264.3
248.2840,3215.9
248.3092,3669.6
248.3344,3396.6
248.3601,717.0
248.3853,3078.7
248.4107,3437.5
248.4360,3612.6
248.4612,3544.0
248.4864,3637.7
248.5116,3369.8
248.5368,3531.5
248.5620,3594.6
248.5876,3292.0
248.6128,3260.6
248.6380,3362.5
248.6632,3495.3
248.6884,3128.2
248.7137,3658.7
248.7394,2317.6
248.7647,1423.7
248.7899,3403.3
248.8151,3410.8
248.8404,3298.4
248.8656,3429.5
248.8911,3115.5
248.9163,2938.6
248.9415,3475.1
248.9667,3651.8
248.9919,3284.8
249.0172,2852.6
249.0424,3624.6
249.0676,3467.0
249.0933,965.8
249.1186,3407.2
249.1438,3294.7
249.1689,3339.0
249.1941,3439.4
249.2194,3261.0
249.2446,3593.8
249.2698,3474.7
249.2950,3141.5
249.3202,3148.8
249.3454,3194.1
249.3706,3399.0
249.3959,3119.2
249.4221,2755.9
249.4474,1063.5
249.4726,3492.7
249.4978,3292.7
249.5230,3280.5
249.5482,3290.9
249.5735,3473.2
249.5987,3313.0
249.6239,3224.0
249.6492,3458.7
249.6744,3262.9
249.6999,3439.4
249.7252,3147.6
249.7504,3283.4
249.7762,1105.4
249.8014,2730.2
249.8267,3459.4
249.8519,3387.4
249.8775,3282.3
249.9027,3602.6
249.9279,3387.9
249.9531,3528.0
249.9783,3526.7
250.0035,3445.3
250.0287,3445.1
250.0540,3286.1
250.0792,3216.1
250.1044,3312.8
250.1305,937.6
250.1558,3068.7
250.1810,3373.6
250.2062,3368.5
250.2315,3482.2
250.2567,3336.7
250.2820,3580.5
250.3072,3340.4
250.3324,3376.4
250.3576,3351.4
250.3829,3377.9
250.4081,2950.1
250.4334,3157.6
250.4590,2826.5
250.4842,923.8
250.5094,3368.3
250.5347,3451.7
250.5599,3297.7
250.5851,3293.4
250.6103,3241.8
250.6355,3212.7
250.6607,2884.5
250.6860,2868.5
250.7112,3215.0
250.7364,3111.0
250.7616,3204.4
250.7877,1233.6
250.8129,2877.8
250.8381,3440.4
250.8633,3384.1
250.8885,3647.5
250.9137,3493.2
250.9389,3626.9
250.9644,3239.5
250.9897,3648.8
251.0149,3423.5
251.0402,3413.5
251.0654,3336.8
251.0906,3060.4
251.1159,3165.6
251.1416,1794.1
251.1668,2311.1
251.1921,3555.8
251.2173,3514.0
251.2425,3467.9
251.2678,3208.0
251.2930,3413.3
251.3182,3637.9
251.3434,3408.4
251.3686,3512.7
251.3938,3413.5
251.4191,3315.0
251.4443,3472.3
251.4696,3145.1
251.4948,3361.4
251.5209,960.8
251.5462,3236.2
251.5714,3445.0
251.5966,3510.9
251.6219,3478.3
251.6471,3559.0
251.6723,3312.4
251.6976,3352.8
251.7228,3400.4
251.7479,3416.2
251.7731,3408.5
251.7984,3489.0
251.8236,3445.7
251.8488,3529.1
251.8740,3419.5
251.8996,3149.5
251.9249,961.9
251.9501,3586.1
251.9754,3531.6
252.0006,3328.7
252.0258,3207.2
252.0510,3469.5
252.0763,3442.5
252.1015,3427.8
252.1267,3371.8
252.1520,3201.9
252.1772,3711.8
252.2023,3410.7
252.2276,3350.2
252.2528,3279.7
252.2780,3440.6
252.3037,370.6
252.3289,3554.7
252.3541,3316.2
252.3793,3706.3
252.4046,3341.9
252.4298,3172.9
252.4550,2570.6
252.4803,3203.5
252.5055,3311.4
252.5309,2951.3
252.5561,3488.8
252.5814,3303.8
252.6066,3150.2
252.6323,1405.2
252.6575,2036.6
252.6827,3659.4
252.7080,2928.8
252.7332,3521.4
252.7584,3387.3
252.7836,3427.7
252.8089,3502.9
252.8341,3395.0
252.8593,3227.0
252.8846,3445.4
252.9098,3267.4
252.9350,3484.8
252.9602,3635.3
252.9864,3037.7
253.0116,873.2
253.0369,3717.2
253.0621,3341.2
253.0874,3442.3
253.1126,3258.0
253.1378,3208.1
253.1630,3112.4
253.1883,3143.3
253.2135,3122.9
253.2390,3358.1
253.2642,3363.1
253.2894,3333.6
253.3149,2291.2
253.3401,3700.3
253.3653,415.8
253.3906,3122.0
253.4158,3314.4
253.4410,2868.1
253.4666,3243.7
253.4919,3419.5
253.5172,3084.4
253.5425,3219.9
253.5677,3238.7
253.5929,2838.9
253.6182,3377.6
253.6434,3099.1
253.6686,583.0
253.6938,3211.7
253.7190,3281.9
253.7442,3536.5
253.7694,3589.6
253.7946,3379.7
253.8202,3066.1
253.8455,3440.8
253.8707,3285.8
253.8960,3359.2
253.9212,3279.7
253.9464,3140.8
253.9716,2583.9
253.9969,3317.2
254.0231,980.9
254.0483,3108.8
254.0735,3306.2
254.0988,3239.7
254.1240,3228.9
254.1492,3703.8
254.1745,3376.0
254.1997,3278.5
254.2250,3201.1
254.2502,3008.3
254.2754,3055.2
254.3008,3301.5
254.3261,2783.3
254.3517,2121.1
254.3772,1382.3
254.4025,3650.6
254.4277,3394.3
254.4532,3320.9
254.4787,3679.1
254.5044,3461.3
254.5297,3505.2
254.5549,3500.2
254.5801,3531.9
254.6053,3442.9
254.6305,3355.4
254.6557,3150.0
254.6810,2918.7
254.7072,2773.6
254.7324,1056.2
254.7576,3433.8
254.7828,3118.4
254.8081,3147.2
254.8333,3321.1
254.8585,3489.9
254.8837,3176.1
254.9089,3222.7
254.9341,3380.4
254.9594,3483.5
254.9849,3325.4
255.0101,3404.0
255.0353,3595.7
255.0612,745.3
255.0864,3193.5
255.1117,3383.2
255.1369,3447.9
255.1622,3327.1
255.1874,3567.6
255.2126,3415.2
255.2378,3424.3
255.2630,3595.1
255.2883,3517.7
255.3135,3449.5
255.3390,3598.4
255.3642,3614.3
255.3895,3269.6
255.4156,3135.6
255.4408,593.8
255.4660,3622.3
255.4912,3469.1
255.5167,3663.6
255.5419,3335.3
255.5671,3292.6
255.5924,3617.0
255.6176,3443.8
255.6431,3530.9
255.6684,3202.0
255.6936,3575.9
255.7188,3474.4
255.7440,3419.1
255.7692,3583.5
255.7944,3397.6
255.8206,1991.1
255.8459,2198.5
255.8711,3352.4
255.8962,3209.4
255.9214,3365.9
255.9467,3277.1
255.9719,3429.4
255.9971,3104.9
256.0223,3196.8
256.0475,3436.4
256.0727,3224.2
256.0980,2801.4
256.1235,3395.6
256.1496,1539.0
256.1749,2080.3
256.2001,3664.7
256.2253,3211.0
256.2505,3254.0
256.2758,3207.4
256.3013,3017.2
256.3266,3008.7
256.3518,3249.3
256.3770,3308.2
256.4022,3108.7
256.4274,3335.1
256.4525,3353.3
256.4777,3472.8
256.5041,1402.5
256.5293,2519.0
256.5545,3426.3
256.5797,2978.4
256.6049,3381.5
256.6301,3075.8
256.6553,3265.4
256.6805,2991.1
256.7058,2993.9
256.7310,3255.8
256.7562,2960.8
256.7814,3621.9
256.8066,3481.7
256.8320,3398.2
256.8583,1995.0
256.8836,1836.8
256.9088,3593.9
256.9340,3337.3
256.9592,3454.1
256.9844,3545.1
257.0096,3315.4
257.0349,3180.5
257.0601,3090.3
257.0853,3448.5
257.1105,3377.5
257.1357,3349.7
257.1610,3338.8
257.1862,3174.9
257.2118,3015.4
257.2371,673.1
257.2623,3198.3
257.2879,3030.2
257.3131,2766.4
257.3383,3103.6
257.3635,3379.1
257.3887,2862.6
257.4140,3263.4
257.4393,3121.0
257.4645,3564.0
257.4897,2380.7
257.5153,3039.6
257.5405,1007.4
257.5657,3459.7
257.5910,3327.0
257.6162,3645.4
257.6414,3467.0
257.6666,3382.7
257.6919,3276.5
257.7171,3179.9
257.7424,3232.1
257.7675,3221.0
257.7927,3321.4
257.8179,3367.3
257.8431,3439.7
257.8684,1887.4
257.8946,2042.8
257.9199,1802.6
257.9451,3466.1
257.9703,3514.8
257.9955,3383.7
258.0208,3618.2
258.0460,3571.5
258.0712,3270.3
258.0964,3223.8
258.1216,3404.8
258.1469,3120.6
258.1721,3304.3
258.1973,3181.1
258.2235,2676.7
258.2487,1050.9
258.2739,3410.6
258.2992,3043.0
258.3244,3391.4
258.3496,3175.6
258.3748,3409.5
258.4001,3281.3
258.4253,3268.3
258.4505,3435.2
258.4757,3178.4
258.5013,3471.9
258.5266,3462.3
258.5518,1725.5
258.5780,3100.2
258.6032,615.1
258.6284,3242.3
258.6537,3353.8
258.6789,3193.4
258.7041,3234.2
258.7293,2942.3
258.7546,3298.6
258.7798,3257.0
258.8050,3266.9
258.8303,3315.0
258.8555,3425.2
258.8807,3600.8
258.9059,3435.4
258.9315,1065.8
258.9567,2986.4
258.9820,3502.0
259.0075,3368.5
259.0327,3766.3
259.0579,3527.6
259.0832,3267.2
259.1084,3164.2
259.1337,3193.8
259.1589,3272.0
259.1841,3358.9
259.2093,3673.0
259.2349,3158.9
259.2601,3495.6
259.2863,1216.9
259.3115,2456.6
259.3368,3517.7
259.3620,3384.0
259.3872,3004.4
259.4124,3277.5
259.4377,3319.8
259.4629,3134.8
259.4881,2861.7
259.5133,3021.7
259.5386,3094.5
259.5643,2333.3
259.5895,1121.5
259.6147,3221.7
259.6400,3321.0
259.6655,3456.9
259.6907,3292.5
259.7160,3420.8
259.7412,3209.1
259.7664,3357.1
259.7916,3316.2
259.8168,3431.3
259.8420,3197.3
259.8675,3073.8
259.8938,2398.0
259.9190,1461.0
259.9442,3348.1
259.9695,3400.6
259.9947,3267.3
260.0199,3290.2
260.0451,2919.0
260.0704,3266.9
260.0956,3110.2
260.1209,3070.8
260.1461,3092.5
260.1713,3209.5
260.1965,3383.3
260.2218,3449.6
260.2480,910.9
260.2733,3112.5
260.2985,3410.8
260.3237,3481.5
260.3489,3608.9
260.3741,3490.2
260.3994,3338.5
260.4246,3540.5
260.4498,2756.2
260.4753,3212.5
260.5005,3385.3
260.5257,3196.5
260.5509,3202.7
260.5761,3373.8
260.6023,2691.5
260.6275,937.0
260.6527,3743.3
260.6779,3456.6
260.7031,3454.1
260.7287,3557.2
260.7539,3492.9
260.7791,3117.3
260.8044,3420.5
260.8296,3527.0
260.8548,3238.9
260.8800,3526.1
260.9052,3351.2
260.9304,3388.8
260.9557,3612.8
260.9816,3110.7
261.0069,654.3
261.0321,3495.3
261.0573,3163.2
261.0825,2955.0
261.1078,3697.7
261.1330,3020.0
261.1583,3088.1
261.1835,3230.8
261.2087,3336.7
261.2340,3396.7
261.2592,3289.6
261.2844,3254.1
261.3096,565.3
261.3348,3209.5
261.3601,3595.3
261.3853,3295.2
261.4105,3361.7
261.4357,3654.4
261.4610,3352.7
261.4862,3189.9
261.5114,2906.3
261.5366,3578.2
261.5618,3094.6
261.5871,3316.1
261.6123,3380.5
261.6375,3418.6
261.6636,1838.4
261.6888,1826.9
261.7141,3040.2
261.7393,3301.4
261.7647,2950.9
261.7899,3034.3
261.8151,3275.7
261.8403,3121.2
261.8656,2875.1
261.8908,3235.4
261.9160,2945.0
261.9421,2781.4
261.9673,1057.1
261.9925,3361.6
262.0178,3585.3
262.0430,3373.6
262.0682,3388.4
262.0934,3367.2
262.1186,3328.8
262.1438,3290.2
262.1690,3291.2
262.1942,3176.9
262.2194,3082.7
262.2447,3551.7
262.2699,3363.1
262.2963,2108.2
262.3215,1734.8
262.3468,3507.1
262.3720,3527.0
262.3972,3741.9
262.4224,3502.6
262.4476,3631.1
262.4728,3333.0
262.4981,3350.4
262.5233,3348.5
262.5485,3639.7
262.5737,3467.2
262.5990,3532.7
262.6242,3194.4
262.6494,3283.3
262.6746,3639.1
262.6999,678.0
262.7251,3188.2
262.7503,3499.6
262.7756,3268.6
262.8008,3247.8
262.8260,3483.3
262.8512,3141.7
262.8765,3074.6
262.9017,2875.6
262.9269,3451.6
262.9521,3227.2
262.9774,3477.9
263.0026,2968.3
263.0278,619.3
263.0530,3313.7
263.0782,3260.1
263.1034,3489.2
263.1287,3518.6
263.1539,3407.0
263.1791,3602.4
263.2043,3020.6
263.2295,3211.4
263.2548,3243.0
263.2800,3123.7
263.3052,3160.6
263.3304,2201.3
263.3556,3093.8
263.3815,1081.7
263.4067,2817.6
263.4320,3369.6
263.4572,3374.2
263.4824,3487.3
263.5076,3632.0
263.5329,3082.8
263.5585,3337.2
263.5837,3295.9
263.6089,3380.2
263.6341,3396.3
263.6593,3291.7
263.6846,3556.2
263.7103,2362.5
263.7355,1252.9
263.7607,3338.3
263.7860,3142.1
263.8112,3471.4
263.8364,3233.2
263.8617,2864.1
263.8871,2981.9
263.9123,3165.0
263.9375,3064.0
263.9627,3102.7
263.9880,3370.5
264.0137,2920.6
264.0389,464.0
264.0641,3752.4
264.0893,3381.7
264.1146,2929.7
264.1398,3338.2
264.1651,3224.2
264.1903,3313.9
264.2155,3259.9
264.2407,3209.4
264.2660,3559.8
264.2912,3290.1
264.3164,3192.7
264.3417,3294.7
264.3669,422.0
264.3922,3149.6
264.4174,3212.6
264.4426,3351.9
264.4679,3331.7
264.4931,2873.2
264.5183,3106.7
264.5435,2859.9
264.5688,3165.7
264.5940,3446.6
264.6192,3391.7
264.6444,3451.5
264.6705,1619.3
264.6958,2286.2
264.7212,3525.8
264.7464,3601.0
264.7716,3283.6
264.7968,3333.9
264.8220,3300.1
264.8472,3161.5
264.8725,3108.7
264.8977,3035.0
264.9230,3350.4
264.9482,3309.7
264.9734,3662.6
264.9986,3419.6
265.0243,1486.3
265.0495,2043.6
265.0747,3348.6
265.0999,3206.3
265.1251,3080.1
265.1504,3330.8
265.1756,3403.0
265.2008,2610.6
265.2260,3313.8
265.2513,3129.2
265.2765,2912.6
265.3028,2352.0
265.3280,1086.1
265.3532,3379.5
265.3784,3340.2
265.4039,3130.9
265.4291,3554.5
265.4544,3212.5
265.4796,3258.9
265.5049,3321.6
265.5301,3323.2
265.5553,3384.8
265.5805,3427.0
265.6059,3434.2
265.6311,3601.0
265.6573,2846.8
265.6825,951.1
265.7077,3369.8
265.7329,3499.5
265.7581,3376.1
265.7834,3337.9
265.8089,3438.0
265.8342,3354.1
265.8594,3054.0
265.8846,3196.0
265.9098,3338.6
265.9355,3492.5
265.9607,3637.4
265.9860,3217.9
266.0122,2246.2
266.0375,1275.4
266.0627,3531.3
266.0879,3578.4
266.1131,3431.1
266.1384,3480.5
266.1636,3327.6
266.1890,3221.5
266.2142,3108.8
266.2395,3306.1
266.2647,3090.5
266.2899,3456.2
266.3151,3386.3
266.3403,3253.9
266.3660,2354.1
266.3913,1516.4
266.4165,3004.9
266.4417,3170.3
266.4670,2927.7
266.4922,3273.7
266.5174,3176.4
266.5426,3138.1
266.5679,2792.9
266.5931,3231.7
266.6184,3584.3
266.6436,2695.4
266.6699,2369.0
266.6952,1395.6
266.7203,3403.4
266.7456,3399.3
266.7708,3270.5
266.7960,3366.6
266.8213,3239.9
266.8465,3060.0
266.8717,3370.9
266.8969,3073.6
266.9222,3382.1
266.9474,3408.8
266.9726,3540.8
266.9978,3669.9
267.0235,2505.1
267.0487,1304.0
267.0739,3366.9
267.0992,3505.9
267.1244,3352.9
267.1501,3409.8
267.1754,3489.4
267.2006,2747.0
267.2258,3349.9
267.2511,3451.5
267.2763,3435.6
267.3015,3546.9
267.3267,3398.6
267.3520,3633.1
267.3773,2652.6
267.4026,859.8
267.4282,3633.3
267.4534,3615.2
267.4787,3460.5
267.5039,3488.5
267.5291,3745.4
267.5543,3360.2
267.5795,3147.8
267.6048,3361.4
267.6300,3530.2
267.6552,3318.9
267.6804,3302.8
267.7056,3570.7
267.7309,3310.9
267.7571,2988.4
267.7823,1044.6
267.8075,3658.3
267.8328,3357.4
267.8580,3524.7
267.8832,3637.9
267.9084,3251.8
267.9336,3427.5
267.9589,3186.7
267.9844,3242.9
268.0096,3033.0
268.0348,3122.9
268.0600,3080.5
268.0853,3274.5
268.1114,1422.3
268.1366,2077.3
268.1618,3390.3
268.1870,2872.0
268.2122,3471.0
268.2374,3156.7
268.2627,3466.8
268.2879,3270.3
268.3131,3514.2
268.3383,3236.9
268.3635,3384.3
268.3891,2928.1
268.4153,2190.6
268.4405,1827.6
268.4657,3079.8
268.4909,3192.5
268.5162,3517.4
268.5414,3406.1
268.5666,3352.4
268.5919,3631.6
268.6171,3175.4
268.6424,3131.4
268.6676,3059.0
268.6931,3528.9
268.7184,3386.5
268.7436,3205.2
268.7694,3092.7
268.7947,645.2
268.8199,3632.7
268.8451,3505.9
268.8703,3360.3
268.8956,3336.1
268.9208,3219.6
268.9460,3209.7
268.9711,3100.8
268.9964,3412.3
269.0216,2941.4
269.0468,3306.6
269.0721,3196.6
269.0973,3236.4
269.1230,1007.9
269.1482,2792.2
269.1735,3377.4
269.1987,2958.3
269.2239,2993.6
269.2492,3154.2
269.2744,3128.2
269.2996,3420.0
269.3248,3227.4
269.3500,3094.0
269.3753,3261.4
269.4005,3322.6
269.4262,3046.1
269.4513,875.7
269.4766,3550.9
269.5017,3585.9
269.5269,3326.3
269.5521,3460.4
269.5774,3644.7
269.6026,3405.6
269.6278,3291.6
269.6530,3323.6
269.6782,3527.6
269.7034,3400.1
269.7288,3183.8
269.7540,3601.1
269.7792,3348.5
269.8049,3359.2
269.8301,508.6
269.8554,3685.5
269.8806,3608.4
269.9058,3325.9
269.9311,2915.9
269.9563,3268.4
269.9815,3507.5
270.0067,3534.0
270.0320,3116.2
270.0572,3428.9
270.0824,3116.3
270.1076,3306.7
270.1334,1685.1
270.1587,1645.6
270.1839,3262.9
270.2091,3524.4
270.2347,3571.2
270.2599,3519.4
270.2852,3320.4
270.3104,2700.4
270.3356,3537.7
270.3609,3056.3
270.3861,3283.9
270.4113,3198.0
270.4368,2618.2
270.4620,3601.8
270.4872,641.6
270.5124,3161.3
270.5377,3253.1
270.5629,3145.7
270.5882,3042.0
270.6134,3458.1
270.6387,3510.5
270.6639,3283.2
270.6891,3106.0
270.7143,3167.3
270.7395,3436.6
270.7648,3329.6
270.7900,3440.2
270.8154,3124.7
270.8406,799.8
270.8658,3356.2
270.8911,3430.1
270.9163,3479.6
270.9415,3467.1
270.9667,3195.1
270.9919,2961.0
271.0172,3210.8
271.0424,3203.8
271.0676,3108.8
271.0928,3011.5
271.1180,3310.1
271.1437,1743.6
271.1690,1746.6
271.1942,2831.9
271.2195,3421.9
271.2447,3062.1
271.2700,3409.3
271.2952,3076.4
271.3204,3299.3
271.3457,3352.7
271.3709,3391.9
271.3961,3274.4
271.4214,3261.5
271.4466,3264.3
271.4718,595.2
271.4970,3330.3
271.5223,3366.8
271.5475,3535.4
271.5727,3361.1
271.5980,3266.6
271.6232,3307.7
271.6484,2995.4
271.6737,3469.7
271.6989,2931.1
271.7241,3561.4
271.7494,2553.9
271.7746,3398.8
271.8008,1264.7
271.8260,2259.4
271.8513,3488.2
271.8765,3443.1
271.9017,3670.9
271.9270,3511.1
271.9521,3402.5
271.9773,3323.1
272.0025,3421.1
272.0278,3393.8
272.0533,3514.8
272.0785,3240.5
272.1046,3397.3
272.1299,3411.2
272.1551,3288.2
272.1807,792.7
272.2059,3041.8
272.2311,2306.7
272.2564,3217.2
272.2816,2830.2
272.3069,3163.9
272.3321,3447.3
272.3573,3470.8
272.3825,3440.5
272.4078,3096.0
272.4330,2977.7
272.4592,2556.6
272.4844,1455.4
272.5096,3233.0
272.5348,3347.9
272.5600,3474.2
272.5853,3243.1
272.6105,3049.5
272.6357,3453.0
272.6610,3012.7
272.6866,3253.3
272.7118,3275.5
272.7370,3410.8
272.7623,3253.7
272.7875,3621.5
272.8127,3293.7
272.8388,501.7
272.8640,3526.8
272.8892,3311.1
272.9145,3656.8
272.9397,3512.4
272.9649,3500.9
272.9905,3383.7
273.0157,3014.4
273.0409,3597.9
273.0662,3364.0
273.0918,3454.5
273.1171,3325.2
273.1423,3399.4
273.1675,3458.8
273.1927,3657.5
273.2180,211.4
273.2432,3735.6
273.2684,3527.9
273.2939,3623.2
273.3192,3465.7
273.3444,3445.6
273.3696,3606.9
273.3948,3242.8
273.4201,3521.7
273.4453,3353.9
273.4705,3326.0
273.4958,3384.5
273.5210,3424.7
273.5463,3495.0
273.5719,2203.5
273.5973,1588.0
273.6226,3298.5
273.6478,3442.2
273.6730,3509.8
273.6983,3367.9
273.7235,3242.2
273.7487,3410.0
273.7740,3307.0
273.7992,3480.9
273.8244,3538.1
273.8496,3369.0
273.8748,3284.9
273.9001,3307.8
273.9253,3569.0
273.9518,389.6
273.9772,3308.7
274.0024,3382.6
274.0277,3195.5
274.0529,3402.7
274.0782,3679.5
274.1034,3268.8
274.1286,3393.5
274.1538,3221.8
274.1791,3419.8
274.2043,3436.5
274.2297,3143.0
274.2549,2889.6
274.2806,941.3
274.3059,3055.2
274.3311,3491.0
274.3563,3675.4
274.3816,3700.1
274.4068,3362.2
274.4320,3583.0
274.4572,3513.6
274.4823,3340.8
274.5076,3635.5
274.5328,3342.9
274.5580,3261.8
274.5832,3603.3
274.6085,3461.3
274.6337,3684.4
274.6594,2483.0
274.6846,1118.9
274.7101,3506.7
274.7353,3305.6
274.7609,3437.0
274.7861,3195.0
274.8115,3452.1
274.8367,3045.1
274.8620,3418.1
274.8872,3657.2
274.9130,3082.6
274.9383,3277.4
274.9635,3448.3
274.9897,1221.9
275.0150,2456.5
275.0407,3547.5
275.0659,3334.7
275.0911,3131.4
275.1165,3126.7
275.1417,3412.0
275.1669,2858.2
275.1921,3332.2
275.2174,3256.6
275.2426,3374.9
275.2678,3406.3
275.2930,2219.7
275.3183,3564.3
275.3435,235.5
275.3687,3665.7
275.3939,3581.2
275.4191,3632.1
275.4443,3431.7
275.4695,3494.1
275.4948,3548.7
275.5200,3360.6
275.5452,3304.6
275.5705,3268.4
275.5957,3163.0
275.6209,3370.0
275.6461,3242.6
275.6713,3404.5
275.6965,3627.4
275.7217,510.3
275.7470,3312.1
275.7722,3435.6
275.7974,3712.2
275.8226,3412.6
275.8478,3339.2
275.8731,3363.6
275.8983,3081.6
275.9235,3336.1
275.9487,3362.5
275.9739,2926.9
275.9991,3510.7
276.0244,3404.1
276.0496,3426.4
276.0760,1541.4
276.1014,2200.6
276.1266,3265.9
276.1518,3082.9
276.1770,3385.5
276.2025,2828.3
276.2277,2562.8
276.2529,2973.2
276.2781,2776.9
276.3034,2559.0
276.3286,3511.0
276.3549,1665.7
276.3804,2410.8
276.4056,3511.0
276.4308,3465.1
276.4559,3441.5
276.4811,3331.2
276.5063,3613.5
276.5316,3456.9
276.5568,3313.8
276.5823,3373.2
276.6076,3304.9
276.6329,3145.5
276.6581,3356.8
276.6833,3472.3
276.7085,3408.1
276.7337,437.3
276.7589,3256.5
276.7841,3042.6
276.8094,3352.2
276.8346,3485.6
276.8598,2745.8
276.8851,2460.3
276.9107,3327.7
276.9360,3269.1
276.9612,3371.9
276.9864,2987.7
277.0127,2992.2
277.0379,869.8
277.0631,3364.9
277.0884,3298.2
277.1136,3308.4
277.1388,3285.8
277.1641,3564.5
277.1893,3363.9
277.2148,3242.5
277.2401,3395.9
277.2653,2799.3
277.2905,3347.2
277.3157,3400.7
277.3411,3000.4
277.3662,280.4
277.3914,3572.5
277.4166,3565.8
277.4419,3295.5
277.4671,3734.5
277.4923,3482.5
277.5175,3245.0
277.5428,3205.3
277.5680,3175.3
277.5932,3308.1
277.6184,3328.9
277.6437,3485.8
277.6693,3371.4
277.6945,3487.5
277.7209,1490.8
277.7461,2595.9
277.7713,3550.1
277.7966,3423.2
277.8218,3368.1
277.8470,3403.3
277.8722,3432.5
277.8975,3355.8
277.9227,3303.9
277.9479,3217.2
277.9731,3533.3
277.9983,3514.3
278.0236,3478.5
278.0488,3557.3
278.0750,1944.9
278.1003,1863.5
278.1255,3380.3
278.1507,3736.8
278.1759,3518.3
278.2012,3384.4
278.2264,3571.5
278.2516,3060.5
278.2769,3492.4
278.3021,3030.5
278.3273,3266.0
278.3529,3156.5
278.3781,3505.6
278.4033,3344.4
278.4291,3270.4
278.4543,592.1
278.4796,3362.0
278.5048,3021.0
278.5300,3038.7
278.5552,3452.1
278.5805,3403.3
278.6057,2902.4
278.6309,3459.3
278.6561,3054.7
278.6814,3374.7
278.7071,3371.0
278.7323,3476.7
278.7575,3334.2
278.7835,763.0
278.8087,2847.4
278.8340,3572.2
278.8592,3095.0
278.8844,3246.6
278.9096,2909.0
278.9349,2955.8
278.9601,3024.8
278.9853,3278.0
279.0105,3025.5
279.0358,2709.0
279.0615,1279.5
279.0867,2383.7
279.1120,3346.2
279.1372,3401.4
279.1624,3400.9
279.1877,3369.8
279.2130,3630.5
279.2383,3071.0
279.2635,3515.4
279.2887,3295.6
279.3139,3261.4
279.3391,3249.5
279.3644,3170.6
279.3896,3490.1
279.4153,2116.0
279.4405,1800.1
279.4657,3333.6
279.4910,3308.6
279.5162,3265.2
279.5414,3209.0
279.5670,3310.5
279.5922,3054.9
279.6174,3246.4
279.6426,3590.5
279.6679,3285.4
279.6931,3514.0
279.7183,3348.2
279.7436,3363.2
279.7688,648.0
279.7939,3146.4
279.8192,3284.9
279.8445,3500.6
279.8697,3161.8
279.8949,3183.1
279.9202,3274.4
279.9454,3360.2
279.9706,3105.6
279.9959,3358.6
280.0211,3059.5
280.0464,3210.6
280.0719,3522.0
280.0975,2413.8
280.1227,1324.9
280.1479,3371.5
280.1732,2779.9
280.1984,3021.0
280.2239,3257.8
280.2491,2969.1
280.2743,3236.3
280.2995,3177.5
280.3248,3228.5
280.3500,3207.8
280.3752,2414.4
280.4015,2965.6
280.4267,884.8
280.4519,3565.9
280.4772,3160.1
280.5024,3726.9
280.5276,3531.5
280.5528,3404.8
280.5781,3485.5
280.6033,3203.5
280.6285,3241.7
280.6537,3507.7
280.6790,3368.9
280.7043,3378.9
280.7295,3293.1
280.7548,3454.8
280.7800,3435.3
280.8060,2105.7
280.8312,2046.0
280.8564,3391.2
280.8817,3348.2
280.9069,3618.4
280.9321,3245.4
280.9573,3598.1
280.9825,3445.4
281.0079,3295.4
281.0331,3629.3
281.0583,3416.1
281.0839,3485.0
281.1091,3471.6
281.1344,3203.9
281.1596,3324.7
281.1848,483.9
281.2100,3569.4
281.2352,3458.3
281.2605,3214.5
281.2857,3432.0
281.3111,3412.2
281.3363,3124.3
281.3615,2803.1
281.3868,3141.2
281.4121,2956.8
281.4373,3049.6
281.4625,3335.3
281.4883,2516.5
281.5135,1399.2
281.5387,3341.4
281.5640,3525.1
281.5892,3446.9
281.6144,3442.4
281.6396,3408.5
281.6649,3552.1
281.6901,3354.7
281.7153,3354.9
281.7405,3452.3
281.7658,3318.8
281.7910,3314.5
281.8162,3251.5
281.8414,3358.1
281.8671,2643.5
281.8923,1228.6
281.9175,3413.7
281.9436,3315.0
281.9688,3702.1
281.9940,3422.3
282.0192,3700.7
282.0444,3569.9
282.0701,3476.0
282.0954,3670.9
282.1206,3399.2
282.1458,3292.4
282.1710,3485.0
282.1962,3392.0
282.2214,3409.7
282.2466,3359.0
282.2719,674.7
282.2972,3305.2
282.3226,3402.5
282.3478,3605.4
282.3729,3441.1
282.3981,3349.0
282.4233,3079.1
282.4486,3448.7
282.4738,3028.3
282.4990,3428.4
282.5243,3224.6
282.5495,3337.6
282.5748,3159.3
282.6009,1536.5
282.6261,1927.5
282.6514,3415.1
282.6766,3380.7
282.7019,3303.8
282.7271,3181.1
282.7523,2981.4
282.7775,3487.8
282.8027,3135.8
282.8279,3333.3
282.8532,3402.1
282.8784,3388.8
282.9036,3458.6
282.9293,1646.1
282.9546,2484.0
282.9798,3352.2
283.0053,3416.0
283.0305,3501.9
283.0558,3474.5
283.0810,3142.2
283.1062,3355.3
283.1314,2866.5
283.1567,3229.5
283.1819,3179.1
283.2071,3050.9
283.2324,3126.4
283.2586,904.9
283.2838,2520.3
283.3090,3551.6
283.3343,2999.4
283.3595,3277.9
283.3847,3269.3
283.4100,3342.6
283.4352,3430.6
283.4604,3385.2
283.4857,3642.1
283.5109,3198.2
283.5361,3325.0
283.5612,3602.8
283.5864,3359.5
283.6116,438.0
283.6370,3345.3
283.6623,3156.6
283.6875,3114.8
283.7127,3338.9
283.7380,2939.4
283.7632,3085.6
283.7884,2909.6
283.8136,3341.5
283.8389,3292.9
283.8641,3248.3
283.8893,3417.2
283.9155,2884.8
283.9408,897.3
283.9660,3468.4
283.9912,3514.1
284.0164,3593.9
284.0417,3578.9
284.0669,3485.9
284.0921,3315.4
284.1178,3554.0
284.1430,3306.2
284.1682,3347.6
284.1935,3114.3
284.2188,3506.8
284.2440,3457.8
284.2693,3251.8
284.2954,2160.5
284.3206,1619.5
284.3458,3408.4
284.3711,2647.0
284.3963,3446.8
284.4216,2963.8
284.4468,3197.2
284.4720,3234.4
284.4972,2674.1
284.5225,3151.9
284.5477,3303.3
284.5729,3308.4
284.5993,2089.6
284.6245,1902.2
284.6498,3381.8
284.6750,3488.0
284.7002,3453.6
284.7254,3338.4
284.7506,3298.1
284.7759,3063.4
284.8011,3614.1
284.8264,3250.7
284.8516,3169.9
284.8769,3454.6
284.9021,3076.0
284.9273,3317.0
284.9526,3521.6
284.9788,2394.4
285.0040,1701.9
285.0293,3517.6
285.0549,3721.6
285.0801,3521.4
285.1054,3531.3
285.1306,3590.3
285.1558,3531.8
285.1811,3045.8
285.2063,3518.9
285.2315,3086.9
285.2568,3246.0
285.2820,3225.7
285.3072,3629.5
285.3324,2542.9
285.3586,1696.5
285.3838,1875.3
285.4090,2862.6
285.4348,2990.7
285.4601,2578.1
285.4853,3485.8
285.5105,3202.6
285.5358,3099.5
285.5610,2907.0
285.5862,2996.2
285.6115,3397.8
285.6377,2605.3
285.6630,1391.9
285.6882,3504.3
285.7134,3642.6
285.7386,3472.4
285.7638,3727.2
285.7890,3505.8
285.8143,3602.0
285.8394,3242.4
285.8647,3278.3
285.8899,3307.5
285.9152,3475.2
285.9404,3403.8
285.9656,3504.2
285.9908,3423.0
286.0160,3737.4
286.0417,2276.1
286.0669,1619.4
286.0921,3492.5
286.1173,3612.3
286.1426,3472.5
286.1678,3643.9
286.1930,3432.1
286.2184,3449.7
286.2437,3577.2
286.2689,3266.1
286.2941,3604.5
286.3194,3470.6
286.3446,3319.9
286.3698,3311.3
286.3950,3660.8
286.4202,3368.0
286.4463,1782.4
286.4715,2002.5
286.4967,3470.9
286.5220,3588.5
286.5472,3454.1
286.5725,3589.3
286.5977,3440.4
286.6229,3460.9
286.6481,3352.4
286.6733,3455.2
286.6986,3547.1
286.7237,3187.2
286.7490,3355.7
286.7745,3199.9
286.7998,3492.8
286.8250,3262.0
286.8506,1415.7
286.8759,2726.3
286.9011,3708.7
286.9263,3270.1
286.9515,3430.7
286.9772,3204.4
287.0026,2954.7
287.0278,3200.7
287.0531,3273.3
287.0783,3420.1
287.1036,3379.0
287.1288,3427.8
287.1541,3555.4
287.1803,2876.4
287.2055,705.9
287.2308,3290.3
287.2560,3479.0
287.2812,3411.7
287.3065,3436.1
287.3317,3381.9
287.3569,3157.4
287.3821,3225.8
287.4075,3241.8
287.4327,3512.1
287.4580,3324.5
287.4832,3116.6
287.5084,3611.6
287.5336,1522.8
287.5593,2036.2
287.5846,1942.6
287.6098,3721.5
287.6350,2462.0
287.6603,2780.7
287.6855,3412.7
287.7107,2830.4
287.7362,3112.6
287.7615,2958.1
287.7867,3385.6
287.8120,3191.2
287.8381,1944.2
287.8634,1711.6
287.8886,3444.4
287.9141,3501.0
287.9394,3561.0
287.9646,3526.7
287.9899,3637.0
288.0151,3401.1
288.0403,3266.5
288.0658,3482.5
288.0910,3530.0
288.1163,3199.5
288.1415,3487.0
288.1667,3492.2
288.1923,3403.3
288.2175,3526.5
288.2437,365.0
288.2689,3623.8
288.2941,3327.8
288.3193,3285.5
288.3449,3447.6
288.3701,3420.6
288.3953,3258.1
288.4205,3408.7
288.4457,3124.1
288.4709,3377.3
288.4962,3206.3
288.5218,3445.7
288.5471,3076.3
288.5731,2404.5
288.5983,1444.5
288.6236,3245.0
288.6488,3447.2
288.6740,3592.9
288.6998,3191.8
288.7251,3600.9
288.7503,3154.4
288.7757,3000.7
288.8009,3258.1
288.8261,3465.4
288.8514,3113.2
288.8766,3298.1
288.9018,3559.9
288.9281,1952.1
288.9533,1936.1
288.9785,3242.0
289.0037,2967.5
289.0289,3613.0
289.0542,2951.3
289.0793,3318.9
289.1046,3308.8
289.1298,3326.1
289.1550,3254.6
289.1803,3265.0
289.2055,3665.1
289.2307,3527.8
289.2570,3137.1
289.2822,932.8
289.3074,3429.9
289.3326,3250.2
289.3579,3285.2
289.3831,3012.6
289.4086,3197.4
289.4339,2877.6
289.4591,3094.1
289.4843,2721.7
289.5096,2897.1
289.5348,2935.1
289.5609,1206.9
289.5861,2526.9
289.6113,3597.8
289.6368,3117.3
289.6622,3704.6
289.6874,3506.3
289.7133,2953.8
289.7385,3418.3
289.7637,3303.3
289.7890,3575.7
289.8142,3456.9
289.8394,3317.6
289.8647,3560.4
289.8899,2876.0
289.9151,2859.6
289.9410,408.9
289.9662,3473.3
289.9918,3114.2
290.0170,3429.9
290.0425,3012.6
290.0679,3389.8
290.0931,3130.8
290.1183,2598.4
290.1435,3537.9
290.1688,2822.4
290.1941,1944.8
290.2193,3650.1
290.2448,393.8
290.2702,3382.3
290.2958,3522.9
290.3210,2983.1
290.3462,3603.3
290.3714,3243.0
290.3967,3404.4
290.4219,3597.7
290.4471,2898.2
290.4726,3329.7
290.4978,3288.3
290.5231,3435.9
290.5484,3412.3
290.5742,2368.4
290.5995,1415.2
290.6247,3387.9
290.6499,3552.5
290.6751,3525.7
290.7004,3491.1
290.7256,3634.9
290.7508,3473.1
290.7760,3396.6
290.8013,3192.9
290.8265,3491.7
290.8517,3415.8
290.8769,3542.6
290.9021,3327.2
290.9274,3351.4
290.9530,3235.3
290.9782,641.1
291.0034,3383.6
291.0286,3662.2
291.0538,3279.5
291.0790,3426.3
291.1042,3606.1
291.1295,3339.6
291.1547,3391.5
291.1799,3457.4
291.2051,3308.0
291.2304,3089.6
291.2556,3241.9
291.2808,3529.4
291.3061,2140.0
291.3317,2799.5
291.3569,1045.8
291.3821,3088.0
291.4074,3115.6
291.4326,3161.2
291.4579,3318.7
291.4831,3611.8
291.5084,3002.6
291.5336,3543.8
291.5589,3196.2
291.5841,3262.9
291.6093,3155.3
291.6349,2641.2
291.6602,735.2
291.6855,3173.3
291.7107,3461.5
291.7360,3179.2
291.7612,3443.9
291.7865,3223.5
291.8117,3238.7
291.8369,3309.8
291.8622,3316.5
291.8874,3335.5
291.9126,3536.7
291.9378,3473.1
291.9631,3343.2
291.9883,3596.4
292.0144,410.3
292.0396,3588.0
292.0649,3528.5
292.0901,3661.6
292.1154,3431.4
292.1409,3531.4
292.1661,3427.1
292.1914,3373.2
292.2166,3651.7
292.2418,3431.8
292.2671,3339.2
292.2923,3499.6
292.3176,3394.7
292.3428,3631.4
292.3680,3399.3
292.3941,3277.4
292.4194,483.0
292.4446,3596.0
292.4698,3538.7
292.4951,3644.9
292.5203,3436.2
292.5456,3515.8
292.5708,3718.2
292.5961,3391.4
292.6214,3664.2
292.6466,3366.8
292.6718,3485.8
292.6972,3397.9
292.7224,3583.5
292.7477,3482.5
292.7730,3666.7
292.7982,3313.4
292.8245,1391.9
292.8497,2888.5
292.8750,3324.3
292.9002,3448.3
292.9254,3587.9
292.9507,3182.4
292.9759,3629.1
293.0011,3440.0
293.0263,3389.4
293.0515,3441.5
293.0768,3539.5
293.1020,3346.3
293.1279,3504.0
293.1531,3307.7
293.1783,3367.5
293.2035,3625.1
293.2298,2769.3
293.2550,1198.2
293.2802,3433.9
293.3055,3731.2
293.3307,3380.0
293.3559,3649.7
293.3812,3422.0
293.4064,3614.7
293.4316,3379.3
293.4571,3353.3
293.4823,3542.1
293.5076,3346.6
293.5328,3513.1
293.5580,3375.5
293.5832,3499.9
293.6084,3333.5
293.6337,3483.6
293.6591,255.9
293.6843,3734.3
293.7095,3351.8
293.7348,3523.7
293.7600,3443.9
293.7852,3564.8
293.8105,3504.9
293.8357,3342.8
293.8609,3064.1
293.8861,3253.5
293.9114,3435.3
293.9366,3387.0
293.9618,3429.0
293.9872,2826.8
294.0124,3420.9
294.0384,2475.5
294.0636,1569.8
294.0889,3474.0
294.1141,3617.0
294.1393,3241.8
294.1645,3385.5
294.1898,3165.8
294.2150,3273.1
294.2403,3104.0
294.2655,3280.5
294.2907,3099.9
294.3160,3667.7
294.3412,3218.8
294.3664,3319.6
294.3931,470.1
294.4183,3517.1
294.4435,3166.0
294.4690,3393.8
294.4942,3257.3
294.5195,3320.7
294.5447,3355.0
294.5699,3125.3
294.5951,3310.6
294.6204,3048.2
294.6456,3546.3
294.6709,3179.3
294.6963,3326.6
294.7225,1341.5
294.7477,2249.2
294.7729,3277.8
294.7982,2945.6
294.8234,3118.7
294.8489,3012.9
294.8741,3482.7
294.8995,3079.1
294.9247,3106.9
294.9501,3148.5
294.9753,3554.6
295.0005,3369.0
295.0262,2755.4
295.0514,1071.9
295.0769,3526.6
295.1021,3643.5
295.1273,3471.6
295.1525,3598.5
295.1777,3386.3
295.2030,3441.8
295.2282,3458.5
295.2534,3365.0
295.2786,3262.6
295.3039,3204.6
295.3291,3438.4
295.3544,2803.3
295.3796,3605.1
295.4058,2705.8
295.4310,1228.5
295.4562,3492.9
295.4815,3636.4
295.5067,3416.0
295.5319,3393.7
295.5573,3447.5
295.5825,3397.2
295.6078,3277.6
295.6330,3337.0
295.6582,3270.8
295.6834,3366.3
295.7087,3466.0
295.7339,3271.3
295.7591,3241.4
295.7843,465.3
295.8095,3432.6
295.8347,3477.0
295.8600,3448.4
295.8852,3528.7
295.9104,3340.6
295.9356,3420.5
295.9608,3307.2
295.9861,3319.4
296.0113,3458.0
296.0365,3245.5
296.0617,3328.1
296.0870,3179.2
296.1125,3238.7
296.1389,1500.1
296.1641,2321.9
296.1893,3702.6
296.2145,3538.9
296.2397,3505.3
296.2650,3627.2
296.2902,3447.8
296.3154,2920.2
296.3409,3502.9
296.3661,3366.8
296.3919,3189.0
296.4172,2995.8
296.4424,3179.4
296.4676,2778.5
296.4940,402.6
296.5193,3399.0
296.5445,3195.2
296.5698,3374.4
296.5950,3184.9
296.6202,3627.6
296.6455,3187.0
296.6707,3038.7
296.6960,3467.8
296.7212,3444.8
296.7465,3240.8
296.7717,2774.6
296.7969,3209.3
296.8221,680.4
296.8473,3299.0
296.8725,3438.8
296.8977,3306.7
296.9230,3406.2
296.9481,3614.7
296.9734,3199.1
296.9986,3187.5
297.0239,3243.7
297.0491,3248.0
297.0743,3301.0
297.0995,3377.7
297.1247,3533.1
297.1499,3344.6
297.1751,569.2
297.2004,3175.5
297.2256,3031.7
297.2508,3577.0
297.2761,2828.9
297.3013,3158.1
297.3266,3255.4
297.3518,3025.0
297.3771,3236.9
297.4023,2757.1
297.4275,3373.9
297.4532,1382.8
297.4787,2246.9
297.5039,3280.0
297.5291,3331.7
297.5543,2924.1
297.5796,3589.2
297.6048,3400.2
297.6300,3122.3
297.6556,2974.0
297.6808,3418.7
297.7061,3349.0
297.7313,3109.2
297.7565,3219.0
297.7827,2752.4
297.8080,1034.8
297.8332,3244.1
297.8584,3458.1
297.8836,3378.8
297.9088,3167.3
297.9340,3325.2
297.9593,3023.6
297.9845,3571.0
298.0097,3388.3
298.0349,3233.8
298.0601,3489.8
298.0853,3356.3
298.1106,3436.7
298.1368,885.6
298.1621,3178.5
298.1873,3459.9
298.2125,3424.6
298.2377,3308.5
298.2633,3387.5
298.2885,3711.3
298.3137,3306.2
298.3389,3355.9
298.3641,3540.6
298.3893,3369.2
298.4145,3358.7
298.4403,3438.1
298.4656,3521.7
298.4908,3486.4
298.5173,1370.3
298.5425,2545.7
298.5677,3507.6
298.5929,3275.8
298.6182,3454.3
298.6434,3429.7
298.6687,3179.2
298.6939,3357.7
298.7191,3406.9
298.7443,2716.6
298.7695,3316.9
298.7948,3169.5
298.8200,2970.6
298.8452,3227.5
298.8704,445.5
298.8956,3138.4
298.9209,3152.3
298.9461,3307.1
298.9714,2975.5
298.9970,3416.7
299.0222,2649.1
299.0474,3440.6
299.0726,2865.2
299.0978,3569.3
299.1231,3164.9
299.1483,3487.0
299.1735,3403.3
299.1992,949.6
299.2246,2353.7
299.2498,3307.3
299.2750,3250.7
299.3003,3315.9
299.3255,3238.5
299.3508,3235.1
299.3760,3057.6
299.4012,3254.1
299.4264,2973.0
299.4516,3414.6
299.4768,3377.8
299.5021,3404.4
299.5283,3065.9
299.5535,926.2
299.5788,3216.6
299.6040,3373.1
299.6292,3303.5
299.6544,3070.5
299.6797,3453.7
299.7049,3013.4
299.7301,3377.3
299.7553,3048.4
299.7809,3137.5
299.8061,3040.4
299.8313,3128.3
299.8575,903.9
299.8828,2591.7
299.9081,3497.9
299.9334,3410.0
299.9588,3300.0
299.9840,3510.3
300.0092,3417.5
300.0345,3657.2
300.0598,3022.0
300.0850,3485.1
300.1102,3271.1
300.1354,3301.3
300.1607,3520.8
300.1860,3365.6
300.2121,2268.2
300.2377,1272.2
300.2629,3223.5
300.2882,2883.3
300.3138,3258.2
300.3390,3148.7
300.3645,3064.5
300.3897,2853.0
300.4150,3348.5
300.4402,3262.1
300.4654,3335.1
300.4908,2476.4
300.5160,1258.9
300.5412,3348.1
300.5664,3663.5
300.5916,3456.9
300.6168,3582.4
300.6420,3697.8
300.6672,3359.7
300.6925,3268.9
300.7177,3250.5
300.7430,3472.7
300.7683,3311.9
300.7937,3309.5
300.8189,3688.7
300.8441,3421.6
300.8698,3100.7
300.8951,697.6
300.9203,3702.3
300.9455,3604.1
300.9707,3601.1
300.9959,3608.2
301.0211,3373.2
301.0463,3502.5
301.0715,3265.1
301.0967,3361.8
301.1219,3668.8
301.1472,3370.2
301.1724,3314.9
301.1976,3363.1
301.2229,3164.2
301.2481,3405.6
301.2743,2144.6
301.2995,1942.1
301.3248,3517.2
301.3504,3568.1
301.3756,2910.1
301.4009,3427.4
301.4261,3682.3
301.4514,3207.5
301.4766,3349.3
301.5018,3290.7
301.5276,3322.4
301.5528,3506.0
301.5781,3300.2
301.6033,3689.3
301.6286,2646.8
301.6539,3516.7
301.6792,240.3
301.7044,3376.5
301.7296,3344.3
301.7549,3458.0
301.7801,3360.2
301.8053,3684.9
301.8305,3436.4
301.8560,3314.7
301.8812,3592.0
301.9064,3073.6
301.9316,3717.0
301.9568,3509.4
301.9821,3437.1
302.0073,3591.0
302.0325,3452.0
302.0587,1605.9
302.0839,2485.5
302.1092,3522.2
302.1344,3410.2
302.1596,3483.6
302.1848,3591.6
302.2101,3420.2
302.2353,3499.6
302.2605,3014.7
302.2858,3284.7
302.3110,3534.7
302.3362,3070.4
302.3615,2817.8
302.3867,3027.4
302.4129,2056.8
302.4382,2016.6
302.4634,3507.9
302.4886,3360.5
302.5138,3442.5
302.5393,3478.6
302.5645,3159.2
302.5898,3364.4
302.6150,3353.6
302.6402,3486.6
302.6654,3168.0
302.6907,2969.7
302.7159,2676.5
302.7420,380.5
302.7672,3021.7
302.7924,3265.3
302.8176,3287.6
302.8428,2925.0
302.8680,3354.7
302.8933,3206.3
302.9188,3035.5
302.9441,3186.6
302.9693,3258.2
302.9945,3328.6
303.0197,2787.5
303.0459,3005.4
303.0711,1039.1
303.0963,3661.6
303.1215,3450.0
303.1468,3428.0
303.1720,3360.9
303.1972,3480.2
303.2224,3262.4
303.2476,3418.8
303.2728,3201.5
303.2981,3117.9
303.3233,3470.1
303.3486,3368.3
303.3738,3598.0
303.3990,3384.6
303.4242,701.1
303.4494,3083.6
303.4746,3407.2
303.4999,3385.8
303.5251,3431.1
303.5503,3393.0
303.5755,3265.3
303.6007,3394.5
303.6259,3296.4
303.6512,3454.6
303.6764,3372.7
303.7019,3329.7
303.7271,3538.6
303.7523,3426.5
303.7775,3608.1
303.8036,2228.1
303.8289,1831.4
303.8541,3551.9
303.8799,3646.4
303.9051,3693.2
303.9303,3532.1
303.9555,3757.4
303.9808,3625.4
304.0060,3436.9
304.0312,3420.8
304.0564,3244.4
304.0816,3380.6
304.1069,3217.1
304.1321,3550.7
304.1573,3427.0
304.1825,3608.9
304.2087,2886.4
304.2339,943.9
304.2591,3695.0
304.2843,3527.7
304.3095,3443.8
304.3347,3715.0
304.3600,3545.7
304.3852,3695.3
304.4104,3015.3
304.4356,3274.4
304.4609,3415.3
304.4861,3174.9
304.5113,3305.9
304.5365,3575.1
304.5617,3173.9
304.5869,3195.9
304.6131,876.6
304.6383,3007.8
304.6636,3625.1
304.6888,3273.7
304.7140,3358.1
304.7392,3250.8
304.7644,3538.2
304.7897,3061.4
304.8149,3327.1
304.8401,3193.2
304.8654,3321.5
304.8906,3213.7
304.9158,3438.1
304.9411,3239.1
304.9672,1435.9
304.9925,2757.2
305.0177,3350.8
305.0429,3018.9
305.0682,3729.0
305.0934,2834.3
305.1186,2781.2
305.1438,3571.0
305.1691,3195.8
305.1943,3155.4
305.2195,2842.1
305.2456,3270.3
305.2709,560.1
305.2961,3344.8
305.3214,3384.8
305.3466,3372.7
305.3718,3180.1
305.3971,3458.3
305.4223,3420.9
305.4476,3332.3
305.4729,3077.2
305.4981,3212.1
305.5233,3108.8
305.5488,3273.3
305.5750,2699.3
305.6002,1083.0
305.6254,3398.7
305.6506,3330.2
305.6759,3517.1
305.7014,3581.4
305.7266,3092.8
305.7519,2900.3
305.7771,3220.3
305.8023,2847.2
305.8275,3421.7
305.8527,3404.4
305.8780,3267.9
305.9032,3597.0
305.9288,794.6
305.9540,3151.9
305.9793,3594.7
306.0049,3346.3
306.0301,3505.7
306.0553,3223.5
306.0805,3304.0
306.1057,3111.2
306.1310,3329.2
306.1563,3100.9
306.1815,2990.4
306.2067,3652.1
306.2320,3272.9
306.2572,3331.2
306.2835,888.5
306.3087,3228.5
306.3339,3241.5
306.3592,3449.3
306.3844,3184.2
306.4096,3064.7
306.4349,3138.7
306.4601,3316.1
306.4853,2724.0
306.5105,3249.3
306.5358,3257.9
306.5610,3444.5
306.5872,2112.8
306.6125,1534.9
306.6376,3247.6
306.6629,2941.3
306.6881,3445.2
306.7136,3384.3
306.7390,2938.5
306.7642,3295.1
306.7894,3238.4
306.8147,3227.5
306.8399,3452.8
306.8651,3068.4
306.8903,3348.7
306.9155,803.6
306.9408,3264.5
306.9660,3399.7
306.9912,3307.6
307.0165,3316.4
307.0420,3330.4
307.0672,3549.6
307.0925,3023.6
307.1177,3447.8
307.1429,3379.7
307.1682,3241.3
307.1934,3354.9
307.2186,3498.5
307.2438,2727.3
307.2710,1610.1
307.2963,2267.4
307.3220,3384.5
307.3472,3618.4
307.3724,3650.7
307.3977,3458.1
307.4229,3535.0
307.4482,3466.4
307.4734,3371.7
307.4986,3231.5
307.5238,3380.2
307.5491,3443.3
307.5743,3304.0
307.5995,3480.5
307.6248,3293.9
307.6516,566.3
307.6768,3711.9
307.7021,3433.9
307.7273,3197.6
307.7525,3398.5
307.7777,3126.5
307.8030,3388.6
307.8282,3160.2
307.8537,3471.0
307.8790,2827.8
307.9042,2951.3
307.9294,3353.9
307.9558,1632.9
307.9813,2033.3
308.0066,3068.8
308.0318,3198.2
308.0570,3356.2
308.0823,3189.0
308.1075,3056.6
308.1327,3211.5
308.1579,3083.8
308.1832,3230.6
308.2084,3254.4
308.2336,3327.3
308.2588,3313.3
308.2840,3345.5
308.3110,602.0
308.3363,3354.0
308.3615,3300.2
308.3868,3536.5
308.4120,3412.9
308.4372,3370.1
308.4624,3407.5
308.4877,3380.8
308.5129,3502.0
308.5381,3311.6
308.5633,3259.9
308.5885,3192.1
308.6138,3139.2
308.6390,3496.4
308.6653,2409.6
308.6905,1565.0
308.7157,3268.6
308.7410,3380.1
308.7662,3464.5
308.7914,3525.7
308.8166,3552.6
308.8418,3442.4
308.8670,3411.7
308.8923,3283.3
308.9175,3606.0
308.9428,3391.3
308.9684,3261.5
308.9936,3668.8
309.0188,3244.6
309.0449,820.7
309.0701,3133.4
309.0953,3319.9
309.1205,3261.8
309.1457,3387.3
309.1709,3704.7
309.1962,3551.1
309.2214,3560.8
309.2466,3417.8
309.2718,3401.9
309.2970,3607.8
309.3222,3449.9
309.3475,3346.2
309.3727,3347.7
309.3979,3445.2
309.4231,374.9
309.4483,3361.5
309.4735,3732.5
309.4987,2874.2
309.5240,3422.1
309.5493,2603.9
309.5746,2574.1
309.5998,2921.0
309.6250,2958.8
309.6502,3286.0
309.6759,2208.4
309.7011,1140.3
309.7264,3434.9
309.7516,3146.7
309.7769,3251.2
309.8021,3301.4
309.8273,3338.9
309.8526,3680.4
309.8778,3221.2
309.9030,3412.8
309.9283,3519.5
309.9540,3318.4
309.9792,3398.8
310.0044,2999.8
310.0296,3296.8
310.0561,811.0
310.0813,3649.9
310.1065,3123.8
310.1317,3147.9
310.1570,3444.7
310.1822,2840.1
310.2074,3035.3
310.2326,3186.0
310.2579,3058.7
310.2831,3501.6
310.3084,3332.3
310.3336,3365.9
310.3592,259.7
310.3845,3582.1
310.4097,3487.3
310.4349,3622.5
310.4602,3675.8
310.4854,3369.6
310.5106,3415.4
310.5359,3480.5
310.5611,3005.4
310.5864,3527.2
310.6116,3214.5
310.6370,3269.7
310.6623,3243.5
310.6875,3448.5
310.7127,3615.3
310.7379,440.6
310.7631,3432.9
310.7883,3483.2
310.8136,3482.3
310.8388,3672.2
310.8640,3321.7
310.8892,3351.0
310.9144,2869.1
310.9397,3567.6
310.9649,3376.1
310.9901,3329.2
311.0153,3451.5
311.0406,3380.4
311.0658,2479.6
311.0921,1354.8
311.1173,2523.8
311.1425,3449.1
311.1678,3502.1
311.1932,3472.4
311.2184,3569.5
311.2437,3478.4
311.2689,3533.8
311.2947,2677.5
311.3200,3700.4
311.3452,3293.2
311.3704,3465.2
311.3957,3432.7
311.4209,3403.0
311.4461,3513.7
311.4713,3367.7
311.4980,384.3
311.5232,3565.4
311.5484,3461.4
311.5736,3612.7
311.5989,3449.8
311.6241,3601.7
311.6493,3505.0
311.6747,3479.5
311.6999,3476.0
311.7251,3620.8
311.7504,3290.2
311.7756,3205.0
311.8008,3163.3
311.8261,3191.6
311.8514,2614.6
311.8777,2193.3
311.9029,2009.9
311.9281,3529.3
311.9536,3311.3
311.9789,3593.3
312.0041,3586.4
312.0293,3288.6
312.0545,3120.3
312.0797,3026.7
312.1053,3060.8
312.1305,3516.2
312.1558,3062.9
312.1810,3470.9
312.2062,3355.9
312.2324,1856.4
312.2576,1655.7
312.2828,3311.6
312.3081,3344.9
312.3333,3132.9
312.3584,3274.3
312.3837,3228.7
312.4089,3272.1
312.4341,3588.6
312.4593,3186.1
312.4845,3252.6
312.5097,3094.7
312.5349,2568.3
312.5606,2113.9
312.5858,1349.7
312.6111,3314.8
312.6363,3428.5
312.6615,3303.3
312.6867,3389.1
312.7120,3601.3
312.7373,3273.3
312.7626,3419.5
312.7878,3349.9
312.8130,3408.5
312.8382,3291.9
312.8634,3538.0
312.8887,3365.9
312.9149,2171.1
312.9401,1568.6
312.9654,3437.4
312.9906,3343.3
313.0158,3181.5
313.0411,3283.4
313.0663,3340.8
313.0915,3178.5
313.1167,3268.0
313.1420,3212.8
313.1672,3284.4
313.1924,3466.0
313.2177,3469.7
313.2429,3236.2
313.2684,746.0
313.2936,3332.5
313.3190,3508.0
313.3442,3457.7
313.3694,3484.8
313.3946,3205.3
313.4202,3478.1
313.4455,3051.2
313.4707,3328.9
313.4959,3407.4
313.5211,3105.7
313.5463,3339.8
313.5719,3091.9
313.5977,2098.6
313.6229,1434.3
313.6481,3162.4
313.6734,3350.9
313.6986,3292.3
313.7238,3341.2
313.7491,3544.5
313.7743,3106.3
313.7995,3303.7
313.8247,3175.8
313.8500,3294.7
313.8752,3290.7
313.9004,3538.9
313.9261,2246.9
313.9513,1671.4
313.9766,3308.6
314.0021,3474.0
314.0273,3124.7
314.0526,3498.1
314.0779,3059.1
314.1031,2870.7
314.1284,3422.8
314.1536,3278.0
314.1791,2974.6
314.2043,3398.8
314.2296,3125.5
314.2548,523.3
314.2799,3000.2
314.3052,3436.7
314.3304,3466.2
314.3560,3497.8
314.3813,3435.6
314.4065,3397.1
314.4317,3038.6
314.4569,3104.0
314.4822,3399.2
314.5074,3147.3
314.5326,3103.2
314.5578,3203.3
314.5840,1085.9
314.6092,2642.3
314.6344,3166.9
314.6596,2689.6
314.6848,3430.9
314.7100,2897.8
314.7352,3169.0
314.7604,3211.4
314.7856,3109.0
314.8109,3358.2
314.8361,3208.7
314.8613,3425.8
314.8876,1617.9
314.9128,1874.2
314.9381,3534.8
314.9633,3414.5
314.9885,3362.7
315.0137,3402.5
315.0389,3327.7
315.0641,3167.5
315.0894,3182.9
315.1146,3360.7
315.1398,3384.7
315.1651,3440.0
315.1903,3421.1
315.2156,3425.7
315.2412,3205.5
315.2664,742.9
315.2916,3291.6
315.3169,3389.0
315.3425,2997.1
315.3677,3115.5
315.3929,3377.8
315.4182,2914.9
315.4434,3051.0
315.4686,3318.4
315.4939,3213.6
315.5193,3561.3
315.5450,2908.1
315.5702,484.3
315.5955,3438.5
315.6207,3229.1
315.6459,3415.4
315.6713,3473.1
315.6969,2732.7
315.7221,3506.3
315.7474,3088.3
315.7726,3243.7
315.7978,3295.2
315.8230,2578.1
315.8482,3056.4
315.8744,1482.1
315.8996,2094.7
315.9248,3299.2
315.9500,3278.6
315.9752,2802.3
316.0005,3295.9
316.0257,2960.2
316.0509,3693.6
316.0761,2822.5
316.1014,3334.3
316.1266,3287.4
316.1521,3336.9
316.1773,3372.8
316.2034,1330.1
316.2286,2489.2
316.2541,3254.1
316.2794,3159.3
316.3047,3175.4
316.3299,3062.0
316.3551,2777.0
316.3804,3201.0
316.4056,2921.7
316.4309,3061.6
316.4561,2959.4
316.4813,3154.4
316.5066,3382.6
316.5328,850.2
316.5580,3063.1
316.5832,3623.6
316.6084,3337.3
316.6336,3238.1
316.6589,3424.6
316.6841,3276.8
316.7093,3321.9
316.7345,3444.5
316.7597,3316.4
316.7849,3262.5
316.8103,3283.1
316.8355,3639.4
316.8608,3304.1
316.8876,2455.8
316.9129,1488.7
316.9381,3546.3
316.9633,3603.0
316.9886,3671.2
317.0138,3412.2
317.0389,3617.8
317.0641,2996.5
317.0894,3363.0
317.1146,3390.4
317.1398,3501.7
317.1650,3409.3
317.1903,3348.8
317.2154,3630.8
317.2406,3360.2
317.2663,2691.6
317.2916,1178.2
317.3168,3355.3
317.3420,3243.6
317.3674,3442.2
317.3927,3466.1
317.4179,3392.9
317.4431,3415.9
317.4683,3189.7
317.4936,3390.4
317.5188,3278.7
317.5441,3250.5
317.5693,2958.8
317.5950,2531.8
317.6202,1031.3
317.6454,3400.6
317.6706,3430.2
317.6959,3241.1
317.7211,3422.5
317.7463,3091.8
317.7715,3336.5
317.7968,3464.3
317.8220,3352.1
317.8472,3230.1
317.8730,3453.0
317.8982,3601.7
317.9234,3357.1
317.9491,1177.1
317.9743,2882.8
317.9996,3235.1
318.0248,3221.9
318.0500,3134.7
318.0752,2828.4
318.1004,3267.5
318.1257,3122.9
318.1509,3057.3
318.1761,3383.4
318.2014,3294.1
318.2269,3523.9
318.2521,3581.1
318.2784,1721.1
318.3038,2034.7
318.3291,3384.5
318.3543,3386.3
318.3795,3608.1
318.4047,3475.2
318.4302,3364.4
318.4555,3433.9
318.4809,2920.8
318.5061,3525.1
318.5313,3112.3
318.5566,3517.5
318.5818,3426.8
318.6070,3457.9
318.6323,3593.4
318.6580,2270.1
318.6832,1047.7
318.7084,3369.1
318.7337,2871.6
318.7589,3078.4
318.7841,2931.9
318.8094,2610.1
318.8346,3013.5
318.8599,3294.2
318.8851,2711.3
318.9103,2909.8
318.9356,2971.0
318.9608,488.5
318.9860,3616.6
319.0112,3460.2
319.0365,3184.5
319.0617,3561.0
319.0869,3233.5
319.1121,3114.2
319.1373,3601.7
319.1625,2935.5
319.1877,3259.3
319.2130,3506.9
319.2382,3267.7
319.2634,3545.8
319.2886,3460.1
319.3149,1036.3
319.3401,3039.3
319.3657,3308.1
319.3909,3154.3
319.4164,3486.3
319.4416,3509.0
319.4668,3457.9
319.4920,3363.6
319.5175,3317.9
319.5427,3545.3
319.5680,3404.5
319.5932,3619.6
319.6184,3371.0
319.6437,3292.1
319.6689,3619.4
319.6952,1113.7
319.7205,2587.7
319.7457,3634.6
319.7709,3155.6
319.7961,3334.7
319.8214,3506.8
319.8466,3305.7
319.8718,3506.9
319.8970,2975.1
319.9229,3239.2
319.9482,3109.4
319.9734,3485.8
319.9986,3046.6
320.0243,3036.4
320.0495,825.7
320.0747,3533.8
320.0999,3452.0
320.1251,3414.4
320.1504,3313.7
320.1756,3335.5
320.2008,3032.6
320.2260,3505.6
320.2513,3372.5
320.2765,3402.8
320.3017,3274.4
320.3269,3282.1
320.3522,3493.3
320.3778,2847.8
320.4030,1150.8
320.4283,3359.8
320.4535,2830.5
320.4787,3263.7
320.5040,3127.1
320.5292,3017.6
320.5544,3359.4
320.5796,2654.0
320.6049,3358.1
320.6301,3305.5
320.6553,3351.4
320.6805,3492.8
320.7067,1676.2
320.7322,2367.6
320.7575,3527.9
320.7827,3482.7
320.8081,3703.2
320.8334,3538.6
320.8586,3010.9
320.8838,3174.1
320.9090,3175.0
320.9342,3329.0
320.9595,3197.0
320.9847,3014.3
321.0099,3285.9
321.0355,1924.2
321.0608,1444.1
321.0860,3001.7
321.1112,3085.3
321.1365,3384.2
321.1617,3400.6
321.1869,3188.6
321.2121,3184.6
321.2374,3107.2
321.2626,3403.5
321.2878,3350.1
321.3130,3365.2
321.3382,2986.1
321.3634,2923.9
321.3897,1208.9
321.4150,2423.6
321.4401,3334.0
321.4653,3680.5
321.4906,3314.6
321.5158,3065.1
321.5410,3554.7
321.5662,2994.1
321.5914,2864.7
321.6167,3329.9
321.6419,2682.0
321.6672,2943.6
321.6933,1247.1
321.7187,2348.6
321.7439,3626.4
321.7691,3369.0
321.7944,3430.7
321.8196,3845.5
321.8448,3515.2
321.8701,3133.2
321.8953,3396.4
321.9205,3553.1
321.9458,3105.4
321.9710,3038.3
321.9962,3036.4
322.0214,3269.4
322.0477,2882.6
322.0729,950.9
322.0981,3435.0
322.1234,3235.7
322.1486,3366.1
322.1738,3124.8
322.1991,3303.8
322.2243,3300.7
322.2495,2975.6
322.2747,3620.6
322.3000,3261.4
322.3252,3374.7
322.3504,3430.7
322.3767,2220.8
322.4019,1383.0
322.4272,3253.8
322.4524,3151.8
322.4776,3370.5
322.5029,3355.7
322.5281,3037.4
322.5533,3103.4
322.5785,3256.7
322.6038,2951.6
322.6290,3072.0
322.6542,3013.3
322.6794,3208.4
322.7046,573.7
322.7298,3225.2
322.7550,3248.2
322.7803,3248.4
322.8055,3330.4
322.8307,3569.1
322.8559,3218.1
322.8811,3394.1
322.9064,3321.3
322.9316,3354.0
322.9568,3597.1
322.9820,3319.3
323.0079,3453.8
323.0331,3499.1
323.0583,581.0
323.0835,3271.7
323.1087,3339.5
323.1339,3201.5
323.1592,3211.0
323.1844,3270.9
323.2096,3104.5
323.2348,3263.0
323.2603,2994.1
323.2855,3088.9
323.3107,3294.9
323.3359,2401.9
323.3622,2406.0
323.3875,1500.8
323.4127,3410.7
323.4379,3372.6
323.4631,3239.4
323.4886,3552.3
323.5141,3292.3
323.5394,3587.9
323.5647,3027.5
323.5900,3343.7
323.6152,3289.1
323.6404,3108.0
323.6657,3331.2
323.6918,2712.1
323.7170,576.6
323.7422,3246.5
323.7674,3450.1
323.7926,3280.9
323.8179,3571.3
323.8436,3350.8
323.8688,3223.8
323.8940,3629.8
323.9192,3156.9
323.9444,3311.2
323.9696,3318.4
323.9949,3235.4
324.0201,2472.1
324.0463,1953.3
324.0715,2236.6
324.0967,3282.5
324.1219,3286.1
324.1472,2770.2
324.1724,3356.7
324.1976,3396.1
324.2229,2753.2
324.2481,3144.7
324.2733,2750.3
324.2985,3303.4
324.3246,3066.0
324.3498,395.9
324.3751,3481.8
324.4003,3179.0
324.4255,3411.2
324.4507,3690.8
324.4760,3560.3
324.5012,3611.6
324.5264,3008.3
324.5516,3600.8
324.5768,3275.4
324.6020,3332.1
324.6273,3253.9
324.6525,3444.4
324.6777,3016.5
324.7040,2125.5
324.7296,2140.6
324.7549,3606.4
324.7801,3058.5
324.8053,3368.5
324.8306,3047.1
324.8558,3214.2
324.8815,3243.9
324.9068,3263.4
324.9330,2681.7
324.9582,3429.5
324.9834,2931.7
325.0091,2978.3
325.0343,741.4
325.0595,3171.6
325.0850,3357.8
325.1103,3005.2
325.1355,3327.0
325.1607,3629.1
325.1860,2864.2
325.2112,3179.3
325.2364,3062.4
325.2616,3244.3
325.2869,3191.7
325.3121,3167.9
325.3383,3068.5
325.3635,795.6
325.3887,3317.2
325.4141,3153.6
325.4393,3022.0
325.4645,3328.7
325.4898,3537.0
325.5150,2898.1
325.5404,3228.7
325.5656,3418.2
325.5908,3247.8
325.6160,3177.9
325.6413,3552.6
325.6665,3151.7
325.6917,602.5
325.7169,3135.0
325.7421,3522.9
325.7673,3246.4
325.7925,3297.3
325.8178,3313.1
325.8430,3425.4
325.8683,2935.4
325.8935,2917.9
325.9188,3256.9
325.9441,3233.5
325.9693,3092.9
325.9945,3592.5
326.0197,3477.3
326.0465,2486.8
326.0717,1647.8
326.0969,3448.5
326.1221,3544.5
326.1473,3169.6
326.1726,3245.3
326.1981,2441.1
326.2233,3410.2
326.2486,3255.5
326.2738,3035.2
326.2991,3303.7
326.3243,3471.6
326.3495,3368.5
326.3748,3463.5
326.4000,3524.9
326.4263,905.4
326.4515,2705.7
326.4767,3614.4
326.5019,3458.8
326.5272,3603.5
326.5524,3447.4
326.5776,3485.7
326.6028,3566.6
326.6280,3413.7
326.6532,3339.9
326.6784,3499.1
326.7036,3293.2
326.7289,3362.4
326.7542,3219.2
326.7794,3313.4
326.8056,2139.2
326.8308,2019.8
326.8560,3502.7
326.8812,3790.5
326.9065,3473.5
326.9317,3346.5
326.9569,3488.2
326.9822,3422.4
327.0079,2932.8
327.0331,3134.9
327.0584,3317.3
327.0836,3150.3
327.1088,3447.0
327.1344,3532.2
327.1601,1366.7
327.1856,2269.8
327.2110,3325.9
327.2362,3330.0
327.2614,3397.0
327.2866,3320.0
327.3119,3407.6
327.3373,3384.8
327.3625,3189.0
327.3878,3540.8
327.4130,3264.9
327.4382,3274.5
327.4634,3296.6
327.4886,3335.1
327.5143,1433.8
327.5396,2342.1
327.5648,3565.0
327.5900,3357.0
327.6153,3104.2
327.6405,3263.8
327.6657,3637.3
327.6909,2830.0
327.7162,3326.9
327.7414,3429.2
327.7667,3413.4
327.7919,3217.5
327.8171,3416.2
327.8423,3607.1
327.8681,1372.4
327.8934,2685.0
327.9187,3493.4
327.9439,3407.1
327.9691,3424.2
327.9944,3145.3
328.0196,3146.2
328.0449,3513.9
328.0701,3021.4
328.0953,3531.5
328.1205,2792.4
328.1458,3586.9
328.1710,3389.8
328.1967,2966.7
328.2219,958.5
328.2471,3418.7
328.2724,2965.6
328.2976,3606.9
328.3229,2993.9
328.3481,3053.9
328.3733,2824.6
328.3986,3122.2
328.4238,2665.3
328.4490,3100.3
328.4742,2858.9
328.5014,601.8
328.5266,3569.1
328.5518,3419.2
328.5773,3198.8
328.6025,3569.0
328.6277,3264.4
328.6529,3471.2
328.6781,3459.0
328.7034,3132.0
328.7288,3258.7
328.7540,3245.7
328.7792,3238.7
328.8044,3330.9
328.8308,1159.9
328.8560,2586.0
328.8813,3132.6
328.9065,3250.2
328.9317,3220.9
328.9569,3100.7
328.9821,2994.9
329.0073,2955.1
329.0326,3235.5
329.0578,3330.0
329.0830,3042.2
329.1093,2683.8
329.1345,982.1
329.1597,3101.9
329.1849,3418.6
329.2101,3435.4
329.2353,3286.1
329.2606,3156.0
329.2858,2927.5
329.3113,3088.6
329.3365,3230.1
329.3617,3074.0
329.3870,3177.4
329.4121,3345.5
329.4374,2633.9
329.4636,1133.5
329.4888,2735.6
329.5140,3679.5
329.5392,3532.6
329.5644,3369.0
329.5897,3270.3
329.6149,3619.3
329.6401,2926.6
329.6653,3448.7
329.6905,3346.2
329.7157,3159.4
329.7409,3409.8
329.7662,3347.2
329.7914,3190.6
329.8176,1187.2
329.8429,2457.0
329.8681,3309.7
329.8933,3004.9
329.9185,3774.2
329.9438,2453.4
329.9690,3091.9
329.9942,2961.2
330.0195,2807.1
330.0447,3380.2
330.0699,2896.1
330.0958,1338.4
330.1210,2554.4
330.1462,3293.4
330.1714,3290.5
330.1967,3170.1
330.2219,3353.1
330.2474,3479.7
330.2726,3274.8
330.2979,3568.3
330.3231,3201.5
330.3483,3215.8
330.3735,2972.0
330.3987,3126.7
330.4239,414.6
330.4490,3445.5
330.4741,3170.2
330.4993,3195.0
330.5245,3383.8
330.5497,3260.5
330.5750,3125.6
330.6002,3464.8
330.6254,2904.0
330.6507,3270.1
330.6759,3174.0
330.7011,3419.6
330.7264,3461.6
330.7520,1619.1
330.7773,2182.6
330.8025,3284.5
330.8278,3137.5
330.8530,3072.8
330.8782,3341.2
330.9034,3182.0
330.9287,3221.8
330.9539,3467.0
330.9791,3351.6
331.0044,3384.0
331.0296,3339.1
331.0548,3635.8
331.0808,1911.9
331.1059,2174.0
331.1312,3374.0
331.1564,3373.9
331.1816,3204.3
331.2068,3285.4
331.2320,2708.0
331.2573,3179.0
331.2825,2796.8
331.3077,3019.0
331.3329,2837.2
331.3582,3108.3
331.3846,699.6
331.4098,2708.0
331.4350,3252.9
331.4602,3148.3
331.4855,3207.6
331.5107,3349.1
331.5359,3292.1
331.5612,3273.0
331.5864,3545.7
331.6116,3321.3
331.6368,3317.1
331.6620,3297.4
331.6873,3589.3
331.7125,3416.6
331.7382,755.0
331.7634,3356.6
331.7887,3385.5
331.8139,3616.2
331.8391,3477.1
331.8644,3533.2
331.8896,3436.5
331.9148,3348.4
331.9402,3526.9
331.9654,3620.2
331.9907,3250.6
332.0159,3652.4
332.0411,3420.3
332.0663,3528.1
332.0915,3451.1
332.1170,3597.4
332.1423,254.7
332.1675,3673.0
332.1927,3313.6
332.2178,3216.6
332.2430,3353.2
332.2682,3168.7
332.2935,3590.3
332.3187,3418.3
332.3442,3455.0
332.3694,3605.1
332.3946,3292.2
332.4199,3303.6
332.4451,3170.3
332.4704,3281.2
332.4958,396.0
332.5211,3356.7
332.5463,3508.3
332.5716,3503.3
332.5968,3173.5
332.6220,3579.7
332.6472,3122.1
332.6724,2664.1
332.6977,3139.5
332.7229,3014.9
332.7481,3262.0
332.7734,3582.7
332.7987,3095.7
332.8251,1336.4
332.8503,2561.1
332.8755,3586.2
332.9007,3453.5
332.9261,3445.9
332.9513,3682.0
332.9765,3519.9
333.0017,3164.8
333.0270,3580.6
333.0522,3398.6
333.0774,3136.1
333.1027,3107.6
333.1279,3030.7
333.1531,2990.4
333.1783,3245.5
333.2035,208.3
333.2287,3313.6
333.2540,3644.1
333.2792,3454.0
333.3044,3173.5
333.3296,3502.2
333.3548,3143.4
333.3801,2959.2
333.4053,3124.4
333.4305,3408.1
333.4557,3298.1
333.4810,3364.2
333.5068,2758.2
333.5320,459.3
333.5572,3675.7
333.5825,3266.2
333.6077,2930.1
333.6329,3587.2
333.6581,3402.4
333.6833,3076.0
333.7085,3311.0
333.7337,2996.2
333.7590,3168.2
333.7842,3185.8
333.8094,3268.8
333.8346,3333.3
333.8608,1339.6
333.8861,2393.6
333.9113,3435.9
333.9366,3679.1
333.9618,3640.5
333.9873,3345.1
334.0125,3562.5
334.0378,3241.3
334.0629,3446.7
334.0881,3363.8
334.1133,3464.3
334.1386,3248.2
334.1638,3328.6
334.1890,3516.5
334.2142,3467.0
334.2405,873.3
334.2657,3281.3
334.2909,3274.5
334.3162,2863.8
334.3414,3165.0
334.3666,2878.7
334.3920,3127.2
334.4172,3284.6
334.4424,3169.6
334.4677,3302.2
334.4929,3579.3
334.5181,3413.6
334.5437,2629.2
334.5689,1194.2
334.5942,3390.3
334.6194,3362.6
334.6447,3591.8
334.6699,3043.1
334.6951,3522.5
334.7204,2331.4
334.7456,3215.8
334.7708,2837.5
334.7960,3126.4
334.8213,2411.5
334.8465,3176.0
334.8736,497.1
334.8988,3674.1
334.9240,2935.6
334.9492,3491.6
334.9745,3468.3
334.9997,3239.5
335.0249,3357.6
335.0502,3100.5
335.0756,3452.1
335.1008,3368.4
335.1260,3245.7
335.1512,3385.8
335.1775,2769.9
335.2027,827.8
335.2279,3335.5
335.2531,3511.9
335.2784,3420.2
335.3036,3276.0
335.3289,3336.7
335.3541,2983.2
335.3793,3173.1
335.4045,2969.4
335.4297,3165.7
335.4550,3461.9
335.4802,3338.6
335.5054,3339.5
335.5319,1135.1
335.5571,2889.8
335.5824,3372.3
335.6076,3596.3
335.6328,3371.9
335.6580,3457.4
335.6833,3294.8
335.7085,3119.0
335.7337,3102.5
335.7589,3433.5
335.7841,3287.6
335.8093,3302.8
335.8345,3523.6
335.8598,3704.2
335.8860,2268.2
335.9113,1681.8
335.9365,3389.8
335.9620,3582.6
335.9872,3447.8
336.0124,3183.7
336.0376,3523.4
336.0629,3482.0
336.0881,3238.1
336.1133,3130.9
336.1385,3390.8
336.1637,3495.5
336.1889,3269.1
336.2145,3204.4
336.2398,2221.7
336.2657,1321.4
336.2909,2292.5
336.3161,3658.2
336.3414,3305.6
336.3666,3310.7
336.3920,3359.0
336.4176,3299.1
336.4429,3567.3
336.4681,3326.4
336.4933,3402.2
336.5186,3091.5
336.5438,3359.8
336.5690,3247.7
336.5944,3461.4
336.6208,2152.3
336.6461,1683.3
336.6713,3333.4
336.6965,3499.9
336.7217,3543.6
336.7469,3318.5
336.7722,3464.4
336.7974,2768.0
336.8228,3125.3
336.8480,3560.1
336.8732,3281.8
336.8984,3477.1
336.9236,3323.4
336.9489,3413.0
336.9750,2798.0
337.0002,1421.5
337.0254,3403.6
337.0506,2706.1
337.0758,3038.8
337.1010,2877.0
337.1262,3104.1
337.1515,3108.7
337.1767,2424.7
337.2020,2924.4
337.2272,3345.4
337.2524,2641.9
337.2776,711.7
337.3029,3168.0
337.3281,3613.4
337.3533,3316.7
337.3785,3295.0
337.4037,3578.4
337.4290,3552.6
337.4542,3316.5
337.4794,3188.5
337.5046,3294.3
337.5298,3558.5
337.5551,3403.9
337.5803,3258.6
337.6055,3206.2
337.6317,2468.6
337.6570,1306.5
337.6822,3509.6
337.7074,3276.1
337.7326,3374.9
337.7578,3624.6
337.7831,2998.9
337.8083,3247.1
337.8335,3264.2
337.8587,3280.8
337.8839,3110.9
337.9092,3228.6
337.9344,2855.4
337.9605,1356.4
337.9857,2731.3
338.0109,3319.9
338.0361,3289.8
338.0614,3048.8
338.0866,3350.4
338.1120,2915.0
338.1373,3220.5
338.1625,3118.2
338.1877,3112.9
338.2129,3252.8
338.2391,2550.9
338.2644,887.5
338.2896,3327.6
338.3147,3468.1
338.3400,3285.6
338.3652,3402.6
338.3904,3317.6
338.4156,3269.1
338.4409,3353.1
338.4661,3327.4
338.4914,3258.2
338.5166,3472.4
338.5418,3226.3
338.5671,3340.2
338.5923,647.7
338.6175,3192.1
338.6427,3171.2
338.6679,3333.3
338.6932,2969.5
338.7184,3297.1
338.7436,3401.8
338.7689,2954.7
338.7942,3130.2
338.8194,2993.8
338.8449,3440.6
338.8703,3381.4
338.8963,2228.6
338.9215,1235.2
338.9467,3430.9
338.9719,3670.5
338.9971,3439.5
339.0224,3635.4
339.0476,3023.2
339.0728,3256.6
339.0981,2894.0
339.1233,3244.0
339.1485,3045.6
339.1738,3120.6
339.1990,3283.2
339.2242,3429.2
339.2503,393.4
339.2755,3570.6
339.3010,3064.2
339.3262,3309.8
339.3514,3287.6
339.3767,3442.3
339.4019,3339.1
339.4271,3196.1
339.4523,3018.9
339.4775,3158.5
339.5028,3098.0
339.5280,3226.8
339.5536,937.2
339.5788,2787.3
339.6041,3640.3
339.6293,3470.7
339.6545,3465.6
339.6797,3317.1
339.7049,3365.8
339.7302,2967.5
339.7554,3388.2
339.7806,3262.6
339.8057,3339.8
339.8310,3225.1
339.8562,3446.6
339.8814,2351.1
339.9068,2660.6
339.9319,1268.6
339.9571,3463.0
339.9824,3467.0
340.0076,3228.5
340.0328,3293.1
340.0582,3191.8
340.0833,3178.9
340.1086,3096.4
340.1337,3557.7
340.1595,3099.8
340.1847,3535.4
340.2099,3476.7
340.2354,3569.9
340.2615,1663.6
340.2867,2370.0
340.3119,3619.4
340.3371,3509.9
340.3623,3650.5
340.3875,3522.1
340.4127,3438.2
340.4379,3460.4
340.4632,3098.1
340.4884,3146.9
340.5136,3249.3
340.5390,3262.1
340.5643,3446.9
340.5895,3441.6
340.6147,3112.6
340.6402,211.6
340.6654,3566.1
340.6906,3442.0
340.7159,2629.3
340.7411,2798.7
340.7663,3254.0
340.7915,2992.8
340.8167,2951.3
340.8419,3048.0
340.8671,3196.6
340.8923,2627.7
340.9176,3380.9
340.9434,949.1
340.9686,3205.3
340.9938,3433.4
341.0190,3658.6
341.0443,3575.5
341.0695,3475.5
341.0947,3601.7
341.1200,3255.6
341.1452,3247.5
341.1704,3342.0
341.1956,3286.4
341.2208,3459.4
341.2460,3412.2
341.2712,3629.4
341.2965,3355.5
341.3221,374.5
341.3474,3453.2
341.3726,3431.8
341.3978,3354.4
341.4231,3068.7
341.4483,3174.3
341.4736,2806.7
341.4988,3409.3
341.5240,3573.3
341.5492,2439.0
341.5744,3024.4
341.5997,3222.0
341.6254,1321.2
341.6506,2300.5
341.6759,3559.7
341.7011,3087.4
341.7263,3431.9
341.7516,3340.5
341.7768,3149.9
341.8020,2969.5
341.8272,2994.4
341.8525,3655.8
341.8777,3406.2
341.9029,3607.6
341.9282,3267.1
341.9534,2939.9
341.9790,1764.2
342.0045,1999.6
342.0298,3659.9
342.0550,3292.9
342.0805,2978.3
342.1058,3063.0
342.1310,2952.8
342.1562,3470.1
342.1815,3317.5
342.2067,3241.1
342.2319,3023.9
342.2572,3389.8
342.2824,3361.2
342.3081,1308.4
342.3333,2717.7
342.3585,3801.1
342.3838,3465.4
342.4090,3415.3
342.4344,3314.0
342.4599,3222.9
342.4854,3288.9
342.5107,2807.4
342.5369,3247.0
342.5624,3259.5
342.5877,3526.5
342.6129,3462.7
342.6381,2760.3
342.6644,2271.0
342.6897,1589.1
342.7149,3468.8
342.7401,3480.0
342.7657,3487.8
342.7908,3394.7
342.8160,3456.8
342.8412,3587.7
342.8665,2982.0
342.8917,3577.8
342.9169,3224.6
342.9421,3479.0
342.9674,3380.1
342.9926,3415.4
343.0179,1491.9
343.0431,3619.6
343.0684,493.5
343.0936,3547.2
343.1188,3133.9
343.1440,3500.2
343.1693,3207.9
343.1945,3334.1
343.2197,3533.6
343.2450,3001.6
343.2702,3224.3
343.2954,3341.8
343.3207,3232.9
343.3459,3620.3
343.3711,3360.5
343.3963,2681.3
343.4227,1914.4
343.4479,1965.6
343.4731,3418.5
343.4984,3258.9
343.5236,3262.8
343.5488,3343.1
343.5741,3555.0
343.5993,3417.1
343.6245,3284.7
343.6497,3515.0
343.6750,3259.2
343.7002,3170.6
343.7254,3225.9
343.7507,3071.1
343.7769,2455.6
343.8022,1275.6
343.8274,3369.2
343.8526,3281.4
343.8783,3447.4
343.9035,3466.7
343.9287,3360.4
343.9539,2939.9
343.9792,3174.1
344.0044,3182.0
344.0296,3470.7
344.0548,3483.8
344.0800,3365.5
344.1052,1713.4
344.1313,3243.2
344.1565,613.6
344.1817,3336.3
344.2069,3762.3
344.2322,3375.0
344.2574,3422.6
344.2826,3445.3
344.3079,3405.8
344.3331,3513.4
344.3583,3331.7
344.3836,3317.8
344.4088,3599.3
344.4340,3275.9
344.4593,3360.8
344.4850,3480.8
344.5112,2026.5
344.5364,1992.9
344.5616,2874.7
344.5868,3043.0
344.6121,2904.7
344.6373,2996.2
344.6625,2915.1
344.6877,2998.3
344.7129,2780.3
344.7381,3188.5
344.7633,3324.7
344.7895,1397.3
344.8148,2412.7
344.8400,3577.7
344.8652,3457.2
344.8904,3367.9
344.9156,3541.5
344.9411,3454.2
344.9666,3199.0
344.9918,3319.9
345.0170,3269.5
345.0423,3226.5
345.0675,3631.1
345.0927,3350.1
345.1179,3633.4
345.1432,3281.7
345.1691,323.2
345.1943,3659.4
345.2195,3351.2
345.2447,3289.4
345.2699,3657.2
345.2952,3566.2
345.3204,3309.9
345.3456,3592.7
345.3708,3442.4
345.3961,3224.5
345.4213,3350.3
345.4465,3401.1
345.4720,3142.6
345.4973,1254.4
345.5230,2629.4
345.5482,1219.4
345.5734,3390.4
345.5986,3527.4
345.6239,3568.0
345.6491,3375.8
345.6743,3505.2
345.6995,3303.6
345.7248,3322.7
345.7500,3026.4
345.7752,3259.7
345.8004,3029.3
345.8257,3392.4
345.8513,2807.0
345.8765,319.0
345.9017,3627.2
345.9273,3188.1
345.9526,3630.8
345.9778,3178.1
346.0030,3684.5
346.0282,3387.5
346.0534,3586.0
346.0789,3640.5
346.1041,3522.9
346.1293,3434.0
346.1545,3577.9
346.1798,2838.1
346.2049,2104.3
346.2302,2865.6
346.2557,795.2
346.2810,3180.5
346.3068,3114.3
346.3321,2980.8
346.3573,3329.2
346.3825,3572.7
346.4081,3345.6
346.4336,3402.5
346.4589,3473.6
346.4841,3289.0
346.5093,3373.3
346.5345,3405.5
346.5598,3293.8
346.5860,1017.5
346.6113,2898.9
346.6365,3437.9
346.6618,3393.6
346.6870,3471.5
346.7122,3515.3
346.7374,3403.8
346.7630,3571.7
346.7882,3438.9
346.8134,3175.0
346.8386,3362.4
346.8638,3372.6
346.8890,3320.3
346.9142,2901.5
346.9402,3330.5
346.9654,581.1
346.9906,3591.0
347.0158,3554.8
347.0410,3652.1
347.0662,3519.1
347.0914,3848.2
347.1167,3415.0
347.1418,3302.0
347.1671,3006.3
347.1924,3434.8
347.2176,3368.9
347.2428,3677.6
347.2681,3347.9
347.2933,3582.1
347.3186,3451.9
347.3442,1580.2
347.3697,2370.8
347.3952,3201.3
347.4207,3395.0
347.4460,3146.0
347.4712,3554.3
347.4964,3154.6
347.5217,3281.9
347.5469,3191.4
347.5722,3332.3
347.5974,2846.4
347.6226,3369.1
347.6479,2734.6
347.6731,359.9
347.6983,3552.0
347.7235,3273.1
347.7487,3214.7
347.7740,3334.4
347.7992,3223.9
347.8245,3344.3
347.8499,3038.8
347.8751,2888.0
347.9003,3300.4
347.9255,3462.7
347.9508,3305.9
347.9764,2861.9
348.0016,760.3
348.0269,3261.3
348.0521,3083.5
348.0773,3222.8
348.1026,3553.2
348.1278,3329.3
348.1530,3250.1
348.1782,3132.0
348.2034,3395.8
348.2286,3161.0
348.2545,3359.0
348.2797,3208.2
348.3050,2508.5
348.3302,482.9
348.3554,3252.1
348.3806,3333.2
348.4058,3364.5
348.4311,3636.2
348.4563,3404.2
348.4815,3322.6
348.5067,2784.5
348.5320,3188.8
348.5572,3129.3
348.5824,3563.1
348.6076,3230.9
348.6329,3450.2
348.6581,3705.5
348.6833,637.6
348.7087,2918.3
348.7339,3154.9
348.7596,3289.3
348.7849,3324.1
348.8101,3574.7
348.8353,3291.0
348.8606,3138.0
348.8858,2981.9
348.9110,3003.4
348.9362,2781.5
348.9616,3124.6
348.9869,401.1
349.0121,3582.8
349.0373,3331.7
349.0625,3462.9
349.0877,3264.6
349.1130,3625.8
349.1384,3040.7
349.1636,3294.8
349.1889,3146.8
349.2141,3333.2
349.2393,3322.1
349.2645,3585.5
349.2898,2256.2
349.3150,3660.0
349.3412,287.4
349.3664,3534.1
349.3916,3456.0
349.4169,2931.9
349.4421,3206.3
349.4675,3195.6
349.4927,3408.0
349.5179,3034.3
349.5431,3318.4
349.5683,3397.3
349.5935,3618.8
349.6187,3377.7
349.6440,3495.1
349.6696,3512.7
349.6948,604.5
349.7200,3524.1
349.7453,3437.5
349.7705,3466.9
349.7957,3357.8
349.8209,3227.3
349.8462,2983.7
349.8714,3124.3
349.8966,3497.5
349.9219,3327.5
349.9471,3387.4
349.9723,3366.4
349.9975,3261.3
350.0236,2942.5
350.0488,745.5
350.0740,3634.4
350.0994,3103.6
350.1247,3168.3
350.1499,2607.2
350.1752,3592.5
350.2004,2906.8
350.2256,3044.2
350.2509,3156.0
350.2761,3318.4
350.3013,3309.5
350.3265,2435.3
350.3519,2413.0
350.3771,1502.1
350.4023,3469.6
350.4276,3432.9
350.4532,3545.1
350.4784,3554.7
350.5037,3478.7
350.5289,3273.9
350.5541,3352.4
350.5793,3585.6
350.6046,3208.9
350.6298,3177.9
350.6550,3237.1
350.6805,3454.0
350.7058,3560.1
350.7321,412.7
350.7573,3521.3
350.7825,3174.7
350.8077,3422.8
350.8330,3478.7
350.8582,3699.4
350.8834,3375.1
350.9086,3209.2
350.9339,3245.7
350.9592,3284.9
350.9844,3384.2
351.0096,2845.1
351.0348,1961.9
351.0605,1461.0
351.0857,1613.3
351.1109,3379.3
351.1361,3744.0
351.1614,2970.3
351.1866,3456.7
351.2118,3368.3
351.2370,3332.3
351.2623,3570.8
351.2874,3234.7
351.3126,3437.3
351.3379,2995.4
351.3634,3276.5
351.3886,3056.1
351.4149,1930.7
351.4402,1960.2
351.4656,3084.3
351.4909,3081.8
351.5161,3307.2
351.5413,3178.9
351.5665,3633.5
351.5918,2935.0
351.6170,3357.4
351.6422,3310.9
351.6674,3151.6
351.6930,3471.1
351.7182,2479.7
351.7436,3391.3
351.7689,220.2
351.7941,3651.1
351.8193,3494.0
351.8445,3662.7
351.8698,3538.7
351.8950,3451.5
351.9202,3812.7
351.9455,3206.3
351.9707,3494.3
351.9961,3238.2
352.0212,3497.3
352.0464,3215.5
352.0716,3542.1
352.0969,3472.1
352.1221,3647.6
352.1478,2685.6
352.1730,1316.7
352.1982,3427.6
352.2234,3675.9
352.2487,3495.3
352.2739,3613.8
352.2991,3432.4
352.3243,3443.3
352.3495,3640.2
352.3748,3459.5
352.4000,3375.1
352.4252,3333.7
352.4505,3463.2
352.4757,3414.4
352.5009,3545.3
352.5261,3053.3
352.5513,3606.9
352.5768,255.7
352.6020,3636.2
352.6272,3478.3
352.6524,3769.3
352.6777,3319.9
352.7029,3485.2
352.7282,3444.1
352.7534,3602.5
352.7786,3365.5
352.8038,3262.8
352.8291,3264.8
352.8543,3586.6
352.8795,3665.1
352.9047,3407.1
352.9300,3533.8
352.9552,3059.8
352.9814,476.2
353.0066,3648.1
353.0319,3412.2
353.0571,3603.9
353.0823,3340.6
353.1075,3620.6
353.1330,3446.5
353.1582,3625.8
353.1836,3089.3
353.2088,3469.3
353.2341,2958.0
353.2593,3233.2
353.2845,2997.9
353.3097,3366.1
353.3350,3359.9
353.3604,776.8
353.3856,3371.6
353.4111,3507.6
353.4363,3486.9
353.4615,3494.7
353.4868,3423.8
353.5120,3415.5
353.5372,3252.9
353.5628,3209.3
353.5880,3410.3
353.6132,3342.2
353.6385,3317.6
353.6637,3188.8
353.6889,3254.1
353.7143,230.3
353.7396,2464.5
353.7648,3379.6
353.7900,2970.4
353.8153,3467.5
353.8405,3082.7
353.8657,2971.4
353.8909,2948.3
353.9161,3092.6
353.9414,3316.4
353.9666,3123.4
353.9928,2403.7
354.0180,1858.2
354.0433,3580.3
354.0685,3114.3
354.0938,3396.3
354.1190,3342.8
354.1442,3048.6
354.1694,3385.1
354.1950,3314.4
354.2203,3259.2
354.2455,3203.5
354.2707,3440.9
354.2960,3526.6
354.3212,3440.4
354.3466,1545.7
354.3718,3622.4
354.3975,832.5
354.4228,3028.1
354.4480,3518.3
354.4733,3701.7
354.4985,3530.6
354.5237,3658.0
354.5489,3402.3
354.5741,3493.4
354.5993,3564.9
354.6246,3344.0
354.6500,3204.2
354.6752,3526.5
354.7004,3333.6
354.7256,3661.4
354.7509,3403.9
354.7761,3663.8
354.8016,293.8
354.8268,3599.6
354.8521,2862.0
354.8777,3528.4
354.9036,3188.6
354.9288,3404.1
354.9540,3347.4
354.9792,3441.2
355.0045,3628.9
355.0297,2858.5
355.0549,3147.2
355.0801,3373.8
355.1063,2731.5
355.1315,951.7
355.1567,3485.5
355.1820,3377.3
355.2072,3181.7
355.2324,3390.7
355.2576,3274.9
355.2828,3241.2
355.3080,2682.0
355.3333,3656.0
355.3585,3165.9
355.3838,3374.9
355.4090,3230.1
355.4343,3382.4
355.4604,1188.5
355.4857,2266.7
355.5109,3387.3
355.5361,3381.0
355.5613,3708.9
355.5865,3459.4
355.6117,3460.9
355.6370,3361.4
355.6622,3560.0
355.6874,3367.6
355.7131,3078.6
355.7383,3592.1
355.7635,3333.5
355.7887,3276.7
355.8143,726.8
355.8396,2859.7
355.8648,3299.1
355.8900,3415.3
355.9152,3677.9
355.9405,3381.7
355.9659,3130.3
355.9912,3184.9
356.0164,3133.7
356.0416,3308.0
356.0672,2991.6
356.0924,3233.7
356.1176,3430.6
356.1438,1016.1
356.1690,3285.4
356.1943,3406.0
356.2195,3243.4
356.2447,3260.7
356.2700,3602.6
356.2952,3110.2
356.3205,3579.8
356.3457,2858.4
356.3710,3129.5
356.3966,3158.8
356.4219,3087.3
356.4471,3185.1
356.4723,194.6
356.4975,3236.0
356.5227,3356.9
356.5485,3185.9
356.5737,3221.9
356.5989,2902.8
356.6241,3317.3
356.6494,3216.3
356.6746,3195.8
356.6999,3417.5
356.7251,3315.2
356.7503,3024.0
356.7755,2842.3
356.8016,1103.4
356.8269,2966.7
356.8521,3364.7
356.8773,3391.6
356.9026,3601.4
356.9278,3616.7
356.9530,3286.9
356.9782,3259.3
357.0035,3209.4
357.0287,3412.1
357.0539,3513.0
357.0791,3396.6
357.1045,3401.5
357.1297,3391.6
357.1559,1377.8
357.1811,2409.7
357.2063,3345.0
357.2316,2977.8
357.2568,3272.8
357.2820,3033.1
357.3072,2986.2
357.3325,2925.5
357.3577,3389.1
357.3829,3126.3
357.4081,3335.6
357.4334,2684.2
357.4592,2260.1
357.4845,1540.0
357.5097,3235.7
357.5349,3212.2
357.5601,3385.1
357.5854,3380.6
357.6106,3113.2
357.6358,3367.6
357.6610,3095.6
357.6862,3281.0
357.7115,3251.6
357.7369,3340.4
357.7623,3413.6
357.7875,3205.1
357.8136,1017.4
357.8388,2795.7
357.8640,3731.2
357.8892,3423.3
357.9144,3437.3
357.9397,3552.4
357.9649,3486.9
357.9901,3447.6
358.0153,3578.6
358.0405,3179.3
358.0660,3369.9
358.0912,3271.8
358.1165,3414.8
358.1417,3345.9
358.1669,3334.0
358.1932,1157.6
358.2184,3122.6
358.2436,3597.0
358.2688,3420.5
358.2941,3369.1
358.3193,3599.1
358.3445,3478.9
358.3700,3623.1
358.3952,3559.3
358.4204,3493.2
358.4457,3370.7
358.4712,3244.5
358.4964,3372.9
358.5217,2988.1
358.5469,3255.1
358.5721,407.1
358.5973,3403.6
358.6227,3576.4
358.6479,3232.1
358.6732,3689.2
358.6984,2854.6
358.7240,2234.0
358.7492,3496.8
358.7745,2692.4
358.7997,3300.0
358.8249,3392.1
358.8502,2404.3
358.8764,2663.0
358.9016,1241.4
358.9269,3191.2
358.9521,3067.8
358.9773,3519.6
359.0026,3506.8
359.0278,3619.4
359.0530,3231.5
359.0782,3634.8
359.1034,3293.3
359.1286,3116.3
359.1539,3129.7
359.1791,3571.3
359.2043,3621.7
359.2305,1928.9
359.2558,1910.1
359.2810,3379.7
359.3062,3265.8
359.3314,3584.0
359.3566,3380.4
359.3818,3328.2
359.4072,3426.4
359.4324,3416.8
359.4577,3430.0
359.4829,3553.1
359.5081,3426.9
359.5333,3237.9
359.5585,3644.8
359.5838,2599.6
359.6090,3504.2
359.6347,479.7
359.6599,3605.6
359.6851,3279.3
359.7104,3365.7
359.7356,3624.6
359.7609,3452.3
359.7861,3553.9
359.8112,3244.5
359.8365,3341.3
359.8617,3152.0
359.8870,3322.2
359.9122,3505.5
359.9374,3210.0
359.9627,3336.8
359.9883,3017.0
360.0135,893.1
360.0387,3493.9
360.0639,3498.8
360.0893,3308.1
360.1145,3460.2
360.1401,3715.7
360.1653,3517.5
360.1906,3315.3
360.2158,3569.0
360.2410,3179.0
360.2662,3094.2
360.2914,3435.7
360.3168,3352.4
360.3423,3359.1
360.3683,147.8
360.3936,3536.1
360.4188,3255.9
360.4441,3053.5
360.4693,3142.8
360.4945,3348.8
360.5202,3412.4
360.5454,3086.6
360.5706,3445.7
360.5958,2838.3
360.6210,3295.2
360.6463,3177.9
360.6715,2270.8
360.6967,1593.6
360.7220,3496.1
360.7472,3530.4
360.7724,3435.7
360.7976,3394.1
360.8231,3544.3
360.8483,3352.5
360.8735,3344.0
360.8987,3292.0
360.9239,3756.3
360.9492,3425.7
360.9746,3261.5
360.9999,3482.6
361.0251,3339.7
361.0503,3705.8
361.0766,480.2
361.1018,3550.5
361.1271,3405.7
361.1527,3577.6
361.1779,3480.0
361.2031,3272.7
361.2284,3737.8
361.2536,3371.1
361.2790,3438.1
361.3042,3698.2
361.3294,3302.7
361.3546,3599.9
361.3799,3246.3
361.4051,3455.3
361.4303,3264.0
361.4565,878.2
361.4817,2964.1
361.5070,3503.1
361.5322,3413.1
361.5574,3593.4
361.5826,3440.2
361.6078,3488.7
361.6330,3684.5
361.6582,2916.8
361.6835,3197.1
361.7087,2988.5
361.7339,3181.4
361.7591,2966.0
361.7843,2609.8
361.8101,3167.1
361.8353,833.2
361.8606,3541.4
361.8858,3319.1
361.9110,3579.1
361.9363,3529.5
361.9615,3675.4
361.9868,3565.4
362.0120,3483.3
362.0372,3440.8
362.0624,3524.7
362.0876,3331.2
362.1129,3508.0
362.1381,3188.1
362.1635,3355.2
362.1887,3472.9
362.2152,391.7
362.2405,3695.0
362.2657,3227.9
362.2909,3335.1
362.3165,3453.8
362.3417,3518.2
362.3669,3362.5
362.3922,3486.9
362.4174,3688.8
362.4426,3518.1
362.4681,3391.5
362.4935,3435.4
362.5187,3047.1
362.5440,3140.3
362.5697,740.7
362.5949,3034.9
362.6201,3481.4
362.6454,3431.4
362.6706,3596.9
362.6959,3313.7
362.7211,3030.0
362.7463,2463.8
362.7716,3317.2
362.7968,3075.7
362.8220,3109.4
362.8472,3498.1
362.8725,2735.3
362.8987,1823.7
362.9242,2073.8
362.9494,3209.9
362.9746,3071.6
362.9999,3190.3
363.0251,3417.7
363.0503,3228.6
363.0755,3438.9
363.1008,3064.3
363.1260,3164.3
363.1511,3392.7
363.1767,3464.7
363.2019,3449.5
363.2272,3455.1
363.2528,1944.0
363.2781,2259.7
363.3033,3455.8
363.3285,3674.2
363.3537,3524.3
363.3790,3307.9
363.4042,3181.5
363.4295,3181.7
363.4547,3221.8
363.4800,3182.0
363.5052,3152.6
363.5304,3221.3
363.5556,3248.2
363.5819,1257.7
363.6072,2055.8
363.6324,3266.3
363.6576,3389.2
363.6829,3075.3
363.7081,3279.3
363.7333,2978.9
363.7585,3343.6
363.7837,3144.1
363.8089,3301.6
363.8341,3017.9
363.8593,3584.2
363.8848,2357.0
363.9104,2245.5
363.9357,1753.4
363.9609,3592.1
363.9861,3441.9
364.0113,3459.0
364.0366,3638.9
364.0618,3646.1
364.0870,3688.1
364.1122,3353.2
364.1375,3276.2
364.1627,3202.5
364.1880,3367.2
364.2132,3392.0
364.2384,3360.0
364.2636,1523.2
364.2892,3411.8
364.3144,229.5
364.3397,3565.6
364.3649,3377.5
364.3902,3487.2
364.4154,3384.2
364.4406,3340.6
364.4659,3496.0
364.4911,3513.6
364.5163,3444.9
364.5415,3281.8
364.5668,3401.3
364.5923,2838.4
364.6176,3557.8
364.6428,3399.1
364.6688,3185.9
364.6939,520.5
364.7192,3024.3
364.7444,2935.2
364.7696,2992.2
364.7949,3348.1
364.8207,2989.3
364.8459,3377.9
364.8711,3373.4
364.8963,3262.8
364.9216,2937.1
364.9468,3348.8
364.9730,1634.5
364.9986,2307.6
365.0239,3180.8
365.0491,3238.0
365.0743,3357.6
365.0995,3453.2
365.1247,2903.4
365.1502,3372.2
365.1755,3046.2
365.2007,3499.2
365.2259,3222.6
365.2511,3339.9
365.2764,2815.3
365.3016,3018.5
365.3272,1505.6
365.3525,2300.9
365.3777,3466.0
365.4029,3458.1
365.4282,3653.8
365.4534,3399.5
365.4786,3695.5
365.5038,3388.8
365.5290,3441.2
365.5543,3386.2
365.5799,3447.1
365.6051,3230.2
365.6303,3289.5
365.6555,3217.6
365.6807,3576.5
365.7071,1354.4
365.7323,2367.4
365.7575,3680.9
365.7827,3418.3
365.8080,3674.0
365.8332,3498.2
365.8584,3325.1
365.8836,3612.6
365.9088,3179.2
365.9340,3206.6
365.9592,3328.1
365.9847,3302.4
366.0099,3073.8
366.0352,3506.2
366.0604,2929.6
366.0856,3038.9
366.1118,1285.5
366.1371,2603.8
366.1623,3399.2
366.1875,3199.7
366.2127,3264.5
366.2379,3682.5
366.2632,3607.5
366.2884,3244.8
366.3136,3507.3
366.3388,3410.6
366.3641,3622.0
366.3893,3315.0
366.4145,3167.3
366.4397,3465.9
366.4649,3455.5
366.4910,1486.2
366.5163,2730.7
366.5416,3361.5
366.5668,3301.5
366.5920,3312.0
366.6173,3593.3
366.6425,3372.4
366.6677,3611.1
366.6929,3273.5
366.7182,3601.1
366.7434,3334.0
366.7687,3390.9
366.7939,3378.8
366.8192,3087.8
366.8444,3645.6
366.8708,650.1
366.8960,2863.5
366.9212,3377.1
366.9464,3508.3
366.9716,3563.9
366.9968,3587.3
367.0220,3474.0
367.0473,3704.8
367.0725,3120.6
367.0977,3551.8
367.1230,3427.2
367.1482,3222.0
367.1734,3564.8
367.1986,3378.3
367.2238,3497.5
367.2499,2691.8
367.2751,1255.8
367.3003,3784.7
367.3256,3474.9
367.3508,3362.9
367.3760,3293.5
367.4013,3617.5
367.4265,2434.8
367.4524,3340.8
367.4778,3528.9
367.5031,3464.4
367.5283,3530.2
367.5536,3493.4
367.5788,3584.0
367.6051,1544.7
367.6303,882.9
367.6555,3308.4
367.6807,3418.0
367.7059,3374.9
367.7311,3230.1
367.7563,3287.3
367.7815,3031.4
367.8068,3313.2
367.8320,3372.5
367.8572,2900.6
367.8824,3263.5
367.9078,3192.5
367.9330,2622.0
367.9587,3564.9
367.9839,589.3
368.0091,3629.4
368.0343,3431.3
368.0595,3749.3
368.0847,3429.3
368.1099,3410.7
368.1351,3669.8
368.1603,3255.0
368.1855,3210.2
368.2107,3216.1
368.2360,3513.3
368.2612,3295.5
368.2864,3626.2
368.3117,3467.4
368.3370,3634.5
368.3627,2187.0
368.3879,1690.2
368.4131,3559.3
368.4383,3645.9
368.4636,3524.9
368.4891,3664.8
368.5143,3564.2
368.5395,3533.3
368.5648,3501.5
368.5900,3427.3
368.6152,3512.9
368.6405,3257.9
368.6657,3524.0
368.6909,3396.5
368.7161,3563.5
368.7413,3402.2
368.7670,3010.0
368.7922,656.8
368.8173,3571.6
368.8426,3407.1
368.8678,3552.2
368.8930,3435.5
368.9182,3402.9
368.9434,3456.4
368.9686,3349.4
368.9939,3389.3
369.0191,3272.1
369.0443,3518.9
369.0695,3227.7
369.0948,3428.5
369.1204,3411.2
369.1456,1254.7
369.1708,3555.2
369.1972,925.1
369.2225,3143.2
369.2477,3361.7
369.2730,3442.4
369.2982,3447.8
369.3234,3337.9
369.3487,3547.7
369.3739,3455.0
369.3991,3325.0
369.4243,3211.1
369.4495,3500.1
369.4748,3250.2
369.5003,3437.3
369.5255,3535.5
369.5508,2537.5
369.5771,1585.9
369.6025,2323.5
369.6278,3104.7
369.6530,3348.1
369.6782,3254.4
369.7037,2919.7
369.7290,2794.4
369.7542,3245.9
369.7795,2997.7
369.8048,3357.5
369.8301,3439.5
369.8553,3303.0
369.8814,2002.4
369.9067,2134.7
369.9319,3297.0
369.9572,3140.1
369.9824,3511.4
370.0075,3518.7
370.0328,3150.2
370.0580,3464.3
370.0832,3268.8
370.1084,3155.8
370.1337,3387.2
370.1589,3345.5
370.1841,3359.3
370.2094,3342.4
370.2355,3286.4
370.2607,506.4
370.2860,3616.0
370.3112,3597.1
370.3364,3480.3
370.3616,3277.3
370.3871,3525.5
370.4124,3149.1
370.4376,3078.4
370.4632,3417.0
370.4885,3446.1
370.5137,3385.0
370.5389,3357.9
370.5641,2709.3
370.5903,2941.7
370.6155,672.8
370.6407,3734.2
370.6660,3385.2
370.6912,3465.8
370.7164,3754.4
370.7416,3565.5
370.7668,3300.7
370.7920,3617.6
370.8172,3180.2
370.8424,3082.9
370.8677,3263.0
370.8929,3431.8
370.9181,3277.7
370.9433,3541.4
370.9686,3582.2
370.9938,665.6
371.0190,3152.3
371.0443,3459.5
371.0695,3401.3
371.0947,3690.2
371.1199,3514.8
371.1457,3489.2
371.1709,3183.9
371.1962,3575.0
371.2214,3173.5
371.2466,3293.9
371.2719,3559.9
371.2971,3474.0
371.3223,3418.3
371.3475,2763.9
371.3738,762.0
371.3990,3144.5
371.4242,3194.9
371.4494,3163.5
371.4747,3321.3
371.4999,3278.7
371.5251,3575.9
371.5504,2744.9
371.5760,2651.5
371.6012,3441.9
371.6264,3309.5
371.6516,3300.8
371.6770,3646.7
371.7027,1601.1
371.7279,2109.3
371.7532,3393.6
371.7784,3312.5
371.8036,3652.1
371.8288,3058.5
371.8541,2769.3
371.8793,3015.8
371.9045,3168.4
371.9297,3153.3
371.9549,3063.1
371.9802,3222.8
372.0054,3133.5
372.0316,2453.6
372.0568,946.0
372.0820,3603.7
372.1074,3080.8
372.1326,3649.0
372.1579,3434.3
372.1831,3418.3
372.2083,3348.4
372.2335,3143.1
372.2588,3387.0
372.2842,3411.2
372.3094,3181.1
372.3346,3305.8
372.3599,3051.6
372.3857,2949.2
372.4109,387.4
372.4362,3642.2
372.4614,3495.8
372.4866,3458.5
372.5118,3707.1
372.5370,3346.6
372.5626,3448.3
372.5879,3252.2
372.6132,3248.8
372.6384,3553.9
372.6637,3330.0
372.6889,3379.1
372.7141,3558.0
372.7393,3201.6
372.7650,2907.1
372.7901,1089.6
372.8153,3495.7
372.8406,3664.9
372.8658,3363.2
372.8910,3584.1
372.9162,3739.6
372.9414,3401.6
372.9666,3373.2
372.9918,3344.0
373.0171,3208.8
373.0423,3352.2
373.0681,3361.3
373.0933,3298.7
373.1186,3408.2
373.1438,581.7
373.1690,3195.9
373.1943,2815.5
373.2196,3164.7
373.2448,3115.9
373.2700,3412.3
373.2952,3413.3
373.3204,3288.8
373.3456,3687.3
373.3709,3203.8
373.3961,3444.8
373.4214,3425.4
373.4466,2672.5
373.4722,2623.3
373.4975,1330.3
373.5227,3470.2
373.5480,3520.8
373.5731,3509.3
373.5983,3484.2
373.6235,3644.0
373.6488,3365.2
373.6740,3026.8
373.6993,3102.4
373.7245,3194.1
373.7497,3287.9
373.7749,3562.9
373.8001,3449.0
373.8254,3518.7
373.8514,1828.5
373.8766,2077.0
373.9021,3402.9
373.9274,3445.5
373.9526,3457.5
373.9778,3526.4
374.0030,3225.5
374.0283,3693.7
374.0535,3382.2
374.0787,3219.8
374.1040,3612.1
374.1292,3378.6
374.1544,3621.5
374.1796,3328.0
374.2048,919.1
374.2311,2573.5
374.2563,1210.7
374.2815,3373.7
374.3067,3159.9
374.3319,3527.7
374.3574,3532.0
374.3826,3471.5
374.4078,3220.6
374.4330,2719.1
374.4583,3070.8
374.4839,3177.1
374.5091,3090.9
374.5343,3253.3
374.5595,1911.2
374.5858,1493.4
374.6110,2461.1
374.6363,3611.4
374.6615,3274.3
374.6867,3278.1
374.7120,3243.0
374.7372,3334.0
374.7624,3576.7
374.7876,3391.2
374.8129,3327.7
374.8384,3349.2
374.8636,3534.7
374.8888,3465.8
374.9140,3532.3
374.9393,2513.4
374.9655,2031.0
374.9907,2153.9
375.0159,3524.5
375.0412,3230.1
375.0664,3782.7
375.0916,3453.0
375.1168,3133.2
375.1420,3307.7
375.1672,3689.5
375.1924,3462.5
375.2177,3504.6
375.2429,3512.1
375.2681,3374.9
375.2933,3421.1
375.3186,3398.9
375.3440,2271.0
375.3695,2074.2
375.3947,3427.7
375.4199,3513.2
375.4453,3439.6
375.4705,3679.7
375.4957,3475.7
375.5209,2996.1
375.5462,3535.6
375.5714,3029.6
375.5966,3449.8
375.6218,3163.2
375.6471,3393.3
375.6724,3456.9
375.6984,2120.0
375.7236,1936.3
375.7488,3166.9
375.7740,3252.2
375.7993,3011.9
375.8245,3328.9
375.8497,3249.8
375.8750,3330.9
375.9002,3078.4
375.9255,3038.0
375.9507,3508.8
375.9759,3400.7
376.0011,3227.8
376.0274,2215.8
376.0526,1913.8
376.0778,3358.0
376.1031,3462.9
376.1283,3296.9
376.1535,3336.8
376.1787,3577.2
376.2039,3383.4
376.2292,3368.6
376.2547,3416.5
376.2799,3507.4
376.3051,3478.6
376.3303,3312.9
376.3555,3557.9
376.3808,3461.5
376.4072,397.1
376.4324,3603.4
376.4576,3518.1
376.4829,3453.1
376.5081,3559.9
376.5333,3425.8
376.5585,3374.8
376.5838,3368.5
376.6090,3656.4
376.6342,3460.4
376.6594,3634.5
376.6846,3261.1
376.7098,3344.5
376.7350,3628.4
376.7602,2281.0
376.7863,2260.4
376.8115,1610.9
376.8367,3190.5
376.8619,3174.6
376.8871,3408.9
376.9124,3086.8
376.9376,3290.8
376.9628,3523.2
376.9880,3451.2
377.0132,3564.9
377.0385,3456.4
377.0637,3351.0
377.0889,3127.7
377.1144,3351.9
377.1404,3281.2
377.1657,680.4
377.1909,3317.8
377.2161,3467.9
377.2414,3440.8
377.2666,3335.1
377.2918,3452.4
377.3170,3208.2
377.3422,3137.1
377.3674,3023.0
377.3927,3399.1
377.4179,3356.8
377.4431,3572.1
377.4684,3501.7
377.4936,3537.6
377.5197,1261.3
377.5450,2454.2
377.5702,3141.3
377.5954,3237.5
377.6207,2705.9
377.6459,2654.2
377.6711,2917.6
377.6968,3218.3
377.7221,3088.6
377.7480,3194.1
377.7732,3139.8
377.7984,2449.5
377.8240,457.9
377.8492,3667.5
377.8744,3561.3
377.8997,3595.1
377.9249,3522.2
377.9504,3583.6
377.9757,3773.9
378.0010,3482.7
378.0262,3550.8
378.0514,3448.8
378.0768,3448.6
378.1020,3493.3
378.1275,3180.9
378.1528,3524.9
378.1780,3212.0
378.2032,2878.6
378.2294,1736.1
378.2551,2397.4
378.2803,3622.3
378.3055,3459.6
378.3307,3656.4
378.3559,3490.6
378.3812,3658.6
378.4064,3559.5
378.4316,3653.8
378.4568,3429.8
378.4821,3562.3
378.5073,3413.7
378.5329,3315.8
378.5581,3515.5
378.5835,3213.6
378.6087,3643.2
378.6343,3361.0
378.6595,458.3
378.6847,3568.9
378.7100,3533.7
378.7352,3564.2
378.7604,3444.5
378.7861,3516.0
378.8114,3525.6
378.8366,3392.4
378.8618,3597.5
378.8871,3441.6
378.9123,3525.6
378.9375,3383.8
378.9627,3467.2
378.9880,3400.0
379.0132,3300.8
379.0384,3640.2
379.0637,578.6
379.0889,3312.5
379.1141,3470.1
379.1394,3549.8
379.1646,3526.1
379.1898,3588.2
379.2150,3342.0
379.2403,3408.3
379.2655,3389.2
379.2908,3231.0
379.3160,3167.9
379.3412,3177.2
379.3665,3510.6
379.3917,3401.2
379.4169,2678.9
379.4421,2629.7
379.4682,1587.8
379.4935,2386.3
379.5187,3615.1
379.5439,3506.2
379.5691,3466.4
379.5943,3381.3
379.6196,3751.2
379.6448,3408.1
379.6700,3615.0
379.6952,3475.0
379.7205,3382.2
379.7457,3493.4
379.7709,3398.8
379.7961,3241.2
379.8213,3397.3
379.8466,3601.9
379.8727,2017.2
379.8979,1778.3
379.9232,3284.3
379.9484,3627.5
379.9736,3478.4
379.9989,3632.9
380.0241,3535.7
380.0494,3335.3
380.0746,3489.9
380.0999,3449.5
380.1251,3556.7
380.1503,3301.6
380.1755,3570.7
380.2008,3129.2
380.2262,3524.6
380.2515,3446.1
380.2775,2432.8
380.3028,1347.7
380.3280,3252.9
380.3532,3385.0
380.3784,3457.7
380.4036,3511.7
380.4289,3459.5
380.4541,3651.5
380.4793,3362.9
380.5045,3316.4
380.5298,3689.8
380.5550,3266.3
380.5802,3505.4
380.6054,3243.5
380.6310,3354.5
380.6562,2865.3
380.6814,3612.5
380.7068,276.8
380.7319,3665.1
380.7572,3494.8
380.7824,3570.2
380.8076,3295.3
380.8329,3672.6
380.8581,3392.2
380.8833,3306.4
380.9085,3051.3
380.9338,3215.0
380.9590,3455.3
380.9842,3429.9
381.0095,3584.3
381.0347,3542.7
381.0599,3660.4
381.0856,1231.2
381.1108,2453.0
381.1360,3456.6
381.1612,3221.5
381.1865,3210.6
381.2117,3669.8
381.2370,3161.5
381.2622,3030.4
381.2874,3572.1
381.3126,3414.2
381.3379,3225.1
381.3632,3428.6
381.3884,3415.6
381.4136,2158.1
381.4389,3547.4
381.4641,760.6
381.4893,2811.2
381.5145,3010.0
381.5397,3479.6
381.5650,2882.1
381.5902,3194.7
381.6154,3227.3
381.6407,2547.4
381.6660,3475.8
381.6912,3074.5
381.7164,3224.4
381.7416,1696.2
381.7676,1552.5
381.7932,2210.6
381.8184,3417.1
381.8437,3315.6
381.8694,3411.4
381.8946,3649.9
381.9198,3457.5
381.9451,3425.3
381.9703,3704.6
381.9955,3134.8
382.0211,3467.1
382.0467,3345.3
382.0720,3200.9
382.0972,3354.2
382.1224,3654.7
382.1481,3021.3
382.1733,965.7
382.1985,3348.5
382.2238,3284.6
382.2494,3384.4
382.2750,3286.9
382.3002,3524.8
382.3254,3376.6
382.3510,3434.8
382.3762,3212.6
382.4017,3202.5
382.4270,3392.7
382.4522,3073.1
382.4775,2922.0
382.5037,1148.3
382.5289,3042.0
382.5542,3321.0
382.5794,3643.5
382.6046,3338.0
382.6298,3217.4
382.6551,3472.1
382.6803,3317.4
382.7055,3284.4
382.7307,3308.5
382.7559,3224.8
382.7813,3245.6
382.8066,3457.5
382.8318,2799.7
382.8574,2533.0
382.8826,1416.2
382.9078,3334.5
382.9330,3314.9
382.9583,3243.9
382.9835,3530.4
383.0087,3283.3
383.0339,3316.7
383.0591,3509.0
383.0844,3410.5
383.1096,3164.6
383.1348,3715.7
383.1600,3328.8
383.1853,3390.1
383.2105,3357.6
383.2364,524.5
383.2617,3690.8
383.2869,2885.6
383.3121,3245.4
383.3373,3407.5
383.3625,3467.6
383.3877,3583.9
383.4130,3365.6
383.4382,3436.0
383.4634,3404.7
383.4889,3004.4
383.5141,3096.9
383.5393,1407.6
383.5656,2624.0
383.5908,1186.1
383.6163,3504.0
383.6415,3380.1
383.6667,3476.0
383.6920,3323.8
383.7172,3613.9
383.7424,3384.4
383.7676,3382.3
383.7928,3417.9
383.8181,3538.5
383.8433,3395.8
383.8685,3417.1
383.8938,3223.8
383.9190,2756.0
383.9451,2602.8
383.9704,1423.2
383.9960,3007.0
384.0212,3113.2
384.0465,3582.3
384.0717,3627.4
384.0969,3668.1
384.1221,3413.4
384.1473,3732.6
384.1726,3390.0
384.1978,3513.1
384.2231,3105.4
384.2483,2969.0
384.2735,3501.6
384.2987,1655.3
384.3249,2104.9
384.3501,1627.2
384.3753,3473.5
384.4005,3168.9
384.4257,3158.5
384.4510,3399.6
384.4762,3614.4
384.5022,3153.7
384.5274,3490.4
384.5527,3447.9
384.5779,3401.6
384.6031,3717.1
384.6283,3526.6
384.6535,3552.6
384.6787,2678.8
384.7050,1802.6
384.7302,2091.8
384.7554,3673.2
384.7806,3492.2
384.8058,3487.5
384.8310,3266.6
384.8563,3102.8
384.8815,3198.8
384.9067,3624.0
384.9319,3173.8
384.9572,3562.1
384.9824,3557.5
385.0077,3646.9
385.0329,3396.8
385.0581,3753.9
385.0844,1221.6
385.1096,2533.3
385.1349,3565.8
385.1601,3399.9
385.1854,3314.0
385.2106,3424.4
385.2359,3229.8
385.2611,3513.7
385.2863,3432.7
385.3115,3304.9
385.3368,3569.0
385.3620,3252.3
385.3872,3359.3
385.4124,3290.8
385.4376,2463.0
385.4628,3800.0
385.4896,483.8
385.5148,3633.7
385.5401,3433.2
385.5653,3053.7
385.5905,3546.9
385.6157,3443.3
385.6410,3440.0
385.6662,3534.0
385.6914,3390.6
385.7166,3575.5
385.7418,3418.5
385.7671,3069.5
385.7923,3230.0
385.8176,2170.9
385.8432,2131.2
385.8684,1792.6
385.8937,2965.5
385.9189,3424.7
385.9441,3275.4
385.9693,3677.2
385.9945,3488.1
386.0197,3532.9
386.0449,3698.0
386.0702,3536.7
386.0953,3564.0
386.1206,3456.0
386.1458,3317.4
386.1711,3418.5
386.1963,2516.3
386.2225,1456.1
386.2477,1781.0
386.2729,3525.9
386.2982,3578.5
386.3234,3335.6
386.3486,3707.5
386.3738,3441.7
386.3990,3502.5
386.4243,3648.1
386.4494,3270.7
386.4747,3887.6
386.4999,3432.5
386.5251,3511.1
386.5504,3394.6
386.5756,3623.3
386.6008,3380.6
386.6261,3501.7
386.6513,550.9
386.6765,3286.8
386.7017,3528.9
386.7269,3349.3
386.7521,3482.5
386.7774,3659.7
386.8026,3577.9
386.8278,3683.1
386.8531,3475.5
386.8783,3551.0
386.9035,3591.3
386.9287,3645.7
386.9540,3282.5
386.9792,3396.4
387.0044,3454.1
387.0297,3446.8
387.0554,1855.4
387.0807,1984.0
387.1059,3506.7
387.1311,3364.7
387.1563,3443.9
387.1815,3744.8
387.2067,3385.2
387.2320,3408.9
387.2573,3657.1
387.2825,3438.5
387.3077,3487.1
387.3329,3533.1
387.3581,3622.0
387.3833,3412.1
387.4085,3536.7
387.4337,2683.1
387.4589,3101.2
387.4850,1623.8
387.5103,2477.6
387.5355,3641.7
387.5607,3470.1
387.5859,3689.1
387.6111,3448.2
387.6363,3593.6
387.6615,3294.2
387.6868,3579.5
387.7120,3456.8
387.7374,3440.1
387.7627,3654.7
387.7879,3301.2
387.8131,3439.6
387.8383,3363.7
387.8635,2877.4
387.8897,3336.7
387.9149,545.4
387.9401,3669.0
387.9652,3537.1
387.9905,3549.0
388.0157,3358.6
388.0409,3505.5
388.0661,3449.7
388.0914,3335.8
388.1166,3447.2
388.1418,3257.3
388.1671,3319.3
388.1925,3471.1
388.2177,3482.3
388.2429,3237.1
388.2682,3353.4
388.2942,3389.9
388.3194,564.2
388.3446,3727.2
388.3698,3493.3
388.3951,3327.7
388.4203,3523.9
388.4455,3484.1
388.4707,3204.4
388.4959,3454.7
388.5211,3661.1
388.5463,3065.6
388.5716,3498.2
388.5968,3072.8
388.6221,3456.0
388.6473,3252.4
388.6725,3608.2
388.6983,341.7
388.7235,3591.3
388.7488,3298.0
388.7740,3456.5
388.7992,3371.1
388.8244,3672.9
388.8497,3110.9
388.8749,3029.6
388.9001,3512.9
388.9253,3405.8
388.9505,3411.8
388.9757,3289.0
389.0010,3118.0
389.0271,1685.2
389.0523,1946.1
389.0776,3208.9
389.1028,3108.8
389.1280,3379.3
389.1536,3103.7
389.1788,3529.8
389.2041,3104.9
389.2293,3342.4
389.2545,3331.1
389.2797,3366.1
389.3049,3434.3
389.3301,2798.7
389.3558,2561.2
389.3810,1244.4
389.4062,3407.9
389.4314,3644.7
389.4566,3486.4
389.4818,3697.6
389.5070,3733.7
389.5322,3631.0
389.5574,3361.5
389.5827,3296.9
389.6079,3300.7
389.6331,3422.1
389.6583,3431.1
389.6835,3626.3
389.7088,3440.5
389.7341,3428.9
389.7601,2185.7
389.7853,1742.9
389.8105,3494.4
389.8357,3464.8
389.8610,3604.3
389.8862,3559.3
389.9114,3576.6
389.9366,3415.5
389.9618,3647.7
389.9871,3318.3
390.0123,3647.9
390.0375,3408.8
390.0627,3479.9
390.0880,3644.9
390.1132,3320.1
390.1384,3375.9
390.1646,1411.7
390.1900,2467.9
390.2152,3698.2
390.2404,3495.6
390.2656,3491.2
390.2908,3473.9
390.3161,3729.2
390.3413,3429.8
390.3670,3407.4
390.3923,3577.2
390.4175,2783.6
390.4427,3432.1
390.4679,3269.8
390.4931,3618.8
390.5184,3434.9
390.5436,3415.8
390.5688,165.3
390.5940,3233.7
390.6192,3642.9
390.6444,3387.8
390.6696,3419.1
390.6949,3534.1
390.7201,3218.6
390.7453,3216.0
390.7706,3348.5
390.7958,3403.7
390.8210,3477.4
390.8463,3428.6
390.8715,3196.3
390.8973,3442.5
390.9235,3174.7
390.9487,706.5
390.9739,3374.6
390.9991,3303.3
391.0243,3295.6
391.0496,3694.4
391.0748,3271.6
391.1000,3360.7
391.1252,3226.0
391.1504,3351.8
391.1756,3217.0
391.2009,3337.5
391.2262,3274.3
391.2514,2363.2
391.2771,2372.9
391.3023,1554.3
391.3275,3406.8
391.3530,3467.3
391.3782,3372.8
391.4034,3528.1
391.4286,3540.7
391.4541,3079.3
391.4793,3554.0
391.5045,3230.2
391.5297,3529.1
391.5550,3318.4
391.5802,3228.3
391.6054,3508.1
391.6306,3397.5
391.6569,599.6
391.6821,3455.4
391.7073,3261.3
391.7325,3104.4
391.7578,3298.8
391.7830,3307.6
391.8082,3337.3
391.8334,3356.9
391.8590,3462.8
391.8843,3265.5
391.9096,3310.8
391.9351,3497.9
391.9603,3044.2
391.9862,433.8
392.0114,3600.5
392.0366,3215.0
392.0622,3336.6
392.0874,3550.4
392.1126,3447.1
392.1378,3451.4
392.1630,3427.6
392.1881,3332.3
392.2134,3503.7
392.2386,3439.0
392.2638,3345.8
392.2890,3403.0
392.3146,3347.8
392.3398,3104.7
392.3650,416.0
392.3902,3391.4
392.4155,2986.1
392.4407,3256.4
392.4659,2949.0
392.4911,3150.1
392.5164,2957.7
392.5416,3147.9
392.5668,3073.5
392.5920,3406.3
392.6172,3531.2
392.6424,2249.4
392.6684,3211.1
392.6936,563.1
392.7194,3444.7
392.7446,3604.7
392.7698,3517.0
392.7951,3681.8
392.8203,3416.3
392.8455,3632.5
392.8707,3411.9
392.8960,3410.7
392.9212,3595.8
392.9464,3440.9
392.9716,3275.6
392.9969,3442.3
393.0221,3430.5
393.0473,3597.7
393.0730,2537.1
393.0983,1417.9
393.1235,3396.4
393.1487,3648.4
393.1739,3524.0
393.1992,3747.1
393.2244,3479.4
393.2503,3486.6
393.2755,3502.3
393.3007,3448.8
393.3259,3515.8
393.3512,3322.2
393.3764,3514.5
393.4016,3315.7
393.4268,3583.7
393.4520,3459.5
393.4773,3339.1
393.5032,530.3
393.5284,3804.7
393.5536,3432.5
393.5788,3512.1
393.6041,3423.4
393.6293,3654.2
393.6545,2905.3
393.6798,3682.9
393.7050,3319.8
393.7302,3465.3
393.7554,3395.9
393.7806,3238.1
393.8059,3549.1
393.8311,3428.4
393.8563,3515.8
393.8815,2764.7
393.9073,2238.2
393.9325,1488.5
393.9577,3343.4
393.9829,3418.9
394.0082,3670.9
394.0334,3322.8
394.0586,3571.5
394.0839,2902.7
394.1091,3625.0
394.1343,2880.0
394.1595,3388.3
394.1848,3010.9
394.2100,3437.2
394.2352,3315.5
394.2604,3635.2
394.2856,490.1
394.3109,3547.5
394.3361,3218.5
394.3613,2844.2
394.3865,3449.3
394.4118,3288.7
394.4370,3168.2
394.4622,3383.6
394.4877,3042.2
394.5130,3632.7
394.5382,3418.5
394.5634,3355.8
394.5886,3103.3
394.6153,420.5
394.6405,3539.2
394.6657,3328.3
394.6909,3410.0
394.7161,3265.4
394.7413,3455.5
394.7669,3182.9
394.7922,3391.3
394.8174,3133.5
394.8427,3394.9
394.8679,3054.4
394.8931,3377.4
394.9183,3349.1
394.9445,2160.8
394.9697,1901.6
394.9949,3207.2
395.0202,2909.6
395.0454,3192.7
395.0706,3308.6
395.0958,2822.5
395.1210,3247.2
395.1463,3297.3
395.1714,3242.1
395.1967,3237.6
395.2219,2597.9
395.2481,2600.2
395.2733,1154.6
395.2992,3361.9
395.3248,3560.5
395.3500,3599.2
395.3752,3497.2
395.4004,3720.1
395.4257,3425.3
395.4509,3495.3
395.4761,3522.8
395.5013,3320.2
395.5265,3433.1
395.5517,3447.9
395.5769,3525.5
395.6021,3439.9
395.6272,1624.2
395.6529,3473.6
395.6781,286.8
395.7033,3416.7
395.7285,3269.6
395.7537,3622.1
395.7790,3512.0
395.8042,3635.9
395.8293,3442.0
395.8545,3511.2
395.8798,3453.9
395.9050,3582.7
395.9302,3412.9
395.9555,3253.9
395.9807,3685.5
396.0060,3389.6
396.0312,3522.3
396.0564,1448.4
396.0816,3650.3
396.1070,757.0
396.1322,3178.1
396.1574,3572.1
396.1826,3555.9
396.2082,3526.9
396.2334,3616.6
396.2586,3387.8
396.2838,3440.5
396.3091,3279.5
396.3343,3563.5
396.3595,3240.4
396.3847,3460.4
396.4099,3442.8
396.4355,3348.2
396.4607,3555.9
396.4859,2557.7
396.5120,2881.9
396.5372,1096.3
396.5629,3557.3
396.5881,3356.2
396.6134,3489.5
396.6386,3694.0
396.6638,3354.1
396.6891,3535.9
396.7143,3492.6
396.7398,3239.9
396.7650,3527.6
396.7903,3284.2
396.8155,3590.4
396.8408,3432.3
396.8662,3556.6
396.8914,3531.7
396.9176,2705.2
396.9428,1225.5
396.9682,3561.7
396.9934,3605.2
397.0186,3464.7
397.0439,3693.4
397.0691,3426.8
397.0943,3562.8
397.1195,3445.2
397.1449,3314.8
397.1701,3526.1
397.1953,3324.7
397.2205,3464.3
397.2457,3355.0
397.2709,3723.7
397.2962,3542.7
397.3223,2848.2
397.3475,925.0
397.3727,3602.5
397.3980,3455.0
397.4232,3377.5
397.4484,3683.6
397.4737,3060.8
397.4989,3285.8
397.5242,3623.7
397.5494,3238.8
397.5746,3254.7
397.6002,3068.2
397.6254,3529.6
397.6507,2811.7
397.6759,3339.7
397.7011,3379.9
397.7263,416.1
397.7515,3045.7
397.7768,3349.3
397.8020,3157.3
397.8277,3348.7
397.8530,3062.1
397.8782,3152.4
397.9038,2886.9
397.9290,3385.7
397.9542,3217.5
397.9794,3670.9
398.0046,2477.3
398.0299,3538.9
398.0552,739.6
398.0804,3294.4
398.1056,3574.6
398.1309,3401.6
398.1561,3515.8
398.1814,3293.5
398.2066,3270.2
398.2318,3498.1
398.2570,3317.2
398.2823,3327.8
398.3074,3477.6
398.3327,3171.5
398.3579,3396.9
398.3831,3394.7
398.4083,3672.8
398.4343,798.1
398.4595,3124.4
398.4848,3410.0
398.5100,3712.4
398.5352,3543.9
398.5604,3536.1
398.5856,3895.3
398.6109,3410.6
398.6361,3618.2
398.6613,3441.6
398.6865,3587.2
398.7118,3359.5
398.7370,3577.6
398.7622,3433.4
398.7874,3031.6
398.8126,2941.2
398.8389,1524.1
398.8642,2442.5
398.8894,3692.9
398.9146,3395.7
398.9398,3686.5
398.9650,3563.0
398.9902,3593.8
399.0155,3375.4
399.0407,3441.6
399.0659,3474.3
399.0911,3257.1
399.1163,3487.1
399.1416,3424.2
399.1668,3405.5
399.1920,3539.7
399.2173,3318.1
399.2437,569.6
399.2689,3490.8
399.2940,3418.9
399.3192,3549.9
399.3444,3515.4
399.3695,3559.2
399.3948,3375.9
399.4200,3436.8
399.4452,3535.5
399.4704,3496.9
399.4956,3218.5
399.5208,3360.7
399.5460,3546.0
399.5712,3113.2
399.5965,2912.4
399.6228,2277.4
399.6481,1510.0
399.6733,3421.7
399.6985,3628.1
399.7237,3011.8
399.7490,3575.7
399.7742,3335.6
399.7994,3311.9
399.8249,3601.3
399.8502,3053.9
399.8754,3187.3
399.9006,3233.7
399.9258,3649.0
399.9511,3342.9
399.9771,2910.3
400.0023,1097.8
400.0275,3235.3
400.0528,3367.2
400.0780,3437.6
400.1034,2975.9
400.1287,3337.3
400.1539,2864.9
400.1791,3458.1
400.2046,3307.2
400.2298,3262.7
400.2550,3128.8
400.2803,3473.2
400.3063,3048.8
400.3315,626.4
400.3568,3268.5
400.3820,3345.1
400.4072,3128.0
400.4327,3390.3
400.4580,3215.3
400.4832,3502.8
400.5085,3331.2
400.5337,3197.1
400.5589,3469.3
400.5841,3065.8
400.6093,3147.8
400.6356,2331.0
400.6609,1469.6
400.6861,3150.2
400.7113,3189.2
400.7366,3138.7
400.7618,3368.1
400.7871,3195.3
400.8123,3225.2
400.8375,3076.4
400.8627,3372.7
400.8880,3246.6
400.9132,3327.7
400.9384,3325.4
400.9636,2824.7
400.9897,1365.4
401.0151,2462.5
401.0403,3671.1
401.0655,3277.3
401.0907,3505.4
401.1159,3404.8
401.1412,3242.1
401.1664,3556.1
401.1918,3060.9
401.2170,3303.2
401.2422,3350.1
401.2679,3377.7
401.2931,3467.6
401.3184,3320.9
401.3441,2896.1
401.3693,751.4
401.3950,3455.0
401.4202,3406.7
401.4454,3384.2
401.4706,2938.2
401.4959,2995.1
401.5214,3300.8
401.5467,3295.7
401.5719,3378.1
401.5972,2981.1
401.6224,2897.3
401.6476,3434.2
401.6738,1536.0
401.6990,2559.8
401.7242,3483.8
401.7494,3090.0
401.7746,3324.8
401.7999,3439.7
401.8251,3261.9
401.8503,3231.6
401.8755,3375.0
401.9008,3416.5
401.9260,3249.0
401.9512,3550.9
401.9764,3524.9
402.0026,2389.4
402.0279,1373.8
402.0531,3397.5
402.0783,3298.1
402.1035,3398.4
402.1288,3436.5
402.1540,3286.5
402.1792,3298.9
402.2045,3457.7
402.2297,3634.6
402.2549,3223.7
402.2802,3325.9
402.3054,3371.7
402.3306,3196.1
402.3559,1568.5
402.3815,2799.5
402.4067,1236.2
402.4319,3455.2
402.4572,3588.9
402.4824,3495.0
402.5076,3739.1
402.5329,3541.8
402.5581,3466.3
402.5833,3671.8
402.6085,3445.1
402.6338,3412.8
402.6590,3516.2
402.6843,3210.3
402.7095,3562.7
402.7347,3400.8
402.7599,3651.5
402.7857,2780.6
402.8109,1037.5
402.8361,3708.1
402.8614,3556.2
402.8866,3427.1
402.9119,3721.5
402.9370,3511.3
402.9623,3599.4
402.9875,3497.4
403.0127,3605.1
403.0379,3198.0
403.0631,3581.0
403.0884,3218.2
403.1136,3407.9
403.1388,3605.9
403.1642,3190.5
403.1904,1785.8
403.2156,2195.4
403.2408,3271.2
403.2661,3620.2
403.2913,3471.0
403.3166,3356.5
403.3418,3634.0
403.3670,3363.7
403.3922,3326.3
403.4174,3323.0
403.4429,3031.0
403.4684,3085.0
403.4937,3379.0
403.5189,3193.4
403.5441,3163.4
403.5704,1094.5
403.5956,2805.6
403.6208,3494.9
403.6461,3330.4
403.6712,3539.4
403.6964,3271.5
403.7216,3437.3
403.7468,3204.4
403.7721,3453.2
403.7973,3389.7
403.8227,3364.6
403.8479,3530.1
403.8731,3255.5
403.8983,3624.6
403.9240,2207.0
403.9492,1897.4
403.9745,3416.9
403.9997,3457.2
404.0249,3403.6
404.0501,3805.4
404.0753,3461.9
404.1007,3491.7
404.1259,3639.2
404.1511,3491.3
404.1764,3394.1
404.2016,3384.7
404.2269,3346.8
404.2521,3485.1
404.2773,3427.9
404.3025,3498.3
404.3282,294.5
404.3534,3610.4
404.3787,3122.2
404.4040,3242.8
404.4292,3557.3
404.4544,3424.8
404.4797,3456.1
404.5049,3603.4
404.5301,3447.8
404.5553,3595.2
404.5805,3484.0
404.6057,3301.4
404.6309,3638.0
404.6561,3294.8
404.6814,1434.6
404.7066,3535.9
404.7318,754.6
404.7570,3056.8
404.7822,3260.8
404.8076,3535.3
404.8328,3491.2
404.8581,3486.3
404.8833,3595.1
404.9085,3519.6
404.9337,3158.3
404.9590,3361.4
404.9842,3240.2
405.0094,3199.4
405.0346,3473.1
405.0599,2042.7
405.0851,3639.7
405.1103,444.8
405.1355,3413.5
405.1607,3421.1
405.1860,3294.2
405.2112,3292.5
405.2364,3613.1
405.2616,2826.3
405.2869,3408.2
405.3121,3008.2
405.3373,3319.7
405.3626,3144.0
405.3878,3278.1
405.4140,2601.4
405.4392,768.9
405.4644,3295.7
405.4897,2941.3
405.5151,3355.0
405.5403,2965.8
405.5656,3378.8
405.5912,3105.0
405.6164,3300.9
405.6416,3482.0
405.6669,3300.6
405.6921,3371.6
405.7173,2428.7
405.7437,2516.2
405.7689,1172.9
405.7941,3344.4
405.8194,3534.3
405.8446,3575.1
405.8698,3421.6
405.8950,3458.0
405.9202,3209.1
405.9454,3390.4
405.9706,3563.0
405.9959,3246.8
406.0211,3195.8
406.0463,3509.5
406.0715,3425.8
406.0968,3440.1
406.1228,1123.8
406.1481,2990.1
406.1733,3609.8
406.1985,3376.7
406.2237,3426.9
406.2490,3483.5
406.2742,3315.4
406.2994,3418.0
406.3246,3251.3
406.3502,3014.2
406.3754,3123.4
406.4006,3344.1
406.4259,3496.7
406.4511,3423.3
406.4763,2651.5
406.5025,1999.4
406.5277,1882.1
406.5529,3420.3
406.5781,3462.2
406.6033,3614.0
406.6285,3534.4
406.6537,3938.6
406.6789,3452.1
406.7042,3443.7
406.7294,3656.9
406.7546,3155.1
406.7799,3282.2
406.8051,3507.9
406.8303,3454.6
406.8555,3565.8
406.8807,3470.5
406.9069,1474.2
406.9321,2675.1
406.9573,3594.2
406.9825,3344.5
407.0078,3544.5
407.0330,3472.3
407.0582,3687.7
407.0834,3409.6
407.1086,3541.5
407.1338,3385.7
407.1590,3137.6
407.1843,3386.0
407.2095,3655.5
407.2347,3177.1
407.2600,3245.8
407.2852,1467.1
407.3104,3619.6
407.3359,255.3
407.3611,3621.6
407.3864,3171.2
407.4119,3284.4
407.4371,3535.9
407.4624,3304.6
407.4879,3359.7
407.5131,3624.5
407.5383,3079.8
407.5636,3263.1
407.5888,3093.9
407.6140,3005.9
407.6392,3229.6
407.6644,2265.4
407.6896,3284.5
407.7148,682.5
407.7403,2975.4
407.7655,3319.8
407.7910,3166.1
407.8162,2825.1
407.8414,3413.0
407.8667,3365.0
407.8919,3549.0
407.9174,2984.0
407.9426,3490.7
407.9678,3113.9
407.9930,3275.6
408.0182,2930.5
408.0445,1826.8
408.0698,2346.0
408.0950,3165.7
408.1203,3277.8
408.1458,3179.0
408.1713,3246.1
408.1965,3698.3
408.2217,3208.2
408.2470,3419.6
408.2722,3300.8
408.2974,3205.1
408.3226,3285.2
408.3479,3417.3
408.3731,1504.2
408.3993,1551.4
408.4245,2417.1
408.4498,3263.6
408.4750,3660.1
408.5002,3081.0
408.5254,3412.9
408.5506,3282.8
408.5759,3394.3
408.6011,3344.5
408.6265,3411.0
408.6517,3380.4
408.6770,3365.9
408.7022,3413.4
408.7277,3356.4
408.7538,2011.3
408.7790,1989.6
408.8042,3410.7
408.8295,3432.4
408.8547,3609.2
408.8799,3469.3
408.9053,3579.5
408.9305,3443.4
408.9558,3350.1
408.9810,3680.8
409.0062,3276.5
409.0315,3313.2
409.0568,3211.6
409.0823,3266.0
409.1076,3522.1
409.1338,3127.2
409.1590,511.1
409.1843,3527.9
409.2095,3338.9
409.2347,3264.8
409.2600,3346.7
409.2852,3217.5
409.3104,3317.4
409.3357,2891.5
409.3609,3056.5
409.3861,3160.8
409.4114,3022.4
409.4366,3166.1
409.4623,1162.4
409.4876,2566.3
409.5128,3735.6
409.5380,3199.3
409.5632,3481.2
409.5885,3374.4
409.6137,2883.8
409.6393,3552.2
409.6645,3495.9
409.6897,3214.8
409.7150,3278.8
409.7402,3247.2
409.7655,3569.1
409.7907,3164.3
409.8159,547.2
409.8411,3215.5
409.8663,3507.8
409.8916,3379.2
409.9169,3626.9
409.9421,3378.2
409.9673,3434.3
409.9926,2912.0
410.0178,3726.8
410.0430,3385.6
410.0682,3095.0
410.0934,3049.7
410.1186,3342.1
410.1438,1177.8
410.1694,1688.8
410.1947,1995.8
410.2199,2870.9
410.2455,3180.3
410.2707,2860.8
410.2960,3100.7
410.3214,3555.0
410.3466,2776.6
410.3718,2764.3
410.3970,3245.4
410.4223,3255.8
410.4475,1747.4
410.4735,2687.3
410.4987,1298.1
410.5239,3436.4
410.5491,3524.8
410.5744,3150.9
410.5996,3338.9
410.6249,3408.5
410.6501,3452.7
410.6754,3202.0
410.7006,3263.6
410.7258,2990.1
410.7510,3382.6
410.7763,3342.8
410.8015,3412.5
410.8276,3177.0
410.8528,592.7
410.8781,3231.2
410.9034,2697.2
410.9286,3641.7
410.9539,3129.1
410.9795,3415.3
411.0048,3268.5
411.0299,3121.2
411.0551,3340.4
411.0804,3245.1
411.1056,3225.1
411.1308,3533.9
411.1560,2457.1
411.1814,1449.8
411.2065,2592.7
411.2317,3376.4
411.2568,3534.5
411.2820,3243.8
411.3073,3216.5
411.3325,3406.8
411.3578,2942.1
411.3831,3226.8
411.4083,3099.1
411.4336,3263.4
411.4588,2658.7
411.4840,2489.2
411.5092,495.8
411.5344,2778.1
411.5596,3401.6
411.5848,3367.8
411.6100,3361.6
411.6352,2905.2
411.6605,3625.3
411.6857,3414.7
411.7109,3395.3
411.7362,3200.7
411.7614,3288.3
411.7868,3291.4
411.8120,3550.7
411.8375,743.3
411.8627,3300.9
411.8879,3387.4
411.9132,3327.4
411.9384,3233.9
411.9636,3525.5
411.9888,3374.7
412.0140,2960.0
412.0392,3380.0
412.0645,3250.7
412.0897,3231.0
412.1149,3603.0
412.1401,3298.8
412.1653,1600.2
412.1914,2943.3
412.2167,475.0
412.2419,3671.3
412.2671,3433.5
412.2923,3308.6
412.3175,3369.1
412.3427,3236.5
412.3680,3296.6
412.3932,3348.6
412.4184,3513.1
412.4437,3296.1
412.4689,3365.5
412.4941,3276.2
412.5194,3563.2
412.5446,2406.2
412.5709,1422.6
412.5961,2361.3
412.6213,3738.2
412.6465,3358.3
412.6718,3447.3
412.6970,3692.8
412.7222,3568.6
412.7474,3570.8
412.7726,3367.5
412.7980,3242.6
412.8232,3450.8
412.8490,3265.4
412.8742,3688.3
412.9002,3323.6
412.9254,3507.5
412.9506,3603.1
412.9759,400.9
413.0011,3617.5
413.0263,3534.4
413.0515,3719.3
413.0767,3740.4
413.1019,3679.7
413.1271,3460.3
413.1523,3495.4
413.1776,3625.3
413.2028,3504.8
413.2281,3444.1
413.2533,3326.2
413.2785,3635.9
413.3037,3354.0
413.3290,3423.4
413.3543,3453.1
413.3805,1562.2
413.4057,2457.7
413.4310,3734.4
413.4562,3498.2
413.4814,3660.2
413.5066,3392.0
413.5318,3588.0
413.5570,3368.5
413.5823,3368.3
413.6075,3340.0
413.6327,3304.7
413.6579,3438.3
413.6832,3514.1
413.7084,3435.8
413.7336,3667.3
413.7588,2873.1
413.7850,2613.5
413.8103,1262.8
413.8355,3461.4
413.8607,3591.5
413.8859,3441.2
413.9111,3434.7
413.9363,3734.8
413.9615,3402.3
413.9867,3163.8
414.0120,3617.6
414.0372,3291.0
414.0624,3308.0
414.0876,3307.3
414.1128,3639.7
414.1381,3242.3
414.1633,3628.0
414.1885,786.4
414.2137,2991.0
414.2389,3418.8
414.2641,3610.5
414.2893,3424.1
414.3146,3485.5
414.3398,3484.2
414.3650,3071.1
414.3902,3459.1
414.4154,3419.1
414.4407,3509.5
414.4659,3221.1
414.4911,3423.5
414.5163,3451.1
414.5415,1655.7
414.5676,3159.8
414.5929,906.8
414.6187,3634.5
414.6440,3181.8
414.6692,3223.2
414.6947,2973.1
414.7200,2962.7
414.7452,2922.7
414.7705,3238.1
414.7957,2931.9
414.8209,3187.6
414.8462,2554.7
414.8714,1671.4
414.8976,943.2
414.9229,2872.9
414.9481,3273.7
414.9733,3315.9
414.9985,3419.7
415.0237,3342.5
415.0489,3026.2
415.0741,2979.1
415.0993,3590.4
415.1246,3264.6
415.1498,2991.1
415.1750,3582.2
415.2002,2905.0
415.2254,3341.8
415.2517,938.3
415.2769,3283.4
415.3021,3446.2
415.3273,3668.6
415.3526,3528.0
415.3778,3518.6
415.4030,3516.1
415.4282,3539.2
415.4536,3234.8
415.4788,3537.5
415.5041,3427.9
415.5293,3505.7
415.5545,3343.6
415.5798,3545.4
415.6050,3158.2
415.6306,2041.1
415.6559,1479.4
415.6811,3259.5
415.7063,3468.6
415.7315,3292.1
415.7568,3532.9
415.7820,3381.0
415.8073,3116.0
415.8327,3431.2
415.8580,2804.3
415.8832,2691.6
415.9084,3253.6
415.9336,3126.6
415.9593,3256.3
415.9845,957.3
416.0097,3457.2
416.0349,3385.7
416.0602,3360.9
416.0854,3244.8
416.1106,2844.6
416.1359,3274.8
416.1611,3462.4
416.1863,3278.9
416.2115,3573.9
416.2368,3381.7
416.2620,3043.0
416.2872,3495.4
416.3124,1729.5
416.3381,2551.3
416.3633,1305.5
416.3885,3457.7
416.4137,2891.4
416.4390,3157.9
416.4642,3347.4
416.4894,3320.5
416.5147,2988.7
416.5399,3346.3
416.5652,3244.8
416.5903,3327.4
416.6155,3412.9
416.6412,3374.6
416.6673,3134.6
416.6925,902.6
416.7177,3396.1
416.7429,3738.7
416.7681,3544.8
416.7933,3403.8
416.8185,3711.6
416.8437,3428.1
416.8690,3369.4
416.8942,3241.4
416.9194,3358.8
416.9446,3151.9
416.9699,3243.8
416.9957,3431.6
417.0214,2469.4
417.0466,1147.2
417.0722,3584.1
417.0974,3114.8
417.1226,3296.2
417.1478,3232.8
417.1730,3544.9
417.1982,3217.9
417.2234,3216.9
417.2487,3150.9
417.2739,3531.3
417.2991,3170.4
417.3244,3358.4
417.3496,3254.7
417.3749,617.5
417.4001,2911.2
417.4253,3483.8
417.4505,2985.9
417.4757,3332.8
417.5010,3337.3
417.5262,3326.5
417.5514,3428.2
417.5766,3130.0
417.6018,3122.3
417.6270,3213.2
417.6523,3206.8
417.6775,2722.8
417.7035,2011.7
417.7288,1803.6
417.7540,3294.5
417.7792,3596.3
417.8043,3432.6
417.8295,3345.4
417.8548,3508.9
417.8800,3342.4
417.9053,3248.8
417.9305,3259.4
417.9557,3116.3
417.9809,3446.5
418.0064,3014.2
418.0316,3360.4
418.0568,2699.1
418.0831,1704.6
418.1084,2351.7
418.1336,3440.4
418.1588,2875.9
418.1841,3341.6
418.2093,2830.4
418.2345,3353.0
418.2597,2972.6
418.2849,3410.1
418.3101,2882.3
418.3353,3239.8
418.3605,3100.7
418.3866,3172.7
418.4118,682.3
418.4370,3250.1
418.4623,3538.7
418.4875,3329.3
418.5127,3287.7
418.5379,3355.8
418.5631,3253.1
418.5883,3501.1
418.6136,3212.9
418.6388,3363.3
418.6640,3284.8
418.6892,3218.5
418.7144,3493.3
418.7401,2392.2
418.7653,1221.9
418.7905,3334.5
418.8157,3436.6
418.8409,3480.0
418.8661,3409.1
418.8913,3358.1
418.9165,3429.6
418.9418,2800.7
418.9670,3437.3
418.9922,2915.0
419.0175,3450.7
419.0427,3239.0
419.0679,2887.9
419.0941,1853.7
419.1193,1949.5
419.1445,3393.4
419.1700,3456.9
419.1952,3171.4
419.2205,3196.3
419.2458,3228.5
419.2710,3249.6
419.2963,2959.1
419.3215,3325.0
419.3468,3360.7
419.3721,3292.9
419.3973,3599.7
419.4235,2327.2
419.4487,1519.5
419.4740,3354.3
419.4992,3247.2
419.5244,3372.0
419.5496,3634.5
419.5749,3423.3
419.6001,3315.5
419.6253,3209.5
419.6505,3295.8
419.6759,3457.6
419.7011,3273.2
419.7264,3266.2
419.7516,2399.6
419.7768,2367.5
419.8031,990.1
419.8283,3057.1
419.8536,3285.2
419.8788,3254.5
419.9040,3301.6
419.9292,2930.4
419.9544,3472.4
419.9797,3309.2
420.0049,3416.9
420.0301,3313.3
420.0553,3223.8
420.0805,3350.4
420.1057,2486.8
420.1319,2515.4
420.1571,1378.2
420.1824,3109.6
420.2076,3277.7
420.2328,2877.8
420.2580,3287.5
420.2832,3227.1
420.3085,3203.7
420.3337,2930.0
420.3589,3074.7
420.3842,3302.0
420.4094,3394.9
420.4346,2527.8
420.4608,1461.6
420.4860,2562.6
420.5112,3706.2
420.5365,3260.7
420.5617,3444.7
420.5869,3357.5
420.6122,3513.9
420.6374,3411.8
420.6626,3393.2
420.6878,3364.9
420.7131,3320.4
420.7383,3259.4
420.7637,3363.5
420.7890,3468.3
420.8142,1604.0
420.8400,3591.9
420.8652,365.6
420.8905,3153.6
420.9157,3461.0
420.9409,3594.7
420.9661,3538.7
420.9913,3752.3
421.0165,3389.6
421.0420,3490.3
421.0673,3617.8
421.0925,3431.0
421.1177,3162.9
421.1429,3130.9
421.1681,2969.6
421.1934,3370.8
421.2197,1720.9
421.2449,1445.7
421.2702,3353.6
421.2954,3507.4
421.3206,3505.6
421.3459,3409.4
421.3711,3049.8
421.3963,3436.6
421.4215,3247.8
421.4468,3377.2
421.4720,3024.1
421.4972,3214.6
421.5225,3047.6
421.5477,2671.1
421.5739,2575.6
421.5992,1418.6
421.6244,3175.1
421.6496,2774.3
421.6748,3328.5
421.7000,3513.5
421.7253,3076.7
421.7505,3278.7
421.7757,3031.2
421.8009,3356.5
421.8262,3237.4
421.8514,3507.0
421.8766,3048.3
421.9023,2675.1
421.9275,666.4
421.9527,3560.8
421.9780,3463.2
422.0032,3475.4
422.0287,3214.6
422.0539,3664.3
422.0792,3432.6
422.1044,3380.1
422.1297,3565.8
422.1549,3242.0
422.1802,3400.4
422.2054,3155.9
422.2306,3336.0
422.2558,3631.5
422.2821,2729.4
422.3074,1322.0
422.3326,3569.7
422.3579,3507.8
422.3831,3077.6
422.4083,3711.6
422.4336,3274.3
422.4588,3391.8
422.4840,3245.7
422.5092,3411.1
422.5345,3358.2
422.5601,3348.9
422.5854,3548.0
422.6106,3396.2
422.6357,1154.6
422.6609,2688.4
422.6872,986.0
422.7125,2944.0
422.7377,3677.9
422.7629,3475.3
422.7881,3387.7
422.8133,3722.2
422.8386,3559.0
422.8638,3660.2
422.8890,3475.6
422.9142,3452.9
422.9394,3299.0
422.9646,3338.6
422.9899,3580.5
423.0151,3285.5
423.0403,3445.4
423.0655,3632.8
423.0908,493.7
423.1160,3493.3
423.1413,3546.9
423.1665,3629.7
423.1917,3385.2
423.2170,3658.6
423.2422,3537.1
423.2674,3606.1
423.2926,2672.0
423.3179,3437.2
423.3431,3281.3
423.3683,3463.7
423.3937,3337.7
423.4189,3586.5
423.4441,3345.3
423.4704,1075.1
423.4957,3166.9
423.5209,3417.1
423.5461,3309.2
423.5713,3553.7
423.5965,3391.8
423.6218,3533.1
423.6470,3572.2
423.6721,3338.0
423.6974,3452.7
423.7226,3491.2
423.7482,3220.9
423.7734,3553.9
423.7987,2970.4
423.8239,3475.2
423.8491,518.3
423.8743,3451.6
423.8995,3478.4
423.9247,3321.9
423.9500,3452.2
423.9751,3751.1
424.0003,3483.5
424.0256,3614.4
424.0508,3492.9
424.0760,3615.1
424.1013,3401.2
424.1265,3412.7
424.1517,3461.9
424.1769,3130.1
424.2021,3310.7
424.2274,2968.8
424.2534,1667.7
424.2787,2442.1
424.3039,3429.8
424.3291,3533.6
424.3543,3537.7
424.3795,3307.3
424.4047,3465.9
424.4300,3588.9
424.4552,3425.6
424.4804,3576.1
424.5057,3402.7
424.5309,3554.0
424.5561,3464.1
424.5814,3332.7
424.6067,3429.9
424.6319,3306.3
424.6581,1103.1
424.6834,2662.0
424.7086,2943.5
424.7338,3568.4
424.7590,3411.5
424.7848,3310.3
424.8100,3701.3
424.8352,3562.4
424.8604,3120.9
424.8857,3284.2
424.9109,3361.6
424.9361,3395.7
424.9614,3136.0
424.9866,3117.9
425.0118,1883.6
425.0374,2253.7
425.0627,1925.9
425.0879,3408.9
425.1131,3285.5
425.1383,2930.2
425.1635,3643.7
425.1887,3292.8
425.2140,3172.0
425.2392,3221.1
425.2645,3358.6
425.2897,3322.4
425.3149,3281.5
425.3402,3336.1
425.3654,3202.2
425.3917,896.4
425.4170,2927.3
425.4425,3009.4
425.4678,3176.3
425.4930,3338.8
425.5182,3303.3
425.5434,3139.2
425.5686,3366.2
425.5939,2880.6
425.6191,3624.7
425.6443,2593.9
425.6704,3000.3
425.6957,689.6
425.7209,3354.5
425.7461,3471.6
425.7713,3333.0
425.7965,3242.1
425.8218,3245.9
425.8470,3664.9
425.8721,3487.9
425.8974,2891.0
425.9226,3396.7
425.9479,3300.1
425.9734,3494.2
425.9986,2411.4
426.0238,3622.0
426.0493,298.4
426.0745,3735.0
426.0997,3469.3
426.1250,3576.3
426.1502,3422.0
426.1754,3473.4
426.2006,3402.5
426.2258,3250.6
426.2510,3416.7
426.2762,3306.6
426.3018,3572.9
426.3270,3546.0
426.3522,3361.2
426.3774,3205.5
426.4034,2570.2
426.4287,1322.9
426.4539,3370.0
426.4793,3164.2
426.5048,3180.3
426.5300,3545.2
426.5556,2976.7
426.5809,3581.8
426.6064,3124.5
426.6316,3189.2
426.6568,3256.0
426.6821,2957.3
426.7083,2687.8
426.7336,691.8
426.7588,3201.6
426.7840,3420.0
426.8096,3466.4
426.8348,3316.8
426.8600,3715.3
426.8852,2962.9
426.9105,3482.6
426.9357,3257.7
426.9609,3118.9
426.9861,3199.4
427.0114,3404.6
427.0376,2946.1
427.0629,474.0
427.0880,3452.9
427.1132,3303.7
427.1385,3461.8
427.1637,3404.1
427.1889,3297.9
427.2141,3339.4
427.2395,3507.7
427.2647,2967.1
427.2900,3024.9
427.3152,3489.7
427.3404,3309.2
427.3657,3325.4
427.3917,1806.6
427.4170,2178.1
427.4422,3331.3
427.4674,3202.8
427.4927,3220.9
427.5179,3358.6
427.5431,3139.7
427.5684,3351.8
427.5939,3141.9
427.6191,3234.6
427.6443,3234.9
427.6696,3131.8
427.6948,3418.7
427.7210,2079.8
427.7462,2067.4
427.7715,3389.9
427.7967,3288.7
427.8220,3460.9
427.8472,3558.1
427.8724,3597.7
427.8976,3336.7
427.9228,3313.2
427.9481,3468.1
427.9733,3165.9
427.9985,3323.3
428.0237,3255.3
428.0489,3251.6
428.0741,3298.5
428.0993,529.1
428.1246,3237.9
428.1498,3555.8
428.1750,3339.6
428.2002,3606.2
428.2254,3482.7
428.2512,3567.5
428.2764,3074.4
428.3022,3497.5
428.3275,3443.2
428.3527,3299.4
428.3782,3313.0
428.4034,3647.0
428.4286,2841.6
428.4539,1927.6
428.4801,2122.7
428.5053,1973.7
428.5305,3434.6
428.5557,3440.2
428.5809,3641.7
428.6061,3422.4
428.6314,3606.3
428.6566,3424.9
428.6819,3292.5
428.7071,3622.8
428.7323,3380.7
428.7575,3592.0
428.7827,3408.7
428.8079,3312.7
428.8331,3516.9
428.8584,3517.1
428.8847,1427.5
428.9099,2614.3
428.9351,3565.5
428.9603,3341.0
428.9856,3678.3
429.0108,3506.7
429.0360,3681.6
429.0612,3421.7
429.0863,3662.4
429.1116,3374.0
429.1368,3343.7
429.1620,3241.6
429.1872,3594.5
429.2124,3247.7
429.2376,3539.1
429.2628,3426.9
429.2885,1130.5
429.3137,2866.8
429.3389,3458.4
429.3642,3346.5
429.3894,3441.7
429.4146,3697.3
429.4398,3129.0
429.4650,3377.3
429.4902,3535.8
429.5154,3317.5
429.5410,3446.2
429.5662,3531.3
429.5916,3280.9
429.6169,3453.5
429.6421,2525.9
429.6673,3245.9
429.6932,857.4
429.7185,3114.7
429.7437,3705.1
429.7689,3430.8
429.7942,3507.9
429.8194,3536.3
429.8446,3367.4
429.8698,3537.9
429.8950,3519.5
429.9203,3289.9
429.9455,3584.3
429.9707,3358.4
429.9959,3157.9
430.0211,3663.7
430.0464,3436.8
430.0725,3104.6
430.0977,649.6
430.1230,3662.9
430.1482,3429.6
430.1734,3666.4
430.1986,3254.6
430.2239,2801.7
430.2491,3131.8
430.2743,3300.7
430.2995,3160.1
430.3248,2844.6
430.3500,3283.4
430.3752,3327.7
430.4004,3073.6
430.4266,931.2
430.4520,3272.3
430.4772,3378.4
430.5027,3247.1
430.5279,3485.9
430.5531,3416.1
430.5783,3498.0
430.6035,3362.4
430.6287,3427.8
430.6539,3310.0
430.6792,3471.7
430.7044,3332.5
430.7296,3111.9
430.7548,3383.5
430.7800,478.1
430.8052,3162.0
430.8305,3348.8
430.8557,3450.0
430.8809,3484.0
430.9061,3565.5
430.9313,3402.5
430.9565,3725.7
430.9818,3171.6
431.0071,3586.7
431.0323,3428.6
431.0576,3553.9
431.0828,3284.8
431.1080,3396.5
431.1332,2577.9
431.1595,1898.9
431.1847,2135.0
431.2100,3491.3
431.2352,3447.6
431.2604,3131.3
431.2856,3361.4
431.3109,3489.3
431.3361,2657.4
431.3613,3181.0
431.3866,2917.6
431.4118,3189.1
431.4370,3277.4
431.4622,3584.7
431.4884,2663.0
431.5136,1211.7
431.5388,3435.5
431.5641,3100.2
431.5893,3398.2
431.6145,3425.8
431.6397,3234.9
431.6650,3561.0
431.6902,3257.1
431.7154,3408.0
431.7406,3025.2
431.7659,3244.1
431.7914,3177.3
431.8166,1403.8
431.8430,2341.3
431.8682,1351.4
431.8934,3067.5
431.9187,3691.0
431.9439,3467.9
431.9691,3373.4
431.9943,3363.6
432.0196,3346.5
432.0448,3491.8
432.0700,3398.6
432.0958,3171.7
432.1211,3079.2
432.1463,3203.0
432.1715,2308.8
432.1978,1378.2
432.2230,2356.6
432.2482,3482.5
432.2735,3364.7
432.2987,3358.2
432.3242,3429.8
432.3494,3241.8
432.3746,3241.2
432.3998,3147.0
432.4250,3028.2
432.4503,3436.3
432.4755,3356.3
432.5007,2697.3
432.5263,1627.4
432.5517,2354.5
432.5769,3452.6
432.6021,3229.2
432.6274,3413.0
432.6526,3431.9
432.6777,2700.8
432.7030,3270.1
432.7288,3346.2
432.7541,3297.0
432.7793,3371.8
432.8045,3215.7
432.8300,3511.8
432.8552,3569.1
432.8808,2850.1
432.9060,1185.4
432.9313,3448.8
432.9565,3728.7
432.9817,3260.8
433.0069,3348.0
433.0322,3680.0
433.0574,3123.8
433.0826,3241.9
433.1078,3592.3
433.1331,3121.4
433.1583,3358.2
433.1836,3302.0
433.2088,3594.0
433.2340,2797.8
433.2592,3002.4
433.2844,232.4
433.3097,3439.2
433.3349,3346.6
433.3601,3454.3
433.3853,3257.6
433.4105,3129.7
433.4358,3498.5
433.4610,3141.9
433.4862,3338.4
433.5114,3366.1
433.5366,3304.2
433.5619,3263.1
433.5871,3258.3
433.6123,3413.9
433.6376,362.3
433.6628,3622.6
433.6885,3099.6
433.7137,3511.0
433.7389,3368.7
433.7641,3581.4
433.7893,3384.8
433.8146,3339.7
433.8398,3598.3
433.8653,3006.6
433.8906,3544.2
433.9158,3223.2
433.9410,3272.0
433.9663,3505.4
433.9915,3319.7
434.0171,324.9
434.0423,3568.3
434.0677,3457.6
434.0930,2726.9
434.1182,2745.2
434.1435,3317.3
434.1687,2894.6
434.1939,3306.2
434.2191,3056.7
434.2444,3285.8
434.2696,2323.6
434.2958,3217.3
434.3211,707.5
434.3463,3627.7
434.3715,3467.9
434.3967,3418.1
434.4219,3660.9
434.4471,3486.4
434.4724,3370.4
434.4975,3676.6
434.5227,3422.6
434.5480,3419.4
434.5732,3057.5
434.5984,3204.9
434.6237,3412.2
434.6489,3409.9
434.6741,3551.8
434.6993,735.8
434.7245,3198.1
434.7498,3704.6
434.7750,3414.0
434.8002,2945.1
434.8254,3161.8
434.8507,3707.1
434.8759,3380.0
434.9011,3287.1
434.9264,3194.6
434.9516,3249.0
434.9768,3230.7
435.0020,3065.0
435.0279,980.9
435.0532,2513.5
435.0784,3227.6
435.1036,3284.6
435.1289,3496.6
435.1541,3365.3
435.1793,3288.5
435.2045,3206.1
435.2298,3278.5
435.2550,2924.3
435.2802,3406.0
435.3055,3242.6
435.3307,3413.6
435.3559,610.0
435.3812,3050.6
435.4064,3389.8
435.4316,3395.7
435.4568,3178.7
435.4821,3407.9
435.5073,3127.1
435.5325,3376.8
435.5578,3512.6
435.5830,3176.1
435.6082,3149.5
435.6334,3357.1
435.6587,2456.8
435.6850,2128.7
435.7102,1800.5
435.7355,3071.9
435.7607,3309.1
435.7859,3463.1
435.8112,3203.8
435.8366,3363.3
435.8618,3515.1
435.8870,3310.2
435.9122,3490.4
435.9374,3375.5
435.9626,3451.9
435.9879,3446.0
436.0131,3333.1
436.0391,3171.3
436.0643,691.1
436.0895,3374.7
436.1147,3358.4
436.1401,3389.9
436.1653,3557.2
436.1905,3393.4
436.2157,3634.3
436.2409,3284.4
436.2661,3368.8
436.2914,3330.3
436.3166,3286.8
436.3418,3631.7
436.3671,3286.2
436.3923,3428.5
436.4175,3358.0
436.4441,579.8
436.4694,3599.6
436.4946,3388.5
436.5198,3194.0
436.5449,3446.2
436.5702,3606.6
436.5954,3356.3
436.6206,3438.2
436.6458,3202.3
436.6711,3363.2
436.6963,3336.5
436.7215,3248.2
436.7467,3088.7
436.7720,3319.8
436.7982,1532.8
436.8234,2418.2
436.8487,3603.8
436.8739,3545.4
436.8991,3520.0
436.9243,3352.1
436.9495,3459.1
436.9747,3793.7
436.9999,3300.5
437.0252,3383.0
437.0505,3448.8
437.0757,3461.9
437.1010,3366.1
437.1262,3583.5
437.1514,2679.7
437.1766,3627.8
437.2020,759.1
437.2272,3158.9
437.2525,3659.1
437.2777,3357.3
437.3031,3463.7
437.3283,3582.0
437.3535,3442.5
437.3787,3621.6
437.4039,3388.3
437.4292,3619.1
437.4544,3355.5
437.4796,3650.0
437.5049,3396.3
437.5301,3511.5
437.5553,3505.9
437.5805,2580.0
437.6068,3107.5
437.6320,852.8
437.6572,3646.0
437.6824,3421.8
437.7076,3415.1
437.7328,3687.9
437.7581,3334.1
437.7833,3630.4
437.8085,3492.6
437.8337,3509.6
437.8589,3289.5
437.8847,3338.5
437.9099,3516.2
437.9351,3346.5
437.9604,3583.0
437.9856,3482.2
438.0108,3618.6
438.0366,299.8
438.0618,3709.0
438.0870,3426.8
438.1123,3418.2
438.1375,3565.0
438.1627,3603.9
438.1879,3356.3
438.2131,3742.3
438.2384,3365.6
438.2636,3502.3
438.2888,3434.8
438.3140,3445.2
438.3392,3650.3
438.3644,3464.8
438.3896,3462.6
438.4149,3427.6
438.4412,1086.1
438.4664,2656.5
438.4916,3490.1
438.5168,3334.0
438.5421,3278.6
438.5673,3514.1
438.5925,3337.4
438.6177,3316.6
438.6430,3576.5
438.6682,3155.8
438.6934,3353.3
438.7186,3535.6
438.7438,3369.2
438.7690,3648.1
438.7943,2085.0
438.8204,3590.7
438.8456,403.1
438.8709,3318.1
438.8961,3278.8
438.9213,3795.5
438.9465,3283.4
438.9717,3784.2
438.9970,3400.1
439.0222,3219.2
439.0474,3423.9
439.0727,3365.6
439.0979,3338.8
439.1231,3603.4
439.1484,3423.4
439.1736,3575.1
439.1989,3503.8
439.2246,2965.5
439.2498,963.7
439.2750,3637.9
439.3002,3482.2
439.3255,3488.0
439.3507,3588.8
439.3759,3325.9
439.4011,3370.4
439.4264,3459.9
439.4516,3378.3
439.4768,3447.6
439.5020,3292.0
439.5272,3330.7
439.5524,3042.9
439.5778,3288.4
439.6034,3277.1
439.6287,335.0
439.6539,3655.7
439.6791,3446.7
439.7044,3507.1
439.7297,3523.7
439.7549,3342.1
439.7802,3263.9
439.8057,3443.8
439.8309,2940.4
439.8561,3077.3
439.8813,3245.2
439.9065,3248.9
439.9317,2764.6
439.9571,3152.5
439.9834,1169.4
440.0086,2765.7
440.0344,3014.3
440.0596,3037.2
440.0849,3409.3
440.1101,3349.6
440.1353,3204.9
440.1607,3418.5
440.1859,3386.3
440.2111,3498.5
440.2363,3550.3
440.2615,3152.2
440.2868,3493.5
440.3132,3147.1
440.3384,733.9
440.3636,3548.9
440.3888,3392.8
440.4140,3441.6
440.4392,3472.1
440.4645,3427.1
440.4896,3248.2
440.5149,3259.4
440.5401,3471.1
440.5653,3336.5
440.5905,3357.2
440.6158,3335.6
440.6409,3644.5
440.6662,3449.4
440.6914,3341.9
440.7175,1021.4
440.7427,2773.1
440.7680,3607.6
440.7932,3391.1
440.8184,3465.8
440.8436,3550.7
440.8689,3294.1
440.8941,2942.2
440.9196,2894.9
440.9448,3212.9
440.9700,3477.9
440.9952,3447.3
441.0204,3237.9
441.0457,3461.1
441.0719,1642.5
441.0972,2232.0
441.1224,3426.7
441.1476,3668.7
441.1728,3179.6
441.1980,3497.0
441.2232,3260.8
441.2485,3448.4
441.2737,3098.4
441.2989,3372.9
441.3241,3084.0
441.3494,3376.0
441.3746,3391.7
441.3998,2656.7
441.4261,2586.7
441.4513,1369.9
441.4765,3321.2
441.5018,3280.4
441.5270,3608.7
441.5522,3448.8
441.5774,3492.3
441.6026,3703.5
441.6279,3234.5
441.6531,3290.8
441.6785,3311.9
441.7038,3604.7
441.7290,3191.3
441.7542,3332.6
441.7795,3499.8
441.8051,1626.9
441.8303,2100.0
441.8558,3325.3
441.8810,3705.4
441.9063,3336.1
441.9315,3526.8
441.9567,3309.0
441.9819,3210.1
442.0074,3703.8
442.0326,3461.3
442.0579,3257.2
442.0831,3379.5
442.1083,3370.6
442.1335,2733.3
442.1593,3033.8
442.1846,982.1
442.2098,3454.0
442.2350,3630.1
442.2603,3559.7
442.2855,3764.4
442.3107,3331.2
442.3360,3384.0
442.3612,3259.4
442.3865,3252.5
442.4117,3473.7
442.4369,3132.0
442.4622,3423.4
442.4874,3583.3
442.5126,3453.0
442.5387,3003.8
442.5639,1070.4
442.5891,3388.9
442.6143,3638.5
442.6396,2965.2
442.6648,3454.5
442.6900,3123.6
442.7152,3391.7
442.7404,3166.3
442.7657,3164.2
442.7909,3261.0
442.8161,3359.2
442.8413,3147.7
442.8673,2269.8
442.8925,1442.1
442.9178,3202.9
442.9430,3180.8
442.9682,3395.5
442.9938,3010.6
443.0189,3747.4
443.0442,2723.9
443.0694,3613.1
443.0949,3244.7
443.1201,3483.0
443.1456,3083.7
443.1708,3021.4
443.1970,1524.0
443.2223,2505.8
443.2475,3004.9
443.2727,3612.1
443.2980,2933.4
443.3232,3252.9
443.3484,3255.8
443.3736,2791.2
443.3993,3434.1
443.4245,3224.4
443.4497,3385.7
443.4749,2659.8
443.5001,3070.8
443.5266,432.9
443.5518,3538.8
443.5770,3377.3
443.6022,3318.5
443.6274,3660.5
443.6526,3258.3
443.6779,3205.2
443.7031,2799.3
443.7284,3229.2
443.7536,3220.0
443.7788,3343.3
443.8044,3211.9
443.8296,3462.6
443.8549,3472.1
443.8811,1630.8
443.9064,2561.4
443.9316,3567.4
443.9568,3302.6
443.9821,3371.6
444.0073,3368.0
444.0325,3858.1
444.0577,3276.1
444.0829,3150.5
444.1081,3000.2
444.1333,3413.5
444.1587,3295.1
444.1839,3367.6
444.2091,3171.2
444.2355,759.8
444.2607,2372.8
444.2860,3298.8
444.3112,2687.5
444.3365,3039.7
444.3617,2740.4
444.3869,3130.4
444.4121,3064.5
444.4374,2807.3
444.4626,2937.7
444.4878,3376.4
444.5131,2867.0
444.5387,2524.4
444.5639,1587.3
444.5892,3453.4
444.6144,3380.6
444.6397,3683.3
444.6649,3436.9
444.6902,3391.2
444.7154,3550.1
444.7407,3207.6
444.7659,3382.9
444.7911,3360.2
444.8163,3459.0
444.8415,3384.1
444.8668,3586.1
444.8920,2477.7
444.9173,2339.5
444.9434,2180.6
444.9687,2056.4
444.9939,3550.7
445.0191,3467.7
445.0444,3715.6
445.0696,3465.2
445.0948,3676.2
445.1201,3408.1
445.1453,3494.5
445.1705,3555.1
445.1957,3348.5
445.2210,3613.3
445.2462,3419.8
445.2714,3532.7
445.2966,3439.9
445.3218,3429.6
445.3471,457.3
445.3723,3452.4
445.3975,3518.3
445.4227,3528.3
445.4479,3498.6
445.4735,3430.2
445.4988,3255.8
445.5240,3438.2
445.5492,3360.5
445.5744,3068.8
445.5996,3382.3
445.6248,3271.9
445.6500,3599.4
445.6752,2055.1
445.7005,3048.3
445.7267,1233.0
445.7520,2538.6
445.7772,3532.4
445.8024,3544.3
445.8276,3361.5
445.8528,3640.3
445.8780,3447.8
445.9032,3221.3
445.9284,3279.4
445.9536,3230.9
445.9792,3271.9
446.0044,3473.4
446.0296,3401.4
446.0549,3602.8
446.0801,3143.8
446.1057,784.3
446.1309,3247.3
446.1562,3358.0
446.1814,3332.7
446.2066,3676.5
446.2319,3411.5
446.2570,3498.2
446.2822,3477.7
446.3074,3138.1
446.3326,3119.7
446.3579,3521.2
446.3831,3399.4
446.4083,3319.4
446.4335,3072.2
446.4587,3449.7
446.4839,513.6
446.5091,3338.3
446.5344,3447.4
446.5598,3592.6
446.5850,3376.7
446.6102,3539.5
446.6354,3152.6
446.6606,3316.6
446.6859,3215.2
446.7111,3060.9
446.7363,3290.1
446.7616,3442.6
446.7868,3240.0
446.8120,2593.5
446.8377,2708.5
446.8629,1408.7
446.8882,3426.0
446.9134,3202.0
446.9385,2722.5
446.9638,3304.4
446.9890,3151.2
447.0145,3210.1
447.0397,3455.1
447.0649,3005.4
447.0901,3233.5
447.1153,3535.6
447.1406,3472.1
447.1662,2757.9
447.1914,1121.4
447.2166,3235.1
447.2419,3504.4
447.2671,3023.7
447.2923,3424.9
447.3175,3283.5
447.3427,2780.7
447.3680,2810.1
447.3933,3090.2
447.4185,3051.5
447.4437,2967.0
447.4699,2258.6
447.4951,1163.1
447.5203,3360.4
447.5457,3294.2
447.5709,3622.9
447.5962,3311.9
447.6214,3335.7
447.6466,3398.9
447.6719,3228.8
447.6972,3355.9
447.7225,3197.5
447.7476,3228.4
447.7728,3317.9
447.7980,3395.8
447.8244,1808.4
447.8500,1833.1
447.8752,3089.1
447.9007,2307.8
447.9260,3334.8
447.9512,2428.0
447.9764,3468.6
448.0024,2963.0
448.0276,3116.8
448.0532,3461.7
448.0784,3483.9
448.1047,2667.8
448.1310,1043.4
448.1562,3217.4
448.1814,3441.7
448.2067,3697.5
448.2319,3484.9
448.2571,3632.3
448.2823,3367.1
448.3075,3488.2
448.3327,3127.0
448.3580,3190.9
448.3832,3466.1
448.4084,3059.4
448.4337,3373.8
448.4589,3598.4
448.4841,3520.7
448.5103,1409.6
448.5355,2440.9
448.5607,3656.3
448.5860,3545.4
448.6112,3390.3
448.6364,3339.6
448.6617,2841.0
448.6869,2895.1
448.7121,3483.8
448.7374,3113.3
448.7626,3222.4
448.7878,3434.7
448.8131,3316.2
448.8383,2522.8
448.8645,1262.2
448.8898,2868.4
448.9150,2983.9
448.9402,3413.8
448.9655,3018.5
448.9907,3360.7
449.0160,3427.1
449.0412,2720.4
449.0664,3390.3
449.0916,3421.9
449.1170,3497.7
449.1423,3445.9
449.1675,3472.2
449.1927,3647.4
449.2183,360.3
449.2435,3333.2
449.2687,3573.9
449.2940,3298.3
449.3192,3401.9
449.3444,3034.9
449.3697,2527.2
449.3949,3236.9
449.4201,2736.3
449.4453,3601.0
449.4705,2895.2
449.4969,2512.0
449.5221,803.2
449.5473,3260.7
449.5725,3240.6
449.5978,2849.7
449.6229,3311.4
449.6482,3290.3
449.6734,3203.2
449.6986,3273.5
449.7239,3236.8
449.7491,3530.9
449.7744,3360.3
449.7996,3456.0
449.8249,2761.8
449.8512,3456.3
449.8764,491.6
449.9021,3507.7
449.9273,3679.2
449.9526,3432.9
449.9778,3722.0
450.0030,3315.1
450.0282,3221.3
450.0534,3233.7
450.0787,3415.3
450.1039,3410.1
450.1295,3487.1
450.1548,3493.9
450.1800,3406.3
450.2052,3627.3
450.2304,3467.6
450.2566,812.2
450.2818,3316.0
450.3070,3458.4
450.3323,3640.9
450.3575,3426.2
450.3833,3471.8
450.4085,3490.6
450.4337,3250.2
450.4590,3614.7
450.4842,3143.1
450.5094,3236.5
450.5346,3128.3
450.5598,3416.4
450.5851,3307.7
450.6103,2612.0
450.6366,1450.6
450.6620,2403.3
450.6872,3521.8
450.7124,3400.9
450.7376,3493.0
450.7629,3359.8
450.7881,3635.5
450.8133,3387.3
450.8386,3028.5
450.8638,3366.6
450.8890,3337.1
450.9142,3270.4
450.9394,3332.4
450.9646,3688.6
450.9898,3461.8
451.0160,846.4
451.0413,2750.1
451.0665,3141.0
451.0917,3053.0
451.1170,3402.1
451.1422,3484.5
451.1674,3424.3
451.1926,3553.0
451.2179,3086.2
451.2431,3506.8
451.2683,3321.8
451.2935,3384.4
451.3188,3312.5
451.3440,3374.8
451.3697,2249.7
451.3949,1614.4
451.4202,3375.3
451.4454,3285.5
451.4706,3355.8
451.4958,3466.3
451.5212,2774.3
451.5464,3041.5
451.5716,2728.9
451.5969,3214.7
451.6221,2778.6
451.6473,3202.6
451.6725,420.2
451.6978,3562.7
451.7230,3301.5
451.7483,3256.0
451.7735,3025.7
451.7987,3389.0
451.8240,3507.3
451.8492,3298.9
451.8744,3408.9
451.8997,3379.0
451.9249,3215.2
451.9501,3314.0
451.9754,3306.4
452.0016,1629.4
452.0269,2111.2
452.0521,3389.1
452.0774,2954.7
452.1026,3367.6
452.1279,3445.8
452.1533,3114.5
452.1786,3155.1
452.2038,3713.0
452.2290,2907.5
452.2542,3651.2
452.2795,3255.5
452.3047,3412.6
452.3304,1032.4
452.3557,2392.3
452.3809,2847.0
452.4061,3226.5
452.4314,2888.8
452.4566,3142.8
452.4818,3040.3
452.5070,2909.4
452.5323,3346.9
452.5575,2988.1
452.5827,3226.7
452.6079,2345.2
452.6335,2259.9
452.6587,1642.0
452.6840,3405.0
452.7092,3456.2
452.7344,3169.0
452.7597,3405.3
452.7849,3263.2
452.8101,3621.3
452.8353,3189.5
452.8605,3143.7
452.8863,3332.5
452.9115,3215.2
452.9367,3340.2
452.9620,2889.4
452.9880,2019.1
453.0132,1634.4
453.0385,3427.5
453.0637,3411.4
453.0889,3548.5
453.1141,3615.5
453.1393,3345.6
453.1646,3206.7
453.1898,3048.4
453.2150,3368.5
453.2404,3251.8
453.2656,3440.3
453.2908,3277.8
453.3160,3267.0
453.3412,3312.7
453.3665,549.3
453.3917,3324.7
453.4169,3092.1
453.4421,3369.9
453.4673,2682.9
453.4925,3454.8
453.5178,3128.1
453.5430,2671.7
453.5683,3418.4
453.5935,2960.5
453.6187,3074.6
453.6439,3085.4
453.6703,702.6
453.6955,2971.4
453.7207,3149.4
453.7460,3370.8
453.7712,3337.0
453.7966,3397.2
453.8219,3174.0
453.8471,3361.8
453.8723,3608.9
453.8976,3296.6
453.9228,3356.7
453.9480,3205.4
453.9732,3327.9
453.9984,2881.0
454.0246,1835.5
454.0500,2070.9
454.0752,3683.0
454.1004,3335.4
454.1257,3176.5
454.1509,3210.3
454.1762,3105.5
454.2014,2878.8
454.2269,3336.1
454.2522,3153.9
454.2775,3386.8
454.3027,3654.3
454.3280,3380.0
454.3542,2382.5
454.3794,1486.4
454.4046,3337.7
454.4298,3258.7
454.4551,3336.5
454.4809,3290.2
454.5062,3086.7
454.5314,3296.6
454.5566,2921.4
454.5818,2920.6
454.6070,3079.2
454.6325,3088.9
454.6577,2826.9
454.6830,482.6
454.7082,3237.3
454.7334,3242.3
454.7589,3339.5
454.7842,3137.0
454.8094,3337.4
454.8346,3614.7
454.8598,3506.5
454.8851,3289.6
454.9103,3361.8
454.9355,3679.7
454.9607,3213.7
454.9860,3404.2
455.0112,3342.2
455.0374,922.0
455.0627,3109.0
455.0879,2618.0
455.1132,3240.5
455.1384,3191.9
455.1636,3197.9
455.1888,3104.4
455.2141,2417.2
455.2393,3480.5
455.2646,3117.9
455.2898,3296.9
455.3150,2424.0
455.3406,1161.8
455.3658,2786.2
455.3911,3560.5
455.4163,3539.8
455.4418,3505.5
455.4671,3554.9
455.4922,3366.4
455.5177,3429.0
455.5429,3089.3
455.5682,3572.0
455.5934,3266.7
455.6189,3286.5
455.6441,3405.6
455.6693,3274.8
455.6945,3547.1
455.7208,2037.0
455.7460,1897.0
455.7713,3468.8
455.7965,3052.6
455.8217,3287.0
455.8469,2970.5
455.8723,3104.7
455.8976,3486.9
455.9228,2954.2
455.9481,3158.3
455.9733,3495.5
455.9985,3198.1
456.0237,3193.8
456.0503,1593.4
456.0759,1731.3
456.1011,3507.6
456.1264,3305.4
456.1516,3310.0
456.1768,3255.5
456.2020,2940.6
456.2273,3301.4
456.2525,2981.9
456.2777,3294.8
456.3030,3144.9
456.3282,3417.1
456.3545,2637.2
456.3797,943.1
456.4049,3178.7
456.4301,3556.7
456.4554,3484.9
456.4806,3302.5
456.5059,3390.8
456.5311,3253.5
456.5564,3261.4
456.5816,3187.7
456.6069,3083.6
456.6321,3565.4
456.6573,3073.6
456.6826,3285.2
456.7078,3024.7
456.7342,1187.5
456.7594,2672.7
456.7847,3311.7
456.8099,2900.4
456.8351,3372.0
456.8603,3195.9
456.8855,2954.5
456.9108,3093.3
456.9360,3295.5
456.9613,3214.0
456.9865,3410.4
457.0117,3514.0
457.0376,2088.2
457.0628,1824.3
457.0880,3449.3
457.1132,3110.4
457.1386,3541.9
457.1639,3129.4
457.1894,3218.1
457.2146,3520.0
457.2398,3060.5
457.2650,3262.7
457.2902,3088.2
457.3154,3059.1
457.3407,2872.5
457.3659,349.5
457.3911,3490.9
457.4163,3099.1
457.4416,2869.0
457.4668,3391.0
457.4920,3315.7
457.5172,3062.2
457.5424,3347.5
457.5677,3255.4
457.5929,3291.0
457.6181,3385.0
457.6433,3332.3
457.6691,2566.6
457.6943,1195.8
457.7196,3363.6
457.7448,3236.4
457.7700,3541.2
457.7952,3193.5
457.8204,3288.8
457.8456,3211.3
457.8712,3434.5
457.8964,2999.0
457.9216,3509.0
457.9469,3223.6
457.9721,3167.6
457.9973,3211.2
458.0230,2328.4
458.0483,1579.0
458.0735,3371.8
458.0987,3107.2
458.1240,3098.5
458.1492,3188.6
458.1745,3383.8
458.1997,2911.1
458.2249,3208.9
458.2502,3004.9
458.2754,3145.8
458.3006,3370.0
458.3258,2417.2
458.3520,1231.8
458.3773,2696.7
458.4029,3486.7
458.4282,3481.7
458.4534,3412.7
458.4786,3373.3
458.5038,3505.7
458.5291,3511.3
458.5543,3370.5
458.5795,3324.1
458.6047,3260.2
458.6299,3319.7
458.6551,3410.1
458.6803,3512.8
458.7056,2248.2
458.7316,1233.6
458.7569,2630.1
458.7821,3614.6
458.8073,3383.5
458.8325,3298.2
458.8577,3452.3
458.8830,3335.5
458.9087,3418.4
458.9339,3347.7
458.9592,3457.7
458.9844,3327.7
459.0096,3522.5
459.0348,3259.0
459.0600,2473.6
459.0861,2997.8
459.1113,871.9
459.1365,3344.6
459.1617,3288.3
459.1869,3500.4
459.2122,3505.1
459.2374,3433.1
459.2629,3606.8
459.2881,3601.3
459.3133,3347.5
459.3385,3660.0
459.3637,3438.6
459.3889,2948.6
459.4141,3491.5
459.4398,2286.7
459.4649,977.1
459.4902,3523.7
459.5154,3389.3
459.5406,3284.5
459.5658,3266.1
459.5910,3660.1
459.6162,3487.6
459.6414,3396.0
459.6666,3456.5
459.6918,3609.3
459.7170,3413.8
459.7424,3510.7
459.7676,3573.4
459.7928,3268.2
459.8181,2030.4
459.8442,2442.1
459.8694,1538.8
459.8947,3404.8
459.9199,3484.3
459.9451,3364.7
459.9704,3705.5
459.9956,3456.2
460.0209,3338.3
460.0461,3669.9
460.0713,3600.7
460.0965,3601.1
460.1218,3512.7
460.1470,3653.1
460.1722,3447.4
460.1974,3704.6
460.2227,3411.9
460.2479,3671.6
460.2737,307.0
460.2990,3561.3
460.3242,3296.8
460.3495,3601.4
460.3747,3342.0
460.3999,3652.3
460.4251,3504.8
460.4504,3584.7
460.4756,3343.5
460.5008,3464.4
460.5261,3513.2
460.5513,3516.4
460.5765,3437.4
460.6017,3229.6
460.6269,3412.2
460.6521,3446.9
460.6789,916.2
460.7042,3088.6
460.7294,3369.0
460.7546,3503.6
460.7799,3375.0
460.8052,3493.5
460.8305,3628.0
460.8557,3291.7
460.8809,3349.2
460.9061,3580.1
460.9313,3327.2
460.9565,3369.8
460.9817,3608.4
461.0069,3356.5
461.0322,3601.4
461.0574,2557.2
461.0837,1134.8
461.1089,2878.6
461.1341,3487.1
461.1594,3426.2
461.1846,3629.5
461.2098,3254.3
461.2350,3639.6
461.2602,3313.1
461.2854,3335.6
461.3107,3501.5
461.3359,3325.9
461.3611,3103.7
461.3864,3322.9
461.4116,2881.3
461.4368,3622.9
461.4630,2227.9
461.4882,1387.8
461.5135,3471.5
461.5387,3245.6
461.5639,3156.0
461.5892,3064.1
461.6144,3018.9
461.6396,2695.8
461.6648,3250.6
461.6901,2853.4
461.7153,3081.2
461.7405,3062.5
461.7669,1153.5
461.7921,2864.1
461.8173,3325.1
461.8426,3632.5
461.8678,3061.4
461.8930,3721.4
461.9182,3153.5
461.9434,3359.8
461.9687,3324.2
461.9939,3347.5
462.0191,2991.3
462.0443,3496.5
462.0696,3099.8
462.0948,3319.9
462.1208,1644.2
462.1461,2437.0
462.1714,3087.6
462.1966,3358.2
462.2219,3354.2
462.2471,3336.0
462.2723,3305.1
462.2975,3597.7
462.3228,3254.3
462.3480,3350.4
462.3733,3294.7
462.3985,3288.3
462.4237,3503.0
462.4490,3423.3
462.4746,1362.4
462.4999,2372.7
462.5251,3276.8
462.5504,3180.1
462.5756,3349.0
462.6009,2578.5
462.6261,3089.2
462.6514,2591.6
462.6766,3336.3
462.7018,2851.0
462.7270,3278.9
462.7523,2418.3
462.7784,1922.6
462.8036,1971.3
462.8288,3489.5
462.8541,3216.4
462.8793,3386.4
462.9045,3631.5
462.9297,3328.1
462.9549,3368.9
462.9801,3325.1
463.0054,3320.6
463.0306,3203.9
463.0558,2970.4
463.0811,3637.7
463.1063,3257.3
463.1315,3283.9
463.1573,451.8
463.1826,3532.5
463.2079,3482.3
463.2331,3184.5
463.2584,3319.2
463.2836,3447.1
463.3089,2676.9
463.3341,3194.7
463.3594,3133.6
463.3846,2967.0
463.4101,3286.1
463.4354,3206.1
463.4616,1674.9
463.4872,2347.8
463.5124,3072.3
463.5377,3362.0
463.5630,3226.2
463.5882,2940.3
463.6138,3009.2
463.6394,2786.0
463.6646,3400.2
463.6899,3204.5
463.7151,2964.4
463.7406,3014.3
463.7662,793.2
463.7915,2532.6
463.8167,3141.9
463.8419,3147.9
463.8672,3260.7
463.8924,3321.9
463.9176,2959.2
463.9429,3337.6
463.9681,3225.2
463.9934,3338.0
464.0190,3425.9
464.0442,3243.9
464.0694,2498.9
464.0951,1957.0
464.1203,2151.4
464.1456,3515.7
464.1708,3330.1
464.1960,3165.3
464.2213,3391.3
464.2465,3330.0
464.2717,3255.3
464.2969,3255.5
464.3222,2978.6
464.3474,3532.8
464.3726,3379.1
464.3979,3311.5
464.4231,3555.1
464.4488,1474.8
464.4740,2171.9
464.4993,3724.2
464.5245,3388.6
464.5497,3380.5
464.5750,3462.9
464.6002,3084.5
464.6254,3317.2
464.6510,3495.6
464.6762,3147.5
464.7016,3164.6
464.7268,3617.8
464.7521,3382.2
464.7773,2610.9
464.8028,3080.3
464.8280,868.2
464.8532,3650.8
464.8785,3538.4
464.9037,3428.9
464.9289,3751.1
464.9541,3278.6
464.9794,3515.1
465.0046,3252.5
465.0298,3136.3
465.0550,3411.4
465.0803,3344.1
465.1055,3525.2
465.1307,3314.3
465.1559,3440.7
465.1820,1821.0
465.2072,2178.8
465.2324,3724.6
465.2577,3562.1
465.2830,3186.4
465.3082,3625.1
465.3335,3400.3
465.3587,3339.7
465.3839,3641.6
465.4091,2771.7
465.4343,2476.1
465.4596,3484.5
465.4848,3224.9
465.5101,3057.2
465.5353,506.3
465.5605,3210.5
465.5858,3280.6
465.6110,3224.4
465.6363,3592.4
465.6617,3289.2
465.6869,3531.9
465.7126,3228.0
465.7379,3682.9
465.7631,3407.1
465.7883,3381.3
465.8135,3436.2
465.8388,3210.0
465.8640,3386.3
465.8895,2891.5
465.9148,892.6
465.9400,3360.8
465.9652,3716.9
465.9904,3401.1
466.0156,3537.0
466.0408,3729.3
466.0660,3403.3
466.0912,3607.6
466.1164,3431.6
466.1416,3700.9
466.1669,3455.9
466.1921,3357.2
466.2173,3452.6
466.2425,3605.9
466.2677,2467.5
466.2930,3519.3
466.3192,837.5
466.3444,3107.7
466.3697,3694.9
466.3949,3419.3
466.4201,3559.2
466.4453,3493.6
466.4705,3453.8
466.4958,3655.2
466.5210,3482.5
466.5462,3547.5
466.5714,3433.5
466.5967,3600.7
466.6219,3348.1
466.6472,3503.7
466.6724,3336.8
466.6976,3409.1
466.7238,2227.8
466.7490,1666.9
466.7742,2992.2
466.7994,3210.9
466.8246,3391.3
466.8499,3037.2
466.8751,3396.8
466.9003,3394.1
466.9255,3073.0
466.9508,3708.9
466.9763,3139.2
467.0015,3321.4
467.0268,2796.0
467.0524,3025.1
467.0777,521.5
467.1029,3314.1
467.1281,3535.7
467.1533,3182.5
467.1786,3325.3
467.2038,3315.4
467.2290,3146.7
467.2542,3356.9
467.2795,3337.2
467.3047,3288.2
467.3299,3072.5
467.3552,3199.4
467.3804,3173.9
467.4068,384.6
467.4320,3558.1
467.4573,3000.4
467.4825,3327.3
467.5077,2771.8
467.5329,3501.6
467.5582,2869.7
467.5834,3253.3
467.6086,3025.1
467.6339,3177.4
467.6591,3429.9
467.6843,2551.9
467.7099,1272.4
467.7352,1478.0
467.7604,3474.7
467.7856,3521.6
467.8109,3348.4
467.8362,3486.6
467.8614,3182.8
467.8866,3118.1
467.9119,3296.9
467.9371,3355.0
467.9623,3314.9
467.9875,3285.1
468.0127,3527.0
468.0380,3340.2
468.0641,2967.6
468.0894,997.9
468.1146,3640.4
468.1400,3018.7
468.1652,3461.2
468.1905,3319.3
468.2157,3354.4
468.2409,3262.9
468.2661,3648.6
468.2914,3228.2
468.3166,3448.1
468.3418,3243.9
468.3671,3458.4
468.3923,3423.6
468.4175,2728.7
468.4432,2711.6
468.4684,808.6
468.4936,3095.0
468.5189,3313.1
468.5441,3578.6
468.5693,3179.2
468.5947,3438.3
468.6199,3695.9
468.6452,3256.8
468.6704,3217.2
468.6956,3535.8
468.7209,3338.8
468.7461,3448.1
468.7718,3546.3
468.7970,3511.0
468.8233,2228.2
468.8485,1659.3
468.8738,3565.8
468.8993,3274.3
468.9245,3344.2
468.9497,2825.1
468.9752,3425.5
469.0004,2592.3
469.0256,3598.1
469.0508,2847.3
469.0760,2982.4
469.1012,3289.5
469.1264,1420.6
469.1521,1909.4
469.1774,1786.5
469.2026,3202.6
469.2278,3218.6
469.2529,3057.8
469.2782,3353.9
469.3034,3254.9
469.3286,3253.5
469.3538,3270.1
469.3791,2938.6
469.4043,3642.2
469.4296,3219.3
469.4548,3365.7
469.4800,2549.3
469.5060,2881.1
469.5312,893.4
469.5565,3621.0
469.5817,3499.3
469.6069,3469.4
469.6321,3687.4
469.6573,3498.7
469.6825,3598.3
469.7077,3489.2
469.7330,3285.3
469.7582,3658.3
469.7834,3307.3
469.8087,3238.6
469.8339,3375.4
469.8591,3465.4
469.8843,3536.2
469.9104,1923.7
469.9356,1938.7
469.9608,3475.8
469.9860,2833.9
470.0112,3705.4
470.0365,2904.2
470.0617,3254.9
470.0869,3495.7
470.1121,2961.6
470.1374,3112.1
470.1631,3021.1
470.1883,3049.0
470.2140,2082.5
470.2392,1709.9
470.2643,3433.0
470.2895,3498.5
470.3147,3382.1
470.3400,3517.0
470.3652,3439.3
470.3904,3134.6
470.4156,3189.9
470.4408,3059.9
470.4660,3454.8
470.4913,2957.8
470.5165,3283.7
470.5417,3514.4
470.5679,2362.6
470.5932,1057.4
470.6184,3182.6
470.6436,3143.9
470.6688,3025.6
470.6940,3320.4
470.7192,3140.6
470.7445,3313.9
470.7697,3118.2
470.7949,3280.3
470.8201,3199.9
470.8453,3081.0
470.8705,3342.2
470.8958,1874.3
470.9210,2213.4
470.9462,3195.6
470.9714,3451.5
470.9966,3335.1
471.0219,3367.0
471.0478,3292.2
471.0730,3152.6
471.0983,3148.4
471.1235,3362.8
471.1487,3061.6
471.1745,3284.5
471.1998,3204.2
471.2259,2765.8
471.2511,732.2
471.2763,3631.5
471.3016,3593.0
471.3268,3317.3
471.3520,3472.1
471.3772,2976.6
471.4030,3353.4
471.4284,3243.0
471.4536,3509.9
471.4788,3293.5
471.5041,3216.3
471.5294,3325.0
471.5548,1705.5
471.5809,3072.1
471.6061,468.3
471.6313,3265.9
471.6566,3342.8
471.6818,3341.6
471.7070,3338.0
471.7322,3547.9
471.7574,3347.2
471.7827,3251.5
471.8079,3322.8
471.8331,3518.3
471.8583,2958.4
471.8835,2882.1
471.9098,3285.8
471.9350,970.3
471.9602,3359.8
471.9854,3331.5
472.0107,3420.2
472.0364,3268.9
472.0617,3649.6
472.0869,3345.6
472.1121,3355.1
472.1374,3393.0
472.1626,3190.5
472.1878,3586.1
472.2130,3352.6
472.2382,3402.1
472.2644,3162.8
472.2896,664.4
472.3149,3480.4
472.3401,3444.5
472.3653,3148.9
472.3905,3314.2
472.4157,3227.6
472.4410,3383.8
472.4665,3408.5
472.4917,3032.8
472.5170,3575.6
472.5422,3524.5
472.5674,3309.8
472.5927,3320.0
472.6179,3568.8
472.6431,409.6
472.6683,3414.5
472.6936,3467.1
472.7188,3677.5
472.7441,3480.1
472.7696,3396.3
472.7951,3411.1
472.8203,3363.5
472.8456,3230.7
472.8708,3370.1
472.8960,3483.1
472.9213,3199.5
472.9465,3495.8
472.9717,3672.4
472.9969,3491.0
473.0232,1184.6
473.0484,2789.3
473.0737,3227.6
473.0989,3114.7
473.1241,3164.8
473.1494,3363.0
473.1746,3004.2
473.1999,3183.9
473.2251,3200.0
473.2503,3262.0
473.2756,2707.3
473.3009,2979.2
473.3261,793.0
473.3513,3247.2
473.3765,3471.6
473.4018,3244.7
473.4271,3315.4
473.4523,3559.2
473.4775,3372.2
473.5029,3103.9
473.5281,3139.3
473.5533,3213.2
473.5786,3221.0
473.6038,3614.4
473.6290,2849.2
473.6542,3212.5
473.6803,1180.5
473.7055,2667.9
473.7307,3571.1
473.7560,3357.4
473.7812,3015.8
473.8065,3486.2
473.8320,3049.8
473.8572,3346.7
473.8825,3228.8
473.9077,3115.9
473.9330,3424.3
473.9582,3340.1
473.9838,3352.4
474.0095,3141.6
474.0347,524.4
474.0599,3645.3
474.0852,3421.0
474.1104,3364.3
474.1356,3283.7
474.1608,3555.5
474.1860,3282.4
474.2112,3479.5
474.2365,3071.0
474.2617,3374.5
474.2869,3289.1
474.3121,3254.0
474.3373,3019.1
474.3625,3504.9
474.3877,388.7
474.4129,3511.8
474.4381,2990.9
474.4633,3436.7
474.4889,3078.0
474.5141,3216.7
474.5393,2818.6
474.5646,3170.7
474.5898,3225.3
474.6151,3226.1
474.6403,3337.0
474.6656,3290.8
474.6908,575.5
474.7160,2887.4
474.7413,3339.0
474.7665,2887.9
474.7918,3358.6
474.8170,3098.6
474.8429,3274.2
474.8681,3561.5
474.8933,3208.8
474.9186,3286.1
474.9438,3404.2
474.9694,3430.6
474.9947,2689.1
475.0209,2875.8
475.0461,1256.7
475.0720,3496.1
475.0972,3590.2
475.1225,3525.8
475.1477,3290.2
475.1729,3445.3
475.1981,3150.7
475.2234,3214.1
475.2486,3263.0
475.2738,3469.7
475.2990,3382.1
475.3242,3323.7
475.3495,3771.4
475.3747,3412.4
475.4009,1021.9
475.4262,2847.1
475.4514,3616.1
475.4766,3466.8
475.5019,3384.6
475.5271,3458.9
475.5523,3136.1
475.5775,3311.2
475.6027,3362.6
475.6279,3126.4
475.6531,3209.2
475.6783,3251.5
475.7035,3627.8
475.7286,2350.4
475.7543,2952.6
475.7795,1191.4
475.8047,3374.6
475.8299,3710.2
475.8552,3419.8
475.8804,3694.3
475.9056,3491.1
475.9311,3508.7
475.9563,3603.3
475.9815,3129.7
476.0067,3551.8
476.0320,3339.5
476.0572,3520.7
476.0824,3323.2
476.1076,3367.1
476.1328,3682.3
476.1593,771.9
476.1845,2777.3
476.2097,3720.5
476.2349,3400.8
476.2602,3731.5
476.2854,3418.5
476.3106,3445.0
476.3358,3747.4
476.3610,3553.1
476.3862,3046.9
476.4115,3445.6
476.4368,3070.7
476.4620,3327.9
476.4875,2853.0
476.5128,3446.9
476.5389,1053.7
476.5642,2901.3
476.5894,3265.0
476.6147,3463.1
476.6399,2981.3
476.6651,3405.8
476.6903,2576.8
476.7157,3555.2
476.7409,3342.0
476.7662,3413.5
476.7914,3202.9
476.8166,3670.8
476.8418,2528.9
476.8671,3577.2
476.8927,542.2
476.9183,3382.5
476.9435,3072.2
476.9688,3345.6
476.9940,3122.6
477.0192,3373.6
477.0444,3413.5
477.0697,3177.7
477.0949,3294.4
477.1201,3244.7
477.1454,3583.6
477.1706,3114.9
477.1958,3645.5
477.2214,2490.2
477.2466,1361.5
477.2719,3373.9
477.2971,3582.4
477.3223,3316.7
477.3475,3385.8
477.3728,3394.2
477.3980,3220.1
477.4232,3192.3
477.4485,3029.3
477.4737,3314.2
477.4989,3599.3
477.5241,3419.5
477.5494,2065.4
477.5754,2126.9
477.6007,1264.7
477.6259,3209.4
477.6513,2924.6
477.6765,2840.8
477.7017,2668.4
477.7269,3152.5
477.7522,3343.7
477.7774,3111.0
477.8027,2747.1
477.8279,3292.9
477.8532,3219.7
477.8794,1462.9
477.9046,2277.9
477.9298,3249.4
477.9550,3319.6
477.9804,3649.3
478.0057,3425.8
478.0309,3311.5
478.0562,2934.0
478.0814,3262.8
478.1066,3104.4
478.1318,3312.2
478.1570,3137.5
478.1822,2393.8
478.2084,2432.5
478.2337,1225.3
478.2589,3354.9
478.2842,3404.7
478.3094,3201.7
478.3346,3314.2
478.3598,3420.5
478.3851,3304.4
478.4103,3495.8
478.4355,3278.1
478.4607,3280.6
478.4859,3215.7
478.5112,3491.7
478.5364,3417.6
478.5622,2850.1
478.5874,901.9
478.6128,3591.3
478.6380,3348.8
478.6632,3371.5
478.6885,3402.9
478.7137,3356.3
478.7389,3338.9
478.7641,3403.6
478.7893,3423.3
478.8146,3367.4
478.8398,3576.8
478.8650,3322.4
478.8902,3428.0
478.9154,2628.5
478.9411,2330.4
478.9663,1505.6
478.9915,3308.2
479.0167,3382.5
479.0420,3435.4
479.0672,3393.3
479.0924,3244.1
479.1179,3403.4
479.1432,3127.9
479.1684,3459.9
479.1936,3452.1
479.2188,3325.0
479.2441,3509.7
479.2693,3611.6
479.2945,3403.3
479.3201,1022.4
479.3453,2829.6
479.3706,3463.4
479.3958,3120.1
479.4210,3185.7
479.4462,3240.6
479.4715,3150.8
479.4967,3264.0
479.5219,3220.5
479.5472,3697.8
479.5724,2938.5
479.5976,3278.0
479.6238,2430.9
479.6490,982.6
479.6743,3261.5
479.6995,3084.2
479.7247,3381.4
479.7499,3273.2
479.7751,3322.8
479.8003,3329.9
479.8256,3011.8
479.8508,3520.8
479.8760,3277.5
479.9012,3483.7
479.9265,3603.7
479.9517,2542.0
479.9777,3016.9
480.0029,692.8
480.0282,3695.0
480.0534,3456.9
480.0786,3262.3
480.1038,3389.4
480.1289,3591.1
480.1542,3292.2
480.1794,3460.8
480.2046,3154.7
480.2299,3392.2
480.2551,3252.3
480.2803,3517.3
480.3055,3327.3
480.3308,3262.8
480.3564,415.7
480.3817,3347.5
480.4069,3583.5
480.4321,2850.0
480.4573,3137.8
480.4826,2910.9
480.5078,2879.3
480.5333,3249.6
480.5585,2999.7
480.5838,2802.4
480.6090,3466.0
480.6346,2205.4
480.6598,1629.8
480.6850,3422.2
480.7105,3236.8
480.7357,3211.7
480.7610,3349.7
480.7862,3535.3
480.8115,2955.3
480.8367,2710.6
480.8619,3216.6
480.8871,3684.8
480.9123,2891.8
480.9374,3090.4
480.9626,3682.4
480.9880,386.6
481.0131,3673.5
481.0383,3319.8
481.0636,3368.9
481.0888,3123.0
481.1142,2952.4
481.1394,3170.1
481.1646,3182.8
481.1899,3099.4
481.2151,2752.8
481.2403,3035.6
481.2655,3355.4
481.2919,1615.0
481.3171,1939.1
481.3426,3321.0
481.3678,3134.1
481.3933,3400.5
481.4185,3352.6
481.4437,3134.6
481.4690,3147.7
481.4942,2848.3
481.5194,3368.9
481.5447,3286.6
481.5699,3289.9
481.5952,3217.4
481.6204,667.7
481.6456,3000.3
481.6708,3405.2
481.6960,3214.6
481.7212,3289.7
481.7464,3158.8
481.7716,3244.5
481.7974,2909.6
481.8227,3139.1
481.8479,2802.1
481.8731,3213.8
481.8983,3484.7
481.9236,2476.9
481.9498,1754.3
481.9750,2257.6
482.0003,3417.2
482.0255,3327.3
482.0507,3347.6
482.0759,3389.7
482.1011,3256.6
482.1266,3125.6
482.1521,2910.5
482.1774,3654.9
482.2026,3141.8
482.2278,3588.8
482.2530,3442.2
482.2792,3232.1
482.3044,593.3
482.3296,3560.3
482.3548,3489.6
482.3800,3306.1
482.4053,3361.2
482.4305,3675.5
482.4557,3389.3
482.4809,3115.8
482.5062,3096.7
482.5314,3551.7
482.5566,3443.2
482.5819,3348.6
482.6071,3554.3
482.6332,2462.8
482.6584,619.2
482.6836,3220.4
482.7089,2855.0
482.7341,3147.1
482.7593,3273.2
482.7845,2936.7
482.8097,3226.3
482.8357,2628.4
482.8609,3574.4
482.8861,3334.3
482.9113,2908.4
482.9370,2721.4
482.9622,1247.2
482.9875,3462.2
483.0127,3615.3
483.0379,3499.6
483.0632,3611.3
483.0888,3127.6
483.1140,3548.4
483.1393,3237.0
483.1645,3285.8
483.1897,3162.0
483.2150,3517.4
483.2402,3422.0
483.2657,3604.6
483.2910,3440.2
483.3194,2033.6
483.3446,2156.4
483.3698,3389.4
483.3950,3577.5
483.4203,3408.0
483.4455,3305.5
483.4707,3260.6
483.4959,3216.1
483.5212,3247.0
483.5464,3285.3
483.5716,3252.8
483.5968,3466.7
483.6220,3287.4
483.6472,2429.3
483.6725,3580.5
483.6977,449.9
483.7230,3415.3
483.7482,3421.1
483.7734,3750.9
483.7987,3393.7
483.8239,3406.7
483.8490,3431.9
483.8744,3033.2
483.8996,3418.4
483.9248,3292.0
483.9500,3139.2
483.9753,3486.1
484.0005,3411.2
484.0260,3424.6
484.0523,2156.2
484.0775,1795.7
484.1027,3267.6
484.1280,2661.0
484.1532,3369.8
484.1784,2770.3
484.2036,3402.4
484.2288,2916.6
484.2540,2945.3
484.2793,3248.5
484.3045,3225.7
484.3297,3309.8
484.3553,1042.8
484.3805,2805.3
484.4057,3453.7
484.4310,3409.3
484.4562,3225.4
484.4814,3365.1
484.5066,3220.5
484.5319,3201.5
484.5571,3288.9
484.5824,3204.9
484.6076,3238.4
484.6328,3080.6
484.6580,3150.0
484.6838,2583.0
484.7091,1440.6
484.7343,3385.9
484.7596,3404.8
484.7848,3263.5
484.8100,3550.0
484.8357,3249.5
484.8609,3433.2
484.8861,2991.5
484.9114,3442.9
484.9366,3064.9
484.9618,3194.3
484.9870,3538.5
485.0122,2866.5
485.0385,1811.5
485.0637,2032.3
485.0890,3195.6
485.1144,3204.0
485.1397,2984.4
485.1649,3322.8
485.1901,2845.0
485.2154,3500.6
485.2406,2825.7
485.2658,3393.0
485.2910,3343.2
485.3163,3336.4
485.3415,3379.1
485.3676,1841.3
485.3930,2347.5
485.4182,3651.7
485.4434,3526.2
485.4686,3563.9
485.4939,3385.9
485.5191,3305.6
485.5443,3204.0
485.5695,3237.0
485.5947,3112.8
485.6200,3259.4
485.6452,3016.0
485.6705,3196.6
485.6958,3827.5
485.7220,2331.7
485.7473,1266.4
485.7725,3309.5
485.7978,2738.9
485.8230,3283.8
485.8482,3041.0
485.8735,2983.9
485.8987,2986.5
485.9239,3255.1
485.9492,3014.7
485.9746,3127.6
485.9998,3065.4
486.0255,1851.8
486.0507,2147.4
486.0760,3125.4
486.1012,3264.4
486.1264,3366.8
486.1517,3144.5
486.1769,3403.6
486.2022,2945.0
486.2274,3310.3
486.2526,3150.6
486.2782,3014.4
486.3034,3418.3
486.3286,2997.7
486.3542,1905.8
486.3794,1256.5
486.4047,3177.1
486.4300,3545.1
486.4552,3456.8
486.4804,3480.5
486.5057,3305.5
486.5309,3094.3
486.5561,3464.4
486.5813,3453.5
486.6066,3393.6
486.6320,3222.1
486.6572,3500.6
486.6830,3050.5
486.7082,3382.4
486.7334,427.2
486.7586,3380.1
486.7841,3049.8
486.8093,3421.6
486.8346,2843.9
486.8598,3204.1
486.8850,3244.1
486.9102,3358.7
486.9358,2944.8
486.9610,3226.0
486.9862,3225.6
487.0115,3284.6
487.0378,1204.7
487.0631,2816.5
487.0883,3571.1
487.1135,3308.2
487.1387,3294.5
487.1639,3275.3
487.1891,2801.1
487.2143,3307.8
487.2395,3010.0
487.2648,3291.0
487.2900,3140.7
487.3153,3256.5
487.3405,3302.0
487.3663,2942.3
487.3915,1038.8
487.4167,3282.4
487.4420,3321.1
487.4674,3316.8
487.4926,3149.1
487.5179,3437.1
487.5432,3165.8
487.5684,3084.1
487.5936,3005.4
487.6188,3000.7
487.6441,2752.3
487.6693,3199.8
487.6953,411.3
487.7206,3384.6
487.7458,3300.4
487.7710,3263.8
487.7962,3247.7
487.8214,3266.5
487.8466,2818.8
487.8719,3240.0
487.8972,3145.0
487.9224,3368.6
487.9478,3353.6
487.9730,3107.6
487.9983,3404.3
488.0245,1118.1
488.0499,2478.1
488.0752,3248.2
488.1004,3201.2
488.1256,3322.5
488.1508,3362.0
488.1762,3283.0
488.2014,3070.8
488.2267,3053.7
488.2519,3115.2
488.2772,3333.4
488.3027,2545.3
488.3280,3474.9
488.3532,737.2
488.3784,3299.4
488.4036,3284.4
488.4289,3689.1
488.4542,3629.5
488.4794,3258.7
488.5046,2952.6
488.5299,3403.9
488.5551,3204.9
488.5803,3141.3
488.6055,3354.8
488.6308,3278.2
488.6560,3614.6
488.6812,3449.6
488.7075,943.8
488.7328,3021.4
488.7580,3497.5
488.7832,3373.9
488.8084,3356.4
488.8336,3596.9
488.8588,3287.7
488.8841,3251.2
488.9093,3134.4
488.9345,3500.4
488.9597,3177.9
488.9851,3561.1
489.0104,3553.0
489.0356,2230.0
489.0609,3527.5
489.0863,299.0
489.1115,3633.7
489.1367,3214.9
489.1619,2881.4
489.1872,3335.6
489.2124,3231.1
489.2376,2744.7
489.2628,3232.8
489.2881,3291.6
489.3139,3377.4
489.3391,3587.2
489.3643,3465.0
489.3895,3396.4
489.4159,1755.7
489.4414,2019.1
489.4666,3736.0
489.4918,3241.7
489.5170,2894.5
489.5422,3424.2
489.5675,2932.0
489.5927,3310.5
489.6179,2693.2
489.6431,3387.7
489.6683,2617.5
489.6946,2414.4
489.7199,1162.1
489.7451,3471.0
489.7703,3210.7
489.7955,3362.7
489.8207,3408.2
489.8459,3377.0
489.8711,3400.0
489.8967,3449.9
489.9219,3471.1
489.9471,3445.5
489.9724,3368.1
489.9976,3388.7
490.0228,2295.2
490.0480,3687.2
490.0732,675.6
490.0984,3179.9
490.1236,3631.8
490.1488,3439.4
490.1740,3486.4
490.1993,3628.5
490.2245,3539.1
490.2497,3197.3
490.2753,3344.4
490.3005,3511.6
490.3258,3404.2
490.3510,3676.9
490.3762,3330.6
490.4014,3739.4
490.4266,3440.7
490.4530,2772.5
490.4782,1560.9
490.5034,3296.1
490.5286,3463.3
490.5538,3121.9
490.5791,3529.9
490.6043,3595.5
490.6295,3459.0
490.6547,3540.7
490.6800,3399.5
490.7052,3414.6
490.7304,3296.7
490.7556,3244.2
490.7808,3479.0
490.8061,2969.0
490.8318,2191.4
490.8570,1845.0
490.8823,3549.7
490.9075,3699.2
490.9327,3267.5
490.9582,3189.2
490.9834,3171.4
491.0091,3534.2
491.0343,3554.1
491.0596,3231.1
491.0848,3198.1
491.1100,3262.3
491.1352,3473.4
491.1605,2788.0
491.1865,253.0
491.2117,3584.7
491.2369,3272.1
491.2621,3513.9
491.2873,3328.9
491.3125,3348.1
491.3378,3448.9
491.3630,3197.1
491.3882,3178.3
491.4134,3303.9
491.4386,3110.9
491.4638,3196.1
491.4890,3570.8
491.5142,3601.9
491.5394,235.1
491.5646,3249.6
491.5898,3362.9
491.6150,3167.9
491.6403,3045.1
491.6655,3437.3
491.6907,3514.3
491.7160,3464.3
491.7412,3503.5
491.7666,3491.3
491.7918,3520.0
491.8170,3400.5
491.8422,3637.3
491.8674,2317.3
491.8927,3633.5
491.9179,713.1
491.9431,3441.4
491.9683,3289.0
491.9935,3250.9
492.0187,3020.7
492.0439,3108.1
492.0691,3272.3
492.0943,3186.8
492.1196,3228.2
492.1448,3425.9
492.1700,3230.8
492.1952,3434.4
492.2204,3288.3
492.2468,826.7
492.2720,3086.4
492.2973,3398.2
492.3225,3487.6
492.3477,3189.1
492.3729,3167.9
492.3981,3261.3
492.4233,2906.1
492.4486,3315.1
492.4738,2898.6
492.4990,3445.1
492.5242,3108.9
492.5496,2910.4
492.5757,1751.7
492.6010,2347.1
492.6262,3171.2
492.6514,3622.1
492.6766,2942.9
492.7019,3371.9
492.7273,3234.9
492.7525,3133.9
492.7777,3219.6
492.8029,3473.0
492.8282,3300.1
492.8533,3218.5
492.8786,3353.6
492.9048,1768.0
492.9300,1947.8
492.9552,3343.7
492.9804,3734.4
493.0056,3121.8
493.0308,3106.2
493.0561,3057.8
493.0813,2942.0
493.1065,3291.0
493.1318,2829.1
493.1570,3389.0
493.1823,3295.0
493.2075,3412.9
493.2332,2317.3
493.2584,1800.3
493.2837,3300.7
493.3089,3329.8
493.3341,3248.2
493.3593,3342.6
493.3845,2803.1
493.4098,3274.9
493.4350,3052.4
493.4602,3173.3
493.4858,3311.6
493.5110,3059.8
493.5362,3325.5
493.5620,1618.9
493.5872,1940.6
493.6124,3718.8
493.6376,3361.3
493.6629,3159.4
493.6881,3252.1
493.7134,3312.7
493.7386,2833.2
493.7638,3471.7
493.7891,3400.2
493.8143,3327.2
493.8395,3203.2
493.8647,3487.0
493.8900,2708.6
493.9156,1936.7
493.9409,2217.1
493.9661,3423.9
493.9913,2606.5
494.0165,3340.8
494.0418,3235.1
494.0670,3284.8
494.0922,3398.7
494.1175,3184.9
494.1427,2908.7
494.1679,3577.0
494.1931,3356.9
494.2184,3402.3
494.2436,3395.3
494.2697,1605.8
494.2950,2224.4
494.3202,3673.0
494.3454,3360.2
494.3707,3282.1
494.3959,3398.9
494.4211,3254.3
494.4464,3284.9
494.4716,3134.4
494.4968,3173.0
494.5221,3266.6
494.5473,3515.2
494.5725,3404.6
494.5978,2776.8
494.6239,3096.3
494.6491,953.2
494.6746,3649.0
494.6998,3388.5
494.7250,3462.1
494.7502,3400.3
494.7755,3299.7
494.8007,3223.2
494.8260,3470.4
494.8512,3169.0
494.8769,3339.1
494.9021,3472.9
494.9273,3311.8
494.9526,3372.6
494.9778,3837.8
495.0039,1658.8
495.0291,1924.1
495.0543,2553.8
495.0796,3670.2
495.1048,3433.4
495.1302,3299.7
495.1555,3504.1
495.1807,3471.5
495.2059,3511.7
495.2312,3420.9
495.2564,3071.0
495.2818,2830.3
495.3070,3539.6
495.3323,3367.5
495.3575,2362.6
495.3831,2730.1
495.4083,1179.4
495.4341,3517.3
495.4593,3701.5
495.4845,3439.9
495.5098,3500.0
495.5350,3678.9
495.5607,3154.3
495.5860,2994.0
495.6115,3203.7
495.6368,3295.1
495.6620,3244.3
495.6872,3395.4
495.7125,3311.2
495.7386,1971.0
495.7639,1713.2
495.7891,3225.2
495.8143,2972.2
495.8396,3182.0
495.8648,3065.3
495.8901,3262.9
495.9153,3177.6
495.9405,3256.5
495.9657,2921.1
495.9909,3167.2
496.0162,2979.3
496.0419,1262.5
496.0671,2593.9
496.0924,3167.3
496.1176,2936.0
496.1428,3434.8
496.1680,2898.7
496.1938,3057.6
496.2190,2776.8
496.2443,3402.0
496.2695,3306.1
496.2951,3250.2
496.3203,3409.3
496.3455,2321.6
496.3707,589.4
496.3960,3428.2
496.4212,3326.5
496.4464,3265.0
496.4720,3103.1
496.4972,2780.8
496.5224,3542.6
496.5480,3300.9
496.5733,2949.2
496.5985,3316.8
496.6237,3220.4
496.6489,3304.4
496.6752,3052.6
496.7004,658.8
496.7256,3482.6
496.7508,3160.1
496.7760,3238.7
496.8013,3316.7
496.8265,3109.1
496.8517,2793.1
496.8770,2914.9
496.9022,3167.2
496.9274,3373.7
496.9526,3241.1
496.9779,3488.4
497.0031,3391.3
497.0287,1105.5
497.0542,2509.4
497.0794,3028.7
497.1050,2816.4
497.1303,3467.6
497.1555,2702.3
497.1808,3332.7
497.2060,3124.2
497.2312,2702.1
497.2565,3372.1
497.2818,3617.6
497.3070,3317.2
497.3324,2509.1
497.3580,1597.2
497.3833,2333.3
497.4085,3329.6
497.4337,3536.4
497.4590,3329.0
497.4842,3555.3
497.5094,3321.4
497.5346,3255.2
497.5598,3139.0
497.5851,3249.8
497.6103,3472.8
497.6355,3323.7
497.6607,3337.9
497.6859,3314.2
497.7116,2904.1
497.7368,817.8
497.7620,3511.7
497.7873,3417.6
497.8125,3350.2
497.8377,3400.5
497.8629,3310.8
497.8882,3324.9
497.9134,3185.9
497.9386,3584.5
497.9639,3172.5
497.9890,3586.9
498.0142,3467.4
498.0395,3482.4
498.0647,3312.4
498.0905,2154.7
498.1157,2110.0
498.1410,2986.0
498.1662,3214.7
498.1915,2726.2
498.2167,3342.2
498.2422,3089.8
498.2674,3534.5
498.2928,3053.6
498.3180,3439.9
498.3432,3278.4
498.3684,3408.6
498.3936,2601.9
498.4198,1672.4
498.4453,2310.7
498.4705,3491.1
498.4957,3352.8
498.5210,3397.7
498.5467,3543.3
498.5721,3152.8
498.5973,3202.2
498.6231,2940.3
498.6483,3490.0
498.6735,3223.3
498.6987,3237.8
498.7239,3318.8
498.7495,3335.1
498.7757,1167.6
498.8009,2539.6
498.8261,3389.9
498.8513,3364.9
498.8766,3478.6
498.9018,3292.7
498.9270,3342.4
498.9522,3057.6
498.9775,3440.6
499.0027,3246.4
499.0279,3408.2
499.0532,3160.1
499.0784,3456.1
499.1039,482.3
499.1291,3501.0
499.1543,3199.0
499.1795,3336.4
499.2048,3135.3
499.2301,3010.7
499.2556,3255.8
499.2809,3098.5
499.3061,3394.5
499.3313,3297.9
499.3566,3253.0
499.3818,3425.7
499.4070,2475.5
499.4332,2605.1
499.4584,1240.2
499.4836,3413.2
499.5088,3305.9
499.5340,3298.8
499.5592,3707.3
499.5844,3360.3
499.6097,3389.2
499.6350,3313.3
499.6602,3317.8
499.6854,3325.4
499.7106,3415.7
499.7359,3511.8
499.7611,3319.4
499.7866,2567.7
499.8123,2091.5
499.8375,2097.3
499.8627,2821.8
499.8879,3641.8
499.9132,3185.6
499.9384,3271.8
499.9636,3202.0
499.9888,3334.1
500.0140,3182.9
500.0392,3117.6
500.0644,2816.1
500.0896,3553.1
500.1148,3447.9
500.1400,2460.9
500.1663,2467.1
500.1915,1358.0
500.2167,3319.5
500.2424,3447.5
500.2676,3523.4
500.2928,3493.9
500.3180,3456.5
500.3433,3654.3
500.3686,3158.1
500.3938,3391.4
500.4190,3312.0
500.4442,3450.6
500.4695,3241.1
500.4947,3349.1
500.5199,3426.2
500.5461,1730.2
500.5713,2612.7
500.5966,3208.3
500.6218,3375.3
500.6471,3113.7
500.6723,3314.8
500.6975,3393.8
500.7227,3235.7
500.7479,3185.4
500.7732,3136.8
500.7984,3247.0
500.8236,2945.9
500.8488,3240.6
500.8743,352.2
500.8995,3637.3
500.9251,3175.2
500.9503,3221.6
500.9756,3456.8
501.0008,3120.7
501.0260,3055.9
501.0512,3248.5
501.0765,3340.8
501.1017,3187.5
501.1269,3292.4
501.1521,3536.6
501.1773,1393.1
501.2030,2367.4
501.2283,1321.8
501.2535,3338.1
501.2787,3266.2
501.3040,3176.4
501.3292,3066.7
501.3544,3317.0
501.3796,3351.8
501.4052,3245.9
501.4304,3134.7
501.4557,3643.6
501.4809,3178.9
501.5061,3445.6
501.5313,2353.8
501.5570,1391.3
501.5822,2296.1
501.6079,3509.2
501.6332,3155.1
501.6585,3299.5
501.6837,3474.7
501.7089,3374.3
501.7341,3383.6
501.7593,3062.7
501.7846,3482.3
501.8098,3241.0
501.8356,3357.5
501.8609,2316.1
501.8861,2202.9
501.9115,827.0
501.9368,3231.1
501.9620,3174.4
501.9872,3388.6
502.0124,3195.3
502.0376,3396.7
502.0629,3426.9
502.0881,3283.6
502.1133,3346.3
502.1385,3376.0
502.1638,3269.3
502.1890,3270.0
502.2142,3189.8
502.2404,858.4
502.2656,3111.2
502.2908,3405.4
502.3161,3294.0
502.3413,3202.1
502.3667,3454.3
502.3919,3433.0
502.4171,3214.7
502.4424,3320.3
502.4676,3339.7
502.4929,3284.6
502.5181,3663.6
502.5433,3447.7
502.5686,3672.2
502.5946,2593.7
502.6198,1599.3
502.6450,3340.0
502.6702,3648.1
502.6954,3369.8
502.7206,3119.1
502.7460,3208.2
502.7711,3039.8
502.7968,3477.9
502.8220,3130.0
502.8475,3194.6
502.8727,3635.5
502.8980,2891.4
502.9232,2809.5
502.9492,2636.6
502.9744,1323.8
502.9997,3478.6
503.0254,3454.5
503.0506,3321.0
503.0758,3429.1
503.1011,3462.4
503.1263,3447.7
503.1515,3122.6
503.1768,3415.7
503.2019,2947.9
503.2271,3327.7
503.2523,3569.0
503.2776,3242.6
503.3040,2952.4
503.3292,908.7
503.3544,3631.5
503.3796,3555.9
503.4048,3488.9
503.4301,3763.9
503.4553,3480.4
503.4805,3442.4
503.5057,3273.7
503.5314,3398.7
503.5566,3513.2
503.5819,3273.9
503.6071,3552.5
503.6324,3404.0
503.6576,3557.9
503.6828,3419.1
503.7080,306.9
503.7333,3602.8
503.7587,3106.4
503.7839,2716.2
503.8092,2653.1
503.8344,3077.5
503.8596,3402.7
503.8848,3060.2
503.9101,2883.8
503.9353,3223.6
503.9605,3180.6
503.9867,2871.8
504.0120,1095.3
504.0372,3336.4
504.0624,3718.8
504.0876,3433.0
504.1129,3358.7
504.1381,3610.5
504.1632,3413.6
504.1885,3229.5
504.2137,3270.4
504.2389,3159.9
504.2641,3451.6
504.2894,3286.9
504.3146,3621.2
504.3398,3404.6
504.3659,3360.3
504.3912,520.5
504.4164,3469.9
504.4416,3394.5
504.4669,3110.8
504.4921,3628.9
504.5173,3270.3
504.5425,3159.2
504.5678,3219.3
504.5933,2911.0
504.6185,3489.8
504.6438,3387.0
504.6689,3102.5
504.6942,3192.5
504.7194,1363.9
504.7457,2058.0
504.7709,1823.5
504.7961,3418.3
504.8213,3388.3
504.8465,3027.0
504.8717,3281.7
504.8970,3290.4
504.9222,3536.0
504.9474,3310.3
504.9726,3256.9
504.9978,3097.0
505.0231,3212.8
505.0483,3565.6
505.0735,2891.5
505.0997,1917.0
505.1249,2179.1
505.1501,2890.7
505.1753,3182.5
505.2006,3340.5
505.2258,3205.5
505.2510,3420.2
505.2762,3245.7
505.3015,3181.7
505.3267,3328.9
505.3519,3303.3
505.3771,3354.5
505.4023,3479.6
505.4276,3333.5
505.4538,966.3
505.4790,3095.2
505.5043,3496.5
505.5295,3618.6
505.5548,3543.4
505.5800,3334.9
505.6052,3206.1
505.6305,3409.8
505.6557,3217.6
505.6809,3502.7
505.7061,3049.2
505.7313,3175.0
505.7565,2752.8
505.7821,3028.6
505.8073,419.9
505.8325,3206.4
505.8577,3206.1
505.8829,2720.1
505.9082,3083.4
505.9334,3262.3
505.9586,3249.2
505.9838,3082.1
506.0090,3191.6
506.0343,3087.2
506.0595,3501.9
506.0848,3437.3
506.1110,1718.0
506.1366,2223.8
506.1618,3582.5
506.1870,3415.2
506.2122,3639.4
506.2374,3339.9
506.2626,3294.6
506.2878,2932.9
506.3131,3017.9
506.3383,3349.0
506.3635,3306.4
506.3888,3096.4
506.4140,3235.9
506.4392,2601.4
506.4655,1426.6
506.4908,2359.7
506.5160,3398.3
506.5412,3509.3
506.5664,3308.4
506.5916,3395.1
506.6169,3526.4
506.6421,3481.2
506.6673,3220.4
506.6925,3096.6
506.7177,2897.3
506.7430,3536.5
506.7682,3419.4
506.7934,3075.7
506.8194,2783.7
506.8447,1111.1
506.8699,3322.0
506.8951,3642.8
506.9203,3532.3
506.9455,3637.5
506.9708,3100.7
506.9960,3186.3
507.0212,3286.0
507.0464,3316.8
507.0716,3648.4
507.0969,3205.5
507.1221,3284.7
507.1473,3262.3
507.1725,2510.8
507.1986,2646.2
507.2238,1094.2
507.2496,3419.4
507.2748,3539.6
507.3000,3379.2
507.3252,3564.5
507.3504,3507.5
507.3757,3443.0
507.4009,3169.5
507.4261,3660.4
507.4513,3282.7
507.4766,3104.0
507.5018,3453.7
507.5270,3392.0
507.5522,3564.1
507.5775,3289.6
507.6027,428.8
507.6279,3621.2
507.6531,3586.0
507.6783,3149.1
507.7037,3415.6
507.7289,3450.4
507.7541,3096.5
507.7794,3401.7
507.8046,3127.2
507.8298,3209.6
507.8550,3331.6
507.8802,3215.9
507.9055,3229.9
507.9318,2355.7
507.9570,1409.6
507.9823,3211.9
508.0075,3369.0
508.0328,3138.1
508.0580,3372.8
508.0836,3142.0
508.1088,3202.3
508.1341,3099.3
508.1593,3265.0
508.1845,3305.1
508.2097,3593.3
508.2354,2653.4
508.2607,599.7
508.2860,3174.1
508.3115,2622.2
508.3367,3124.6
508.3620,3152.6
508.3872,3139.5
508.4124,3470.0
508.4376,2916.4
508.4629,3354.8
508.4881,3090.1
508.5133,3401.0
508.5385,1697.4
508.5637,3734.2
508.5890,766.1
508.6142,2991.8
508.6394,3325.0
508.6646,3809.8
508.6898,3155.6
508.7150,3323.5
508.7402,3335.1
508.7654,3052.4
508.7907,2723.2
508.8159,3002.9
508.8411,3393.8
508.8663,3596.9
508.8916,3298.6
508.9171,3384.9
508.9434,1661.0
508.9686,2462.2
508.9939,3707.9
509.0191,3279.4
509.0443,3397.3
509.0696,3474.8
509.0948,3228.9
509.1200,3441.4
509.1453,3226.9
509.1705,3352.4
509.1957,3415.8
509.2209,3320.4
509.2464,3467.3
509.2721,3178.0
509.2978,2242.5
509.3230,1361.9
509.3482,3463.5
509.3734,3073.9
509.3986,3410.3
509.4239,3382.0
509.4491,3189.4
509.4743,2803.9
509.4995,3322.1
509.5248,3006.2
509.5500,3228.2
509.5752,3211.9
509.6005,2750.5
509.6268,1131.0
509.6521,2863.1
509.6774,3810.0
509.7027,3545.5
509.7279,3475.0
509.7532,3580.1
509.7784,3369.0
509.8036,3388.8
509.8289,3381.1
509.8545,3347.0
509.8797,3444.0
509.9049,3085.8
509.9302,3556.1
509.9554,3135.2
509.9806,3336.1
510.0072,396.7
510.0325,3634.4
510.0577,3594.5
510.0829,3423.3
510.1081,3129.5
510.1334,3266.1
510.1586,3189.2
510.1838,3387.0
510.2091,3387.1
510.2343,3158.9
510.2595,3139.2
510.2847,3281.9
510.3099,2159.4
510.3351,3085.1
510.3613,1444.7
510.3865,2700.9
510.4121,2923.8
510.4373,3385.4
510.4625,3285.1
510.4877,2947.2
510.5129,3326.1
510.5381,2741.1
510.5634,3237.8
510.5886,2968.2
510.6138,3281.7
510.6391,3340.8
510.6643,3301.1
510.6905,2348.6
510.7157,1711.7
510.7410,3569.2
510.7662,3268.5
510.7914,3000.5
510.8166,3310.9
510.8419,3576.2
510.8672,2790.1
510.8924,3084.3
510.9176,3075.9
510.9428,2898.0
510.9679,3148.3
510.9941,1005.2
511.0194,2751.2
511.0446,3378.7
511.0698,3697.7
511.0950,3311.8
511.1202,3339.3
511.1458,3121.0
511.1711,3210.8
511.1963,3559.7
511.2216,3363.0
511.2468,3368.0
511.2721,3220.8
511.2973,3462.5
511.3225,2893.3
511.3487,2576.8
511.3739,1507.7
511.3992,3414.6
511.4244,3105.9
511.4496,3021.7
511.4749,3300.3
511.5001,3304.8
511.5254,3158.6
511.5506,2974.4
511.5758,3216.6
511.6010,3340.8
511.6263,3464.7
511.6516,3361.9
511.6768,3577.8
511.7020,511.9
511.7272,3357.4
511.7524,3587.6
511.7777,3380.9
511.8029,3325.3
511.8285,2946.5
511.8543,3083.0
511.8796,3144.8
511.9048,2997.4
511.9300,3137.1
511.9552,2775.3
511.9804,3332.3
512.0066,1686.4
512.0319,1704.8
512.0571,3360.1
512.0823,3054.7
512.1077,2977.6
512.1329,3438.6
512.1582,3310.8
512.1834,2839.9
512.2086,3353.2
512.2343,3382.6
512.2595,3357.8
512.2847,3237.9
512.3099,3099.0
512.3351,2897.2
512.3603,699.3
512.3855,3339.0
512.4107,3301.6
512.4360,3704.9
512.4612,3439.4
512.4865,3386.9
512.5117,3151.6
512.5370,3365.1
512.5622,3369.4
512.5874,3431.3
512.6126,3460.9
512.6379,3367.6
512.6631,3282.1
512.6883,3578.9
512.7135,3491.4
512.7398,1575.2
512.7652,2382.9
512.7904,3665.5
512.8157,3323.2
512.8409,3306.3
512.8661,3513.5
512.8913,3384.3
512.9165,3463.5
512.9418,3652.7
512.9669,3071.5
512.9922,3458.4
513.0174,3229.8
513.0426,3300.8
513.0679,3638.9
513.0932,2600.1
513.1188,2310.3
513.1440,1697.7
513.1692,3563.9
513.1944,3662.2
513.2196,3515.0
513.2449,3441.1
513.2701,3740.9
513.2954,3121.5
513.3206,3377.7
513.3458,3601.6
513.3710,3093.0
513.3962,3443.5
513.4214,3565.2
513.4466,3390.5
513.4719,3365.9
513.4981,2723.4
513.5233,922.2
513.5485,3664.6
513.5737,3227.7
513.5990,3423.1
513.6242,3475.3
513.6494,2949.8
513.6747,3477.6
513.6999,3400.7
513.7251,3410.3
513.7504,3223.8
513.7756,3139.0
513.8008,3277.9
513.8260,3206.2
513.8521,1525.0
513.8774,2280.1
513.9026,3329.0
513.9278,3104.5
513.9531,3385.1
513.9783,3068.5
514.0035,3161.8
514.0287,3314.6
514.0539,3368.7
514.0791,3288.9
514.1044,3532.5
514.1296,3163.7
514.1556,3351.5
514.1809,416.1
514.2061,3591.3
514.2313,3474.4
514.2567,3502.5
514.2819,3268.4
514.3071,3386.1
514.3323,3418.9
514.3575,3168.3
514.3827,3014.8
514.4080,2665.0
514.4332,3244.5
514.4584,3359.2
514.4837,3262.8
514.5090,246.8
514.5343,3697.0
514.5595,3283.3
514.5847,3388.5
514.6099,3429.8
514.6356,3576.6
514.6608,3193.8
514.6861,3286.0
514.7113,3321.1
514.7365,3472.0
514.7617,3283.4
514.7870,3230.7
514.8122,3519.5
514.8375,3374.6
514.8637,2946.1
514.8889,1061.4
514.9141,3255.0
514.9394,3256.7
514.9646,2763.8
514.9898,3337.2
515.0150,3670.7
515.0403,3481.4
515.0657,3519.3
515.0909,3494.3
515.1161,3323.7
515.1413,3639.7
515.1665,3304.5
515.1918,2302.0
515.2180,2646.3
515.2433,1000.1
515.2685,3282.7
515.2937,2914.0
515.3189,3567.8
515.3442,3072.9
515.3694,3570.0
515.3946,2967.4
515.4198,3186.8
515.4450,3221.3
515.4702,3324.4
515.4955,3260.3
515.5207,3181.1
515.5460,3501.4
515.5722,1604.3
515.5975,2234.7
515.6227,3236.3
515.6479,3113.4
515.6731,2777.1
515.6988,3282.5
515.7240,3064.3
515.7492,3386.8
515.7745,2996.5
515.7997,3258.5
515.8249,3371.9
515.8501,3039.4
515.8758,2289.2
515.9010,1527.7
515.9263,3334.8
515.9515,3504.4
515.9767,3576.8
516.0019,3417.0
516.0272,3343.6
516.0524,3221.8
516.0776,2995.3
516.1029,3549.8
516.1281,3007.7
516.1533,3008.8
516.1786,2963.1
516.2052,550.9
516.2304,3511.1
516.2556,3109.0
516.2808,3233.1
516.3060,3318.1
516.3312,3330.7
516.3565,3224.1
516.3817,3243.9
516.4069,3360.9
516.4321,3256.8
516.4573,3319.8
516.4825,3285.3
516.5078,2278.9
516.5339,2035.4
516.5591,2123.0
516.5843,3324.8
516.6095,3274.3
516.6347,3440.1
516.6599,3364.4
516.6852,3552.5
516.7107,3073.1
516.7359,2956.3
516.7611,3220.5
516.7864,3585.5
516.8116,3350.8
516.8369,3323.0
516.8621,3702.4
516.8881,2489.6
516.9134,1657.2
516.9386,3195.7
516.9638,3497.7
516.9891,3381.6
517.0143,3309.3
517.0395,3223.3
517.0648,3229.8
517.0900,3168.4
517.1152,3383.4
517.1404,3584.7
517.1657,3284.6
517.1909,3322.7
517.2161,2577.2
517.2423,2204.4
517.2675,1707.8
517.2928,3575.9
517.3180,3492.8
517.3432,3611.0
517.3684,3381.9
517.3936,3323.9
517.4188,3473.0
517.4440,3374.3
517.4693,3331.5
517.4945,3436.2
517.5197,3225.6
517.5449,3295.8
517.5702,3637.9
517.5954,3244.2
517.6216,1996.4
517.6469,1856.1
517.6721,3477.6
517.6974,3546.0
517.7226,3179.7
517.7478,3365.2
517.7731,3466.7
517.7983,3616.1
517.8237,2940.3
517.8489,3379.3
517.8742,3121.2
517.8994,3330.8
517.9246,3306.4
517.9498,3595.8
517.9750,3360.2
518.0012,1471.3
518.0265,2592.5
518.0517,3757.3
518.0769,3332.7
518.1022,3313.3
518.1274,3535.5
518.1526,3616.6
518.1779,3373.3
518.2031,3308.5
518.2283,3238.2
518.2535,3597.5
518.2788,3310.9
518.3044,3328.3
518.3296,3287.0
518.3551,3389.5
518.3803,262.4
518.4055,3513.6
518.4308,3430.4
518.4560,3425.7
518.4815,3618.0
518.5067,3435.9
518.5323,3591.6
518.5575,3413.6
518.5828,3523.2
518.6080,3644.3
518.6332,3322.9
518.6589,3472.9
518.6841,3463.0
518.7093,3416.4
518.7345,2904.8
518.7602,2771.6
518.7854,1253.7
518.8108,3641.3
518.8360,3481.5
518.8612,3396.3
518.8864,3174.1
518.9118,3428.4
518.9371,3588.1
518.9623,3377.5
518.9875,3695.1
519.0127,3517.8
519.0380,3524.7
519.0632,3494.9
519.0884,3551.2
519.1136,3236.2
519.1388,3628.8
519.1641,3272.5
519.1903,1961.9
519.2156,2294.8
519.2408,3381.8
519.2665,3174.2
519.2920,3228.7
519.3172,3570.5
519.3425,3253.3
519.3677,3463.4
519.3929,3371.1
519.4181,3063.0
519.4434,3537.7
519.4686,3111.0
519.4938,3280.3
519.5190,3614.2
519.5442,3349.0
519.5703,1959.8
519.5956,1611.0
519.6208,3383.1
519.6460,3568.4
519.6712,3307.0
519.6964,3182.9
519.7216,3263.3
519.7469,3185.2
519.7721,3078.7
519.7973,3004.3
519.8225,3096.0
519.8478,3207.5
519.8730,3285.7
519.8987,2468.3
519.9239,736.9
519.9491,3171.1
519.9743,3335.5
519.9995,3262.7
520.0250,3136.5
520.0503,3468.5
520.0755,2683.2
520.1007,3308.5
520.1259,3218.9
520.1511,3163.0
520.1764,3087.1
520.2016,2773.7
520.2276,2612.2
520.2529,1514.7
520.2781,3159.3
520.3034,3419.3
520.3287,3113.2
520.3543,3334.2
520.3796,3213.4
520.4048,3381.0
520.4301,2996.4
520.4553,3283.4
520.4805,3102.1
520.5057,3231.1
520.5309,3237.5
520.5562,3348.7
520.5824,2018.1
520.6076,1659.6
520.6328,3303.5
520.6586,3389.7
520.6839,3586.4
520.7091,3230.5
520.7344,3393.1
520.7596,3201.7
520.7848,3418.2
520.8100,3384.8
520.8352,3329.4
520.8604,3204.9
520.8857,3567.5
520.9109,3273.3
520.9361,2657.3
520.9623,1734.4
520.9875,1968.9
521.0127,3171.1
521.0379,3469.5
521.0632,3245.7
521.0884,3649.8
521.1136,3481.5
521.1388,3334.5
521.1641,3374.6
521.1893,3254.3
521.2145,3551.2
521.2397,3162.1
521.2650,3205.2
521.2902,3274.2
521.3154,3359.8
521.3406,709.3
521.3658,3124.9
521.3911,3126.6
521.4163,3445.0
521.4415,3144.0
521.4668,3344.3
521.4920,3227.9
521.5173,3032.2
521.5425,3282.3
521.5677,3352.3
521.5929,3585.4
521.6182,2946.3
521.6433,1550.7
521.6696,2753.0
521.6948,832.8
521.7200,3352.6
521.7453,3635.4
521.7712,3250.6
521.7964,3482.5
521.8216,3467.8
521.8468,3165.4
521.8721,3571.9
521.8973,3432.5
521.9225,3518.3
521.9478,3157.7
521.9736,3393.6
521.9989,3573.5
522.0241,2791.1
522.0503,1987.5
522.0756,2025.2
522.1008,3438.2
522.1260,3464.1
522.1513,3640.6
522.1765,3482.0
522.2017,3570.8
522.2269,3580.8
522.2521,3392.7
522.2773,3241.0
522.3026,3551.7
522.3278,3293.3
522.3530,3542.2
522.3783,3522.7
522.4035,3573.3
522.4287,3532.1
522.4544,1498.4
522.4796,2443.9
522.5049,3591.8
522.5301,3421.1
522.5553,3691.4
522.5806,3259.6
522.6058,3346.5
522.6310,3608.0
522.6562,3466.0
522.6814,3355.1
522.7067,3477.2
522.7319,3443.5
522.7572,3347.0
522.7826,3344.9
522.8078,3566.9
522.8332,3500.8
522.8593,1691.2
522.8849,2372.9
522.9101,3272.9
522.9353,3450.9
522.9606,3580.6
522.9858,3209.3
523.0110,3337.9
523.0362,3478.3
523.0614,3186.9
523.0866,3432.0
523.1118,3288.0
523.1371,3083.4
523.1628,3441.3
523.1881,3422.9
523.2133,3404.7
523.2388,1605.2
523.2644,2842.6
523.2896,803.6
523.3148,3496.7
523.3401,3454.2
523.3653,3320.3
523.3906,3590.5
523.4158,3098.5
523.4410,3150.8
523.4662,3141.3
523.4915,3321.6
523.5167,3225.6
523.5419,3599.6
523.5671,2980.4
523.5924,3322.1
523.6186,1079.6
523.6438,2691.7
523.6691,3238.8
523.6943,3254.0
523.7195,3429.9
523.7447,3285.3
523.7699,3140.8
523.7952,2835.4
523.8203,3390.4
523.8456,3367.6
523.8708,3408.1
523.8962,3426.5
523.9214,3061.3
523.9466,696.1
523.9719,3366.5
523.9971,3285.8
524.0223,3338.3
524.0475,3219.5
524.0728,2974.0
524.0979,3125.7
524.1232,2974.2
524.1484,3214.5
524.1735,3197.6
524.1988,3213.0
524.2241,3594.1
524.2493,3237.3
524.2755,1465.6
524.3008,2062.4
524.3261,3499.9
524.3513,3484.5
524.3766,3429.5
524.4018,3436.2
524.4270,3637.7
524.4522,3164.0
524.4774,3123.9
524.5027,3329.4
524.5279,3055.2
524.5531,3103.9
524.5783,3484.4
524.6035,3363.3
524.6292,1846.6
524.6544,2234.7
524.6796,3242.8
524.7048,3014.3
524.7299,3051.1
524.7551,3188.5
524.7803,3348.9
524.8055,3068.4
524.8307,3200.5
524.8560,3467.9
524.8812,3305.6
524.9064,3495.7
524.9316,3373.5
524.9573,3106.6
524.9826,927.6
525.0078,3297.3
525.0330,3488.6
525.0582,3552.3
525.0834,3343.5
525.1087,3294.4
525.1340,3165.6
525.1592,2856.6
525.1845,2996.0
525.2097,3379.1
525.2349,3386.8
525.2602,2681.4
525.2858,2746.6
525.3111,778.2
525.3363,3421.8
525.3615,3117.6
525.3868,3167.4
525.4120,3098.6
525.4372,3258.5
525.4624,3226.1
525.4876,3511.5
525.5128,3288.4
525.5381,3238.2
525.5633,3141.2
525.5885,3483.2
525.6137,3198.2
525.6401,1161.3
525.6653,2692.6
525.6905,3472.3
525.7157,3065.5
525.7410,3051.0
525.7662,3122.6
525.7914,2927.0
525.8166,2880.5
525.8422,2959.6
525.8674,3259.3
525.8927,3135.0
525.9179,3230.9
525.9437,2362.8
525.9689,1734.1
525.9941,3490.8
526.0193,3557.2
526.0445,3493.4
526.0698,3724.6
526.0949,3427.3
526.1202,3235.8
526.1454,3344.9
526.1706,3565.3
526.1958,3248.5
526.2211,3390.0
526.2463,3152.3
526.2715,3350.0
526.2967,3446.3
526.3220,3565.7
526.3472,440.4
526.3724,3348.2
526.3976,3494.3
526.4228,3735.9
526.4480,3447.4
526.4738,3518.3
526.4990,3525.3
526.5242,3484.0
526.5494,3577.1
526.5747,3316.5
526.6000,3210.1
526.6252,3519.6
526.6504,3285.3
526.6756,3517.5
526.7008,3441.3
526.7260,3544.2
526.7512,483.8
526.7765,3389.5
526.8017,3578.8
526.8269,3704.2
526.8525,3115.4
526.8777,3854.1
526.9029,3425.8
526.9282,3682.3
526.9534,3378.9
526.9786,3564.9
527.0039,3448.6
527.0291,3579.3
527.0543,3266.8
527.0796,3533.4
527.1048,3041.0
527.1300,3554.6
527.1562,2723.4
527.1814,1186.3
527.2066,3415.0
527.2318,3352.5
527.2571,3468.6
527.2823,3290.6
527.3075,3556.4
527.3328,3493.4
527.3580,3276.0
527.3832,3647.1
527.4085,3135.1
527.4343,3348.6
527.4595,3618.3
527.4847,3277.3
527.5099,3633.3
527.5351,3384.9
527.5613,3187.3
527.5865,647.3
527.6118,3532.0
527.6370,3528.4
527.6622,3590.3
527.6874,3394.0
527.7126,3515.6
527.7378,3449.7
527.7631,3456.3
527.7883,3318.6
527.8139,3145.4
527.8392,3498.4
527.8644,3315.8
527.8896,3415.8
527.9148,3462.7
527.9403,3396.9
527.9665,2131.8
527.9917,2181.3
528.0169,3376.9
528.0427,3545.2
528.0679,3763.8
528.0931,3284.1
528.1184,3543.7
528.1435,3476.3
528.1687,3149.2
528.1938,3630.5
528.2190,3336.9
528.2442,3368.7
528.2694,3419.5
528.2947,3603.3
528.3199,3418.7
528.3451,3365.3
528.3712,2088.7
528.3964,2004.6
528.4216,3469.4
528.4468,3599.1
528.4721,3392.4
528.4973,3304.0
528.5225,3678.7
528.5477,3503.8
528.5730,3520.6
528.5982,3215.5
528.6234,3594.8
528.6486,3291.2
528.6738,3470.4
528.6990,3090.2
528.7243,3559.7
528.7495,3427.3
528.7757,3203.3
528.8009,575.8
528.8261,3173.2
528.8514,3340.5
528.8766,3169.2
528.9021,3437.7
528.9273,3588.2
528.9525,3408.3
528.9777,3477.3
529.0030,3484.6
529.0282,3678.7
529.0534,3381.4
529.0786,3639.0
529.1039,3420.1
529.1291,2944.1
529.1543,3368.9
529.1798,1208.4
529.2050,2895.2
529.2302,3647.6
529.2554,3429.2
529.2806,3574.1
529.3058,3468.5
529.3310,3438.8
529.3562,3641.7
529.3815,3495.9
529.4067,3097.4
529.4320,3484.4
529.4573,3278.7
529.4825,3447.0
529.5077,3298.9
529.5330,3529.9
529.5586,3138.3
529.5838,534.5
529.6090,3635.3
529.6342,3553.9
529.6594,3363.1
529.6846,3107.9
529.7098,3089.0
529.7350,3036.4
529.7602,3173.6
529.7855,3088.2
529.8107,3051.6
529.8359,3052.5
529.8612,3029.3
529.8874,615.3
529.9126,2978.6
529.9379,2987.3
529.9631,3631.6
529.9883,3487.8
530.0135,3222.2
530.0391,3217.1
530.0644,2975.2
530.0896,3297.4
530.1148,3147.5
530.1401,3325.2
530.1653,3186.3
530.1905,3459.6
530.2167,2711.7
530.2420,1221.5
530.2672,3353.5
530.2924,3302.1
530.3177,3192.1
530.3429,3331.0
530.3681,3201.0
530.3933,3172.4
530.4189,3024.8
530.4441,3360.4
530.4693,3118.8
530.4945,3227.9
530.5200,2964.5
530.5457,1990.2
530.5709,1853.3
530.5961,3357.9
530.6214,3220.0
530.6466,3246.1
530.6719,2990.5
530.6974,3172.9
530.7227,2864.0
530.7479,2580.8
530.7732,3522.5
530.7984,2676.8
530.8236,3396.1
530.8489,3276.4
530.8741,3440.1
530.9003,2043.2
530.9255,2558.3
530.9507,3375.5
530.9759,3501.0
531.0011,3457.4
531.0264,3235.7
531.0518,3423.3
531.0770,3309.7
531.1022,3515.5
531.1274,3281.4
531.1526,3346.4
531.1779,3365.9
531.2031,3406.0
531.2282,3265.4
531.2535,2147.2
531.2787,1336.5
531.3039,3409.7
531.3291,3587.4
531.3544,3449.2
531.3796,3336.9
531.4049,3485.3
531.4301,3216.0
531.4553,3153.4
531.4805,3588.0
531.5057,3191.2
531.5309,3076.9
531.5561,3204.4
531.5813,3060.3
531.6076,2412.9
531.6328,1638.3
531.6581,3086.4
531.6833,3268.6
531.7085,3363.6
531.7337,2729.8
531.7589,3418.0
531.7842,2706.8
531.8094,3268.7
531.8351,3161.7
531.8603,3468.4
531.8855,3282.4
531.9108,3361.9
531.9371,1519.2
531.9624,2520.8
531.9876,3482.4
532.0128,3386.5
532.0382,3494.2
532.0635,3587.9
532.0887,3381.3
532.1140,3634.2
532.1396,3173.2
532.1648,3452.1
532.1900,3317.8
532.2153,3419.3
532.2405,3255.4
532.2657,3644.8
532.2909,3309.3
532.3169,2421.0
532.3421,1442.8
532.3673,3450.1
532.3925,3663.0
532.4177,3428.7
532.4430,3484.8
532.4682,3548.2
532.4938,3276.2
532.5191,3328.8
532.5443,3571.7
532.5695,3209.3
532.5948,3461.4
532.6200,3353.6
532.6452,3629.7
532.6704,3212.7
532.6966,1730.1
532.7218,1967.1
532.7470,2564.5
532.7723,3394.0
532.7979,2881.9
532.8231,3171.4
532.8483,2894.7
532.8736,3140.5
532.8988,2717.4
532.9240,3149.1
532.9492,3747.8
532.9744,3651.2
533.0002,2607.7
533.0254,1434.7
533.0506,3508.3
533.0759,3537.7
533.1011,3527.8
533.1263,3694.0
533.1515,3277.2
533.1766,3588.5
533.2020,3377.2
533.2272,3425.1
533.2525,3281.6
533.2778,3439.4
533.3030,3171.2
533.3282,3596.4
533.3534,3505.4
533.3786,3613.2
533.4049,2492.2
533.4302,1353.1
533.4554,3460.9
533.4806,3634.1
533.5058,3376.6
533.5310,3645.2
533.5563,3397.3
533.5815,3592.4
533.6067,3386.2
533.6320,3637.2
533.6571,3377.8
533.6825,3367.2
533.7077,3449.0
533.7329,3432.4
533.7581,3558.7
533.7834,3435.6
533.8086,3575.3
533.8339,536.9
533.8591,3336.4
533.8844,3296.5
533.9095,3591.3
533.9348,3394.6
533.9600,3575.5
533.9852,3240.8
534.0105,3112.0
534.0357,3262.3
534.0609,3310.8
534.0861,3460.3
534.1113,2991.0
534.1369,3349.3
534.1621,3365.9
534.1881,3166.5
534.2133,413.8
534.2386,3528.0
534.2638,3074.0
534.2890,3529.7
534.3142,3205.2
534.3394,3289.0
534.3646,3392.5
534.3898,3361.9
534.4151,3201.2
534.4403,3448.5
534.4655,2937.9
534.4907,3339.6
534.5159,3044.4
534.5411,439.7
534.5663,3238.8
534.5915,3143.0
534.6168,3263.1
534.6420,3382.0
534.6673,3283.0
534.6925,3109.6
534.7177,3044.6
534.7430,3443.5
534.7682,3617.1
534.7935,3271.6
534.8187,3331.3
534.8441,3338.5
534.8693,3632.5
534.8947,773.2
534.9200,3022.0
534.9452,3346.4
534.9704,3551.2
534.9957,3383.0
535.0209,3119.3
535.0462,3625.7
535.0714,3481.1
535.0966,3426.6
535.1218,3062.7
535.1471,3308.8
535.1723,3261.7
535.1977,3401.6
535.2240,2215.3
535.2492,1406.0
535.2745,3284.9
535.2997,3266.9
535.3249,3430.9
535.3502,3572.6
535.3754,3529.8
535.4006,3696.1
535.4259,3376.1
535.4511,3324.5
535.4763,3294.5
535.5015,3543.7
535.5267,3468.4
535.5520,3242.0
535.5772,3476.1
535.6034,2494.2
535.6286,1222.1
535.6539,3293.3
535.6791,3408.1
535.7043,3324.4
535.7295,3625.5
535.7547,3364.3
535.7800,3698.2
535.8052,3496.5
535.8304,3479.5
535.8556,3656.9
535.8809,3524.8
535.9062,3300.8
535.9314,3647.9
535.9566,3384.3
535.9818,3631.9
536.0070,789.9
536.0323,3170.5
536.0575,3791.6
536.0829,3439.3
536.1081,3452.2
536.1338,3565.5
536.1590,3616.3
536.1843,3715.4
536.2095,3497.5
536.2347,3654.5
536.2600,3050.3
536.2851,3562.4
536.3104,3342.3
536.3356,3647.3
536.3609,3272.6
536.3861,3498.4
536.4123,2175.6
536.4375,1712.9
536.4627,3025.3
536.4879,3558.1
536.5131,3284.3
536.5383,3452.7
536.5636,3514.6
536.5888,3454.5
536.6142,2965.2
536.6394,3359.5
536.6646,3451.4
536.6899,3223.5
536.7151,3680.8
536.7403,3315.6
536.7655,3130.2
536.7919,2381.5
536.8172,1621.0
536.8424,3495.8
536.8676,3418.8
536.8932,3025.3
536.9191,3397.7
536.9447,3240.3
536.9699,3414.8
536.9952,3116.8
537.0204,3071.1
537.0456,3349.3
537.0708,3275.6
537.0960,3358.7
537.1222,1988.6
537.1475,1755.0
537.1727,3016.0
537.1982,3357.9
537.2234,3257.2
537.2486,3319.6
537.2739,3081.9
537.2991,3372.5
537.3243,3189.2
537.3495,3021.9
537.3747,3188.4
537.4000,3241.2
537.4254,3453.4
537.4510,2031.4
537.4764,1917.6
537.5017,3522.2
537.5269,3335.2
537.5521,3382.0
537.5777,3282.1
537.6029,3495.5
537.6281,3013.4
537.6533,2867.5
537.6785,3032.3
537.7038,3350.9
537.7290,3390.9
537.7542,3340.3
537.7794,3551.0
537.8056,1923.0
537.8312,1697.0
537.8564,3553.2
537.8820,3019.9
537.9072,3230.6
537.9328,3437.9
537.9580,3318.8
537.9832,3519.4
538.0085,2997.2
538.0337,3289.0
538.0589,3166.2
538.0841,3199.0
538.1094,2811.5
538.1356,1049.3
538.1609,2680.6
538.1861,3347.9
538.2113,3201.4
538.2365,3313.0
538.2617,3251.7
538.2873,3379.9
538.3125,3588.7
538.3377,2981.6
538.3629,3447.7
538.3881,3292.3
538.4134,3236.7
538.4385,3478.8
538.4637,3582.7
538.4900,2269.1
538.5152,1462.4
538.5404,3342.5
538.5656,3068.5
538.5908,3334.4
538.6160,2927.1
538.6413,3275.5
538.6665,3120.4
538.6917,3213.4
538.7170,3341.1
538.7422,3253.8
538.7674,3689.7
538.7926,3080.6
538.8178,3590.3
538.8432,352.8
538.8684,3658.1
538.8936,3393.7
538.9189,3355.5
538.9442,3271.4
538.9696,3399.7
538.9951,3200.1
539.0203,3553.7
539.0455,3196.0
539.0707,3223.4
539.0959,3377.6
539.1211,3278.0
539.1463,3298.4
539.1716,3395.8
539.1973,1820.8
539.2225,2086.9
539.2478,3162.1
539.2730,3070.0
539.2982,3009.4
539.3234,3205.0
539.3486,3302.2
539.3739,2994.5
539.3991,3367.4
539.4243,3271.6
539.4495,3294.8
539.4748,3217.6
539.5008,2981.5
539.5260,862.4
539.5512,3232.7
539.5764,3431.7
539.6016,3356.8
539.6268,3359.6
539.6520,3176.5
539.6774,3271.5
539.7026,3242.6
539.7279,3603.5
539.7531,3172.7
539.7783,3193.4
539.8035,3281.7
539.8287,3645.1
539.8540,3337.3
539.8801,342.8
539.9054,3529.8
539.9306,2952.2
539.9558,3420.9
539.9810,3579.4
540.0062,3560.1
540.0316,3494.7
540.0570,3235.4
540.0822,3252.3
540.1074,3437.6
540.1327,3348.0
540.1579,3082.2
540.1833,3254.1
540.2089,2251.7
540.2342,1974.4
540.2594,3440.3
540.2846,3389.2
540.3098,3369.5
540.3350,3158.8
540.3603,3356.3
540.3855,3287.3
540.4107,3353.3
540.4360,2862.5
540.4612,3281.4
540.4864,3227.1
540.5116,3266.4
540.5372,2736.8
540.5624,938.4
540.5876,3133.1
540.6129,3301.3
540.6381,3407.3
540.6633,3360.1
540.6885,3570.0
540.7138,3473.3
540.7390,3382.9
540.7642,3706.8
540.7894,3401.9
540.8146,3532.9
540.8399,3265.0
540.8651,3274.0
540.8903,3529.1
540.9159,2214.0
540.9412,1728.5
540.9664,3443.3
540.9916,3670.6
541.0168,3672.3
541.0421,3651.8
541.0673,3658.6
541.0926,3481.2
541.1177,3573.3
541.1430,3403.7
541.1682,3656.8
541.1934,3398.2
541.2186,3432.6
541.2438,3396.5
541.2691,3545.3
541.2943,3410.0
541.3195,3549.3
541.3458,371.9
541.3710,3658.4
541.3962,3365.1
541.4214,3564.3
541.4466,3289.1
541.4718,3403.7
541.4970,3431.2
541.5222,3211.2
541.5475,3592.1
541.5727,3371.9
541.5979,3442.5
541.6232,3311.8
541.6485,3582.2
541.6737,3477.9
541.6989,3191.9
541.7241,3598.0
541.7505,418.8
541.7757,3684.6
541.8009,3376.5
541.8262,3646.8
541.8514,3307.4
541.8766,3512.2
541.9019,3504.1
541.9271,3455.8
541.9523,3324.9
541.9775,3274.4
542.0028,3326.1
542.0280,3387.0
542.0532,3619.1
542.0784,3409.8
542.1037,3482.6
542.1293,2700.6
542.1545,1121.1
542.1799,2874.8
542.2052,3309.2
542.2304,3123.5
542.2556,2799.4
542.2808,2772.8
542.3060,3306.6
542.3312,3314.9
542.3565,3298.7
542.3817,3356.7
542.4069,3689.7
542.4321,3521.1
542.4577,3012.8
542.4830,970.0
542.5082,3353.3
542.5334,3472.7
542.5586,3334.4
542.5839,3331.6
542.6091,3291.6
542.6343,3278.0
542.6595,2936.5
542.6848,3328.6
542.7100,3374.2
542.7352,3415.4
542.7604,3593.1
542.7856,2965.3
542.8113,1381.7
542.8365,1866.2
542.8617,3565.1
542.8869,3370.2
542.9121,3208.8
542.9375,2914.8
542.9627,3448.4
542.9880,3121.3
543.0132,3571.9
543.0384,2998.3
543.0637,3122.8
543.0889,3018.3
543.1141,3271.2
543.1399,3067.5
543.1651,916.5
543.1903,3499.9
543.2156,3315.0
543.2408,3585.8
543.2660,3415.0
543.2913,3375.2
543.3167,3479.2
543.3419,3458.4
543.3671,3394.7
543.3923,3337.8
543.4175,3155.9
543.4435,3394.4
543.4687,3089.0
543.4939,3348.1
543.5191,201.0
543.5446,3672.4
543.5698,3622.5
543.5950,3693.1
543.6203,3486.3
543.6455,3500.0
543.6707,3615.5
543.6959,3288.1
543.7211,3140.9
543.7464,2997.7
543.7716,3171.6
543.7968,3348.0
543.8223,3406.6
543.8475,3399.5
543.8739,1895.4
543.8991,1785.5
543.9243,2801.0
543.9495,3112.5
543.9747,3272.7
544.0001,3069.9
544.0253,3272.2
544.0506,3347.8
544.0758,3238.7
544.1010,3221.0
544.1263,3265.2
544.1515,3359.4
544.1776,2815.3
544.2029,1027.8
544.2281,3487.5
544.2533,3587.0
544.2785,3474.0
544.3038,3334.4
544.3290,3358.4
544.3542,3293.6
544.3795,3215.6
544.4047,3136.4
544.4300,2757.8
544.4552,3148.8
544.4804,3359.0
544.5056,3309.4
544.5313,1779.1
544.5565,2279.9
544.5817,3301.0
544.6070,3462.7
544.6322,3686.2
544.6574,3443.0
544.6826,3074.5
544.7078,3720.3
544.7330,3398.5
544.7583,3365.1
544.7835,3255.8
544.8087,3373.5
544.8340,3137.4
544.8592,3456.7
544.8844,3381.9
544.9105,2374.2
544.9358,1579.3
544.9610,3502.9
544.9862,3860.9
545.0114,3475.1
545.0367,3769.3
545.0619,3661.7
545.0874,3493.6
545.1126,3656.8
545.1378,3544.7
545.1635,3481.6
545.1887,3284.2
545.2139,3246.4
545.2391,3516.0
545.2644,3362.7
545.2896,3609.2
545.3156,2916.7
545.3408,944.3
545.3662,3759.6
545.3914,3564.7
545.4167,3554.1
545.4419,3721.1
545.4672,3429.8
545.4927,3493.0
545.5179,3451.1
545.5431,3184.1
545.5684,3514.2
545.5936,3230.3
545.6188,3498.4
545.6439,3412.0
545.6694,3623.7
545.6947,3422.2
545.7210,2212.8
545.7462,1697.0
545.7714,3331.2
545.7967,3359.2
545.8219,3607.5
545.8471,3397.4
545.8723,3617.9
545.8975,3317.6
545.9227,3262.5
545.9484,3398.0
545.9737,3326.0
545.9989,3110.3
546.0241,3068.6
546.0493,3326.0
546.0745,3492.8
546.1007,2390.8
546.1259,1565.7
546.1511,3509.2
546.1764,3019.3
546.2016,3404.5
546.2268,2547.0
546.2524,3160.8
546.2777,3062.3
546.3029,3247.5
546.3281,3190.3
546.3537,3380.9
546.3789,3573.8
546.4041,3232.5
546.4302,3457.3
546.4554,700.6
546.4806,3257.7
546.5063,3647.1
546.5315,3473.2
546.5567,3497.4
546.5819,3393.4
546.6072,3466.3
546.6324,2890.9
546.6576,2981.9
546.6829,3220.6
546.7081,3235.0
546.7333,2783.1
546.7585,2971.7
546.7856,379.3
546.8113,3354.9
546.8366,3600.9
546.8618,3292.3
546.8870,3291.5
546.9123,3331.7
546.9375,3221.0
546.9627,3326.4
546.9880,3358.2
547.0132,3223.2
547.0385,3268.5
547.0637,3402.7
547.0889,3414.6
547.1141,3475.5
547.1404,1038.2
547.1657,3121.3
547.1909,3433.2
547.2161,3210.8
547.2413,3418.8
547.2666,3234.3
547.2918,3250.1
547.3170,2790.5
547.3422,3307.4
547.3674,3577.3
547.3926,3302.3
547.4179,3361.7
547.4431,3439.8
547.4694,2001.2
547.4946,1832.2
547.5198,3361.7
547.5451,3546.8
547.5703,3379.2
547.5955,3438.0
547.6207,3346.8
547.6460,3160.5
547.6712,3220.1
547.6965,3078.0
547.7216,3309.0
547.7469,3231.9
547.7721,2954.1
547.7978,2406.3
547.8230,1385.7
547.8482,3270.9
547.8734,3108.2
547.8986,3407.9
547.9239,2868.9
547.9491,3593.3
547.9743,2953.3
547.9996,3516.8
548.0248,3268.7
548.0500,3023.5
548.0752,3662.0
548.1004,3464.7
548.1256,3471.8
548.1510,1496.7
548.1762,2411.9
548.2014,3634.1
548.2266,3518.5
548.2518,3476.4
548.2771,3241.7
548.3023,3342.3
548.3275,3503.1
548.3528,3269.7
548.3780,3203.4
548.4032,3348.7
548.4284,3345.6
548.4536,3561.8
548.4789,3409.8
548.5041,3689.2
548.5300,2549.0
548.5553,1290.6
548.5805,3497.4
548.6057,3633.7
548.6309,3315.1
548.6561,3408.3
548.6813,3609.9
548.7066,3284.2
548.7318,3304.3
548.7570,3692.8
548.7822,3122.4
548.8074,3583.1
548.8326,3404.4
548.8578,3461.1
548.8831,3308.8
548.9083,3508.4
548.9335,680.5
548.9587,3382.4
548.9841,3524.9
549.0093,3611.9
549.0345,3480.9
549.0597,3545.6
549.0849,3547.1
549.1101,3540.4
549.1354,3376.4
549.1606,3600.0
549.1858,3284.8
549.2111,3302.2
549.2364,3385.4
549.2616,3391.3
549.2868,3622.2
549.3120,3403.8
549.3382,1800.7
549.3634,2416.6
549.3887,3335.2
549.4143,3458.7
549.4395,3499.0
549.4647,3357.5
549.4900,3679.4
549.5152,3407.2
549.5404,2882.3
549.5656,3358.1
549.5909,3294.4
549.6164,3260.4
549.6416,3574.2
549.6669,3339.7
549.6921,3511.7
549.7173,3344.5
549.7431,1548.5
549.7683,2452.3
549.7935,3227.4
549.8188,3094.1
549.8440,3344.7
549.8692,3097.4
549.8944,3295.0
549.9196,3283.2
549.9449,2988.1
549.9701,3156.8
549.9953,3374.3
550.0205,3096.5
550.0458,3205.7
550.0714,1899.8
550.0967,2347.6
550.1219,3438.8
550.1472,3485.0
550.1724,3199.6
550.1977,3387.1
550.2229,2932.1
550.2481,3224.3
550.2733,3127.7
550.2985,3273.2
550.3237,3209.6
550.3490,3335.4
550.3741,3403.9
550.4002,3428.3
550.4255,391.8
550.4507,3624.0
550.4759,3404.7
550.5012,3508.9
550.5264,3605.8
550.5516,3456.6
550.5768,3598.1
550.6021,3342.0
550.6273,3529.6
550.6525,3498.5
550.6777,3044.8
550.7034,3137.2
550.7286,3234.5
550.7538,3164.2
550.7794,2182.2
550.8047,1076.3
550.8299,3070.3
550.8551,3241.8
550.8804,3527.0
550.9055,3319.6
550.9307,3322.8
550.9559,3492.1
550.9811,3416.6
551.0063,3744.6
551.0315,3295.2
551.0567,3417.9
551.0820,3190.6
551.1074,3730.8
551.1326,3372.3
551.1578,580.6
551.1831,3415.0
551.2083,3421.5
551.2335,3313.5
551.2587,3310.7
551.2839,3589.4
551.3092,2572.6
551.3344,2988.2
551.3596,2994.6
551.3849,3358.8
551.4101,3398.9
551.4353,3331.0
551.4606,3505.5
551.4858,3187.0
551.5110,499.7
551.5362,3106.2
551.5614,3303.1
551.5867,3359.9
551.6119,3413.1
551.6375,3206.4
551.6627,3398.1
551.6880,3124.0
551.7132,2958.6
551.7384,3245.6
551.7636,3235.8
551.7889,3359.0
551.8141,3475.0
551.8397,3248.6
551.8650,759.4
551.8902,3242.0
551.9154,3325.6
551.9406,3275.3
551.9659,3191.6
551.9911,2963.5
552.0163,3149.7
552.0415,2953.3
552.0667,3365.0
552.0919,2781.4
552.1172,3280.3
552.1433,1196.4
552.1686,2065.8
552.1938,3458.1
552.2190,2991.4
552.2442,3169.6
552.2694,3327.0
552.2946,3247.7
552.3199,3084.8
552.3451,3277.7
552.3703,3429.0
552.3955,3209.0
552.4208,3081.1
552.4460,3230.4
552.4722,2581.7
552.4974,1323.4
552.5226,3308.6
552.5478,2862.1
552.5730,3143.1
552.5983,3298.6
552.6235,3007.7
552.6487,3459.6
552.6739,3251.3
552.6991,3361.9
552.7243,3224.6
552.7496,3219.4
552.7748,3145.4
552.8000,504.4
552.8252,3304.3
552.8504,3210.9
552.8757,3369.7
552.9009,3355.6
552.9261,3302.7
552.9513,3322.7
552.9765,3202.9
553.0018,3260.5
553.0270,2943.7
553.0522,3037.7
553.0774,3234.6
553.1026,3335.8
553.1287,1974.8
553.1539,1792.1
553.1792,3422.5
553.2044,3591.5
553.2296,3425.2
553.2548,3393.6
553.2801,3689.7
553.3053,3381.1
553.3305,3457.8
553.3557,3381.7
553.3809,3381.2
553.4061,3221.4
553.4314,3130.7
553.4567,3210.9
553.4820,3587.5
553.5082,2196.3
553.5334,1689.1
553.5586,3462.7
553.5839,3057.1
553.6091,3174.0
553.6343,2938.4
553.6596,3204.1
553.6853,3055.6
553.7111,3335.8
553.7373,3096.3
553.7626,3707.4
553.7878,3274.9
553.8131,3385.8
553.8383,401.9
553.8635,3287.6
553.8888,3280.4
553.9142,3220.5
553.9394,3692.1
553.9647,3349.0
553.9899,3610.0
554.0150,3040.6
554.0402,3207.4
554.0654,3276.0
554.0906,3422.2
554.1158,3225.1
554.1411,3120.2
554.1663,3189.9
554.1920,364.3
554.2172,3508.6
554.2425,3392.3
554.2677,3326.6
554.2933,3047.6
554.3185,3205.3
554.3437,3120.2
554.3689,3455.1
554.3941,3354.9
554.4193,3256.6
554.4448,3280.9
554.4700,3459.2
554.4952,3328.5
554.5212,2820.6
554.5464,1205.1
554.5716,3408.5
554.5969,3231.5
554.6224,3272.4
554.6476,3541.9
554.6728,3294.1
554.6981,3140.4
554.7233,2883.2
554.7485,3335.5
554.7737,3372.7
554.7989,3558.6
554.8241,3374.4
554.8493,3119.7
554.8749,2052.3
554.9001,1722.9
554.9253,3526.5
554.9506,3383.0
554.9758,3517.4
555.0010,3479.3
555.0265,3592.3
555.0518,3410.0
555.0770,3293.6
555.1021,3291.4
555.1273,3478.1
555.1529,3119.2
555.1781,3349.5
555.2033,3186.8
555.2286,3265.7
555.2538,754.6
555.2790,3100.5
555.3042,2747.0
555.3295,3384.9
555.3547,3029.5
555.3800,3350.2
555.4052,3390.6
555.4304,3401.5
555.4557,3166.9
555.4809,3295.9
555.5062,3345.4
555.5314,3171.4
555.5571,2824.3
555.5823,1120.0
555.6079,3466.6
555.6331,3502.0
555.6583,3328.8
555.6835,3624.1
555.7087,3338.1
555.7340,3401.3
555.7592,3250.8
555.7845,2947.8
555.8097,3394.2
555.8349,3299.3
555.8602,3379.2
555.8854,3254.5
555.9106,3385.0
555.9363,2170.9
555.9615,1885.4
555.9867,3455.9
556.0119,3232.3
556.0371,3375.9
556.0623,3385.4
556.0875,3345.0
556.1128,3270.8
556.1380,3316.0
556.1632,3463.4
556.1884,3161.5
556.2137,3208.4
556.2389,3358.3
556.2641,3375.6
556.2903,2902.4
556.3155,1157.2
556.3408,3448.4
556.3660,3346.2
556.3912,3485.9
556.4165,2903.9
556.4420,3015.4
556.4672,3013.2
556.4924,2777.5
556.5177,2962.7
556.5433,2823.7
556.5685,3192.8
556.5937,174.8
556.6189,3346.9
556.6445,3367.4
556.6697,3561.6
556.6949,3371.8
556.7201,3490.4
556.7454,3343.5
556.7708,3496.3
556.7961,3218.3
556.8213,3555.5
556.8465,3349.6
556.8717,3288.7
556.8969,3302.7
556.9222,3300.7
556.9482,3085.1
556.9734,428.3
556.9987,3212.0
557.0239,3160.5
557.0491,3134.9
557.0744,2764.8
557.0996,3541.1
557.1248,2800.9
557.1500,3760.4
557.1752,2920.9
557.2005,3268.7
557.2257,3438.3
557.2509,3313.0
557.2771,734.2
557.3023,3099.4
557.3275,3518.4
557.3527,3326.2
557.3780,3388.0
557.4032,3564.6
557.4284,3320.9
557.4536,3202.3
557.4788,3517.5
557.5040,3168.8
557.5292,3432.6
557.5549,3217.1
557.5801,3420.4
557.6053,3248.0
557.6305,3343.6
557.6563,758.5
557.6814,3086.4
557.7067,3626.7
557.7322,3117.2
557.7574,3091.9
557.7826,3059.7
557.8079,3290.7
557.8331,3347.2
557.8583,3258.6
557.8835,2921.3
557.9094,3016.6
557.9346,2969.6
557.9610,1732.4
557.9862,2074.7
558.0114,3491.3
558.0366,3305.2
558.0619,3365.6
558.0871,3285.0
558.1123,3217.7
558.1376,2618.0
558.1628,3537.4
558.1880,3487.6
558.2132,3272.0
558.2385,3130.3
558.2637,3175.6
558.2894,2758.7
558.3146,937.6
558.3398,3358.5
558.3650,3415.8
558.3903,2994.1
558.4155,3245.3
558.4407,3180.4
558.4660,3323.1
558.4912,3112.6
558.5164,3212.2
558.5416,3080.8
558.5669,3311.3
558.5921,3211.8
558.6183,2275.3
558.6436,1624.0
558.6688,3010.7
558.6940,3261.5
558.7193,3452.6
558.7445,3303.6
558.7697,3209.1
558.7949,3058.7
558.8201,3027.1
558.8454,3083.1
558.8706,3351.7
558.8958,3314.8
558.9210,3492.7
558.9473,1771.7
558.9726,2142.6
558.9978,2914.7
559.0230,3477.1
559.0482,3661.4
559.0734,3464.3
559.0987,3274.0
559.1239,3298.9
559.1491,3274.0
559.1743,3518.1
559.1996,3251.2
559.2248,3145.0
559.2504,3306.2
559.2756,3271.0
559.3008,3616.8
559.3266,381.4
559.3518,3607.1
559.3770,3452.1
559.4022,3771.0
559.4275,3327.2
559.4527,3472.5
559.4779,3389.6
559.5034,3030.9
559.5286,3427.8
559.5539,3314.4
559.5791,3136.0
559.6043,3497.9
559.6295,3376.2
559.6558,2919.4
559.6810,452.6
559.7062,2996.8
559.7314,2574.2
559.7566,3102.0
559.7819,2723.3
559.8071,2987.8
559.8323,2992.7
559.8575,2728.4
559.8828,3289.8
559.9081,2692.7
559.9333,3632.0
559.9585,495.6
559.9837,3806.1
560.0089,3489.5
560.0342,3406.2
560.0594,3424.1
560.0847,3588.0
560.1099,3561.4
560.1352,3392.4
560.1604,3244.9
560.1856,3400.9
560.2109,3336.7
560.2361,3090.8
560.2613,3172.8
560.2865,3553.5
560.3117,3436.4
560.3380,1432.1
560.3632,2566.2
560.3884,3721.6
560.4137,3399.4
560.4389,3285.0
560.4641,3633.7
560.4893,3475.8
560.5145,3330.2
560.5397,3543.8
560.5650,3265.6
560.5902,3544.8
560.6155,3142.2
560.6407,3219.6
560.6660,3201.6
560.6912,3679.9
560.7174,901.7
560.7426,2622.5
560.7678,3683.1
560.7930,3490.5
560.8182,3221.5
560.8434,3477.9
560.8687,3320.1
560.8939,3245.0
560.9191,3150.8
560.9443,3118.0
560.9696,3175.7
560.9948,3311.2
561.0200,3153.7
561.0463,2934.0
561.0715,1077.0
561.0967,3043.7
561.1220,3287.0
561.1472,3449.5
561.1724,3313.5
561.1976,3720.9
561.2229,3404.3
561.2481,3106.2
561.2733,3476.3
561.2985,3175.2
561.3238,3252.9
561.3490,3496.0
561.3742,3393.3
561.4004,2977.2
561.4256,733.6
561.4512,3499.4
561.4764,3347.3
561.5016,3232.6
561.5269,2937.3
561.5521,3068.7
561.5773,2923.3
561.6026,2842.2
561.6279,3416.3
561.6531,3425.7
561.6783,3282.1
561.7041,3468.1
561.7293,3600.2
561.7562,771.9
561.7814,3528.1
561.8066,2990.8
561.8319,3457.2
561.8571,3529.4
561.8823,2939.1
561.9078,2966.7
561.9330,2948.7
561.9584,3086.3
561.9836,2626.0
562.0088,3194.8
562.0348,2203.2
562.0600,581.9
562.0852,3513.4
562.1105,3308.2
562.1357,2951.1
562.1609,3207.3
562.1862,3253.3
562.2114,3433.2
562.2367,3210.5
562.2619,3234.8
562.2871,3345.1
562.3124,3254.0
562.3376,3320.5
562.3637,2992.7
562.3890,1000.5
562.4142,3477.5
562.4394,3310.6
562.4646,3390.8
562.4898,3217.8
562.5150,3164.1
562.5402,3442.2
562.5655,3352.5
562.5907,3192.2
562.6159,3381.2
562.6411,3296.4
562.6664,3326.0
562.6916,3232.3
562.7180,303.0
562.7435,3054.6
562.7687,3406.0
562.7939,3005.2
562.8192,3365.3
562.8444,3123.0
562.8697,2815.9
562.8949,3439.7
562.9201,2908.1
562.9453,3168.0
562.9705,3422.9
562.9958,3423.2
563.0220,1140.9
563.0472,3066.3
563.0727,3422.4
563.0979,3508.2
563.1231,3435.6
563.1483,3476.1
563.1736,3286.1
563.1988,3587.1
563.2241,3479.6
563.2493,3341.9
563.2745,3337.4
563.2997,3398.2
563.3250,3278.2
563.3502,3396.7
563.3754,3385.4
563.4014,3441.6
563.4266,329.5
563.4518,3632.3
563.4770,3291.6
563.5022,3292.0
563.5275,3637.8
563.5527,3266.7
563.5779,3343.0
563.6031,3397.1
563.6283,3276.9
563.6535,3527.4
563.6787,2919.4
563.7039,3049.7
563.7292,2854.4
563.7553,1806.9
563.7806,1737.5
563.8058,3669.9
563.8311,3491.9
563.8563,3242.3
563.8815,3669.4
563.9067,3333.5
563.9320,2967.2
563.9572,3339.4
563.9824,3473.0
564.0077,3512.1
564.0329,3282.3
564.0581,3438.2
564.0834,3378.6
564.1091,2273.0
564.1343,1504.1
564.1596,3458.9
564.1848,3419.9
564.2100,3332.9
564.2352,3828.7
564.2606,3202.5
564.2859,3354.7
564.3111,3396.5
564.3363,3279.0
564.3615,3582.7
564.3868,3386.4
564.4120,3354.7
564.4372,3344.4
564.4634,2685.1
564.4886,1308.1
564.5138,2919.5
564.5391,3552.7
564.5643,2333.4
564.5895,3069.3
564.6148,2459.8
564.6401,3287.5
564.6653,2913.9
564.6905,3368.6
564.7157,3141.2
564.7410,3440.2
564.7666,652.1
564.7918,3098.2
564.8169,3699.1
564.8422,3363.5
564.8674,3436.0
564.8927,3396.9
564.9179,3538.8
564.9431,3381.3
564.9683,3255.2
564.9936,3114.8
565.0188,3409.8
565.0440,3026.6
565.0695,3259.5
565.0947,3182.3
565.1205,3182.2
565.1457,344.4
565.1709,3677.7
565.1961,3542.0
565.2213,3746.5
565.2465,3582.4
565.2717,3429.0
565.2970,3639.0
565.3222,3051.1
565.3475,3150.1
565.3727,3477.0
565.3979,3266.6
565.4231,3207.5
565.4483,3577.1
565.4735,3426.9
565.4992,1682.0
565.5244,1982.8
565.5496,3419.4
565.5749,3227.2
565.6001,3219.2
565.6253,2942.5
565.6505,3194.3
565.6758,2956.4
565.7010,3372.9
565.7262,3496.7
565.7514,3291.4
565.7767,2820.1
565.8020,3361.2
565.8276,1229.1
565.8528,2654.4
565.8781,3568.1
565.9033,3374.0
565.9285,2916.2
565.9537,3617.2
565.9789,3445.2
566.0041,3657.7
566.0293,3144.8
566.0545,3369.3
566.0798,3118.1
566.1050,3460.9
566.1302,3529.3
566.1555,3307.4
566.1817,2399.1
566.2070,1369.7
566.2322,3107.4
566.2574,3502.1
566.2826,3388.4
566.3079,3012.8
566.3331,2638.8
566.3583,3151.9
566.3835,3148.4
566.4088,3245.9
566.4340,2922.6
566.4592,3367.6
566.4856,2909.5
566.5108,458.3
566.5360,3372.2
566.5613,2944.8
566.5865,3146.1
566.6118,3265.1
566.6370,3271.4
566.6622,3214.2
566.6874,2915.8
566.7129,3575.9
566.7383,3148.4
566.7635,3333.1
566.7887,3320.8
566.8150,1275.1
566.8403,2446.6
566.8657,3381.1
566.8909,3624.5
566.9162,2991.2
566.9414,3239.9
566.9666,2921.1
566.9918,3342.6
567.0170,2994.3
567.0423,3139.8
567.0675,3144.5
567.0927,3495.8
567.1180,3093.0
567.1437,308.2
567.1690,3206.9
567.1942,3527.4
567.2194,2788.7
567.2446,3264.4
567.2702,3413.8
567.2954,3240.0
567.3207,3130.2
567.3459,3284.2
567.3711,3210.0
567.3963,3282.3
567.4216,3232.3
567.4470,3366.7
567.4732,1698.8
567.4984,2240.5
567.5237,3468.0
567.5490,3453.6
567.5742,3378.5
567.5995,2948.3
567.6247,3301.5
567.6500,3277.1
567.6752,3222.4
567.7004,3350.8
567.7257,3349.7
567.7509,3238.8
567.7765,3319.5
567.8018,3327.0
567.8288,494.7
567.8540,3704.9
567.8792,3136.9
567.9044,3175.1
567.9297,3283.7
567.9549,3438.8
567.9801,3502.2
568.0053,3491.2
568.0305,3658.8
568.0557,3382.7
568.0809,3600.7
568.1061,3337.6
568.1314,3420.5
568.1566,3241.5
568.1830,1100.2
568.2083,2624.5
568.2335,3228.7
568.2587,3265.9
568.2839,3582.7
568.3092,3472.9
568.3344,3572.4
568.3596,3406.9
568.3848,3669.8
568.4101,3434.4
568.4353,3373.2
568.4605,3251.5
568.4857,3522.5
568.5110,3408.5
568.5362,3479.1
568.5619,884.8
568.5871,2965.7
568.6123,3601.7
568.6375,3444.5
568.6627,3540.9
568.6879,3496.9
568.7132,3130.2
568.7385,2846.9
568.7637,2723.7
568.7889,3324.5
568.8142,3441.3
568.8394,3186.2
568.8647,3521.1
568.8899,3455.9
568.9161,1551.5
568.9413,2477.3
568.9666,3231.9
568.9918,3213.6
569.0170,3353.9
569.0422,3239.7
569.0675,3344.8
569.0927,3244.1
569.1179,3167.3
569.1431,3061.9
569.1683,3211.4
569.1936,3080.2
569.2199,2919.3
569.2452,525.7
569.2704,3422.9
569.2956,3685.6
569.3208,3421.8
569.3460,3504.7
569.3713,3396.6
569.3965,3374.4
569.4217,2779.7
569.4469,3076.6
569.4721,3368.6
569.4974,3208.5
569.5226,3192.3
569.5478,3574.1
569.5730,3458.3
569.5983,761.5
569.6235,3179.7
569.6487,3248.8
569.6739,2981.9
569.6992,3006.6
569.7244,2684.2
569.7496,2854.4
569.7748,3052.5
569.8000,3127.6
569.8252,2988.6
569.8504,3136.5
569.8761,2846.9
569.9023,785.2
569.9276,2764.0
569.9529,3319.4
569.9781,3115.0
570.0035,3556.6
570.0287,3258.2
570.0540,3380.8
570.0792,3139.6
570.1044,3253.0
570.1297,3341.3
570.1549,3186.9
570.1801,3361.2
570.2053,3256.2
570.2315,904.3
570.2571,2946.8
570.2823,3441.2
570.3078,3258.8
570.3330,3334.4
570.3583,3072.4
570.3835,3241.2
570.4087,3407.0
570.4340,3168.5
570.4592,3396.5
570.4844,3556.1
570.5096,3424.8
570.5349,3406.3
570.5606,2132.4
570.5859,1492.4
570.6111,3246.3
570.6363,3468.6
570.6615,3358.1
570.6868,3577.0
570.7120,3293.3
570.7372,2944.1
570.7625,2966.8
570.7877,3378.8
570.8129,3287.4
570.8381,3497.1
570.8634,3370.6
570.8886,3793.6
570.9143,2061.5
570.9395,1740.7
570.9647,3650.9
570.9900,3022.8
571.0152,3550.5
571.0404,2926.4
571.0657,3309.6
571.0909,2504.4
571.1161,3235.1
571.1413,2840.4
571.1665,3345.3
571.1917,2671.2
571.2174,1020.1
571.2427,2844.9
571.2679,3349.6
571.2933,3673.7
571.3186,3413.3
571.3440,3198.8
571.3693,3339.1
571.3945,3388.4
571.4197,3209.6
571.4450,3153.5
571.4705,3441.1
571.4957,3189.6
571.5209,3291.5
571.5461,3558.7
571.5724,2521.8
571.5976,1492.7
571.6228,3431.9
571.6480,3396.7
571.6733,3610.4
571.6985,3444.0
571.7237,3403.6
571.7489,3645.8
571.7741,3455.1
571.7996,3059.0
571.8248,3331.6
571.8500,3267.9
571.8752,3154.3
571.9005,3210.3
571.9257,3527.1
571.9518,607.5
571.9771,2885.4
572.0023,3483.3
572.0275,3612.2
572.0527,3241.4
572.0779,3375.9
572.1031,3172.9
572.1284,3202.9
572.1536,3254.3
572.1788,3476.6
572.2041,2711.0
572.2293,3492.6
572.2545,2846.3
572.2797,474.7
572.3050,3248.0
572.3302,3474.1
572.3554,3329.7
572.3806,3301.7
572.4059,3404.5
572.4311,3671.7
572.4564,3248.9
572.4816,3357.3
572.5068,3380.2
572.5320,3328.2
572.5572,3444.4
572.5825,3311.7
572.6077,3511.5
572.6334,2171.4
572.6586,1539.4
572.6838,3230.3
572.7091,3001.1
572.7344,3313.2
572.7596,3531.3
572.7848,3421.2
572.8100,3226.8
572.8353,3357.2
572.8605,3447.5
572.8857,3526.9
572.9109,3416.0
572.9361,3324.2
572.9614,3421.7
572.9872,1632.5
573.0125,2590.5
573.0377,3634.5
573.0630,3322.5
573.0882,3227.9
573.1134,3109.6
573.1387,2874.4
573.1639,2725.0
573.1891,2881.6
573.2144,2702.5
573.2396,3195.2
573.2661,2082.3
573.2913,1380.1
573.3168,3436.2
573.3420,3545.8
573.3672,3493.1
573.3924,3533.8
573.4177,3405.7
573.4429,3402.8
573.4682,3630.9
573.4934,3449.4
573.5186,3358.1
573.5438,3465.9
573.5690,3225.7
573.5942,3530.5
573.6194,3199.3
573.6451,3005.9
573.6704,906.3
573.6956,3236.8
573.7208,3108.8
573.7460,2875.4
573.7712,3541.7
573.7964,3125.6
573.8217,3305.1
573.8468,3480.3
573.8721,3159.6
573.8973,3420.6
573.9225,3562.3
573.9477,3386.1
573.9729,3405.5
573.9991,1401.6
574.0243,2611.8
574.0496,3537.7
574.0748,3300.9
574.1000,3350.3
574.1253,3118.1
574.1509,3313.8
574.1761,3051.1
574.2013,2914.5
574.2266,3219.8
574.2518,3152.8
574.2770,3576.2
574.3022,3304.2
574.3274,3484.3
574.3537,976.1
574.3789,3096.9
574.4042,3312.0
574.4294,3202.1
574.4546,3322.0
574.4798,3406.2
574.5050,2935.6
574.5302,3502.1
574.5557,2797.3
574.5809,3496.6
574.6062,3116.2
574.6316,3297.0
574.6571,3580.2
574.6834,1354.3
574.7086,2556.5
574.7339,3690.3
574.7591,3304.5
574.7843,3152.7
574.8095,3393.3
574.8349,3074.8
574.8601,3290.7
574.8854,3022.7
574.9106,3355.2
574.9358,2984.7
574.9610,3352.5
574.9862,3403.5
575.0114,3517.0
575.0371,1027.3
575.0623,2825.7
575.0875,3245.5
575.1131,3062.2
575.1383,3362.8
575.1635,2930.7
575.1887,3051.9
575.2140,3102.2
575.2392,2886.2
575.2644,3132.5
575.2896,3053.9
575.3148,3098.1
575.3405,1237.7
575.3658,3046.7
575.3912,3456.3
575.4164,3336.1
575.4416,3612.0
575.4668,3124.7
575.4921,3343.7
575.5173,3175.5
575.5426,3386.9
575.5678,3374.1
575.5930,2955.8
575.6183,3154.4
575.6436,2927.5
575.6697,1359.0
575.6950,2404.5
575.7202,2673.7
575.7454,2936.5
575.7706,2973.9
575.7958,3264.7
575.8211,3319.6
575.8463,2987.4
575.8717,3442.4
575.8969,3059.1
575.9222,3290.4
575.9474,3623.5
575.9730,2596.9
575.9983,1578.3
576.0235,3379.1
576.0487,3710.3
576.0739,3306.9
576.0991,3409.3
576.1243,3330.2
576.1495,3256.3
576.1747,2915.4
576.2001,3282.8
576.2254,3159.2
576.2507,3087.1
576.2759,3602.7
576.3011,3450.3
576.3274,2006.5
576.3526,1868.1
576.3778,3498.7
576.4033,3235.5
576.4285,3490.4
576.4538,3287.5
576.4790,3265.5
576.5042,3439.9
576.5298,3202.7
576.5550,3387.2
576.5802,3335.6
576.6054,3567.2
576.6307,3351.8
576.6559,2805.7
576.6811,3377.4
576.7065,705.2
576.7317,2946.6
576.7573,3165.9
576.7825,2596.5
576.8078,2967.4
576.8330,3644.1
576.8582,3196.1
576.8835,2562.4
576.9087,3121.2
576.9339,3098.9
576.9591,3162.4
576.9853,2198.0
577.0106,1638.2
577.0358,3402.0
577.0610,3638.5
577.0862,3411.3
577.1114,3419.3
577.1369,3203.9
577.1621,3214.6
577.1874,3221.2
577.2126,3359.1
577.2378,3440.7
577.2631,3097.8
577.2883,3180.1
577.3134,3384.3
577.3387,3285.6
577.3643,1267.5
577.3895,2874.6
577.4147,3652.7
577.4400,3454.8
577.4652,3337.4
577.4904,3626.0
577.5157,3454.1
577.5411,3064.1
577.5663,3618.0
577.5915,3343.0
577.6168,3550.0
577.6420,3207.7
577.6672,3517.1
577.6924,3343.4
577.7176,3643.9
577.7438,2741.3
577.7690,1111.5
577.7945,3435.8
577.8198,3494.6
577.8451,3377.8
577.8703,3537.9
577.8955,3321.6
577.9208,3578.4
577.9460,3067.1
577.9712,3583.8
577.9964,3514.5
578.0216,3398.6
578.0469,3371.2
578.0721,3659.7
578.0973,3520.1
578.1225,3417.9
578.1477,3456.3
578.1729,214.7
578.1981,3722.0
578.2234,3478.3
578.2486,3675.0
578.2738,3421.6
578.2990,3555.7
578.3242,3385.6
578.3495,3655.9
578.3747,3458.6
578.3999,3532.3
578.4251,3258.5
578.4503,3512.6
578.4755,3340.7
578.5007,3475.1
578.5260,3421.5
578.5512,3232.4
578.5774,1928.6
578.6027,1758.5
578.6279,3416.7
578.6536,2908.7
578.6793,3344.3
578.7045,3029.5
578.7297,3292.5
578.7549,3322.3
578.7802,3087.8
578.8054,3088.4
578.8306,3378.8
578.8559,3402.0
578.8811,3494.4
578.9064,3278.2
578.9316,3269.4
578.9572,783.2
578.9824,3152.1
579.0077,3584.7
579.0329,3250.2
579.0581,3298.7
579.0833,2965.4
579.1086,3132.2
579.1338,3258.6
579.1590,3260.1
579.1842,2775.2
579.2094,3466.3
579.2347,3278.3
579.2603,2528.1
579.2856,1291.4
579.3108,3327.1
579.3360,3253.5
579.3612,3463.1
579.3869,3540.2
579.4121,3523.9
579.4377,3243.7
579.4629,3014.9
579.4882,2996.7
579.5134,3114.1
579.5386,2940.3
579.5638,2979.5
579.5890,3392.4
579.6154,1510.1
579.6406,2499.0
579.6659,3243.3
579.6911,3522.2
579.7163,2777.1
579.7419,3067.0
579.7671,3330.2
579.7923,3091.8
579.8175,3242.6
579.8428,3186.2
579.8680,3226.4
579.8932,2914.1
579.9188,3219.7
579.9440,282.4
579.9692,3327.4
579.9944,3478.1
580.0196,3512.0
580.0449,3047.4
580.0701,3529.0
580.0953,3333.9
580.1206,3126.2
580.1458,3291.0
580.1710,3059.0
580.1962,3409.3
580.2215,3180.4
580.2467,3336.9
580.2719,3446.4
580.2982,1249.8
580.3234,2706.0
580.3487,3354.4
580.3739,3206.6
580.3991,3035.1
580.4244,3385.2
580.4496,3364.1
580.4748,3389.8
580.5001,3697.1
580.5253,3383.0
580.5505,3270.1
580.5761,3037.7
580.6014,3399.9
580.6271,1808.1
580.6523,1875.8
580.6775,3429.6
580.7028,3143.3
580.7282,3311.0
580.7534,3454.1
580.7786,3389.5
580.8038,3361.1
580.8290,3054.6
580.8542,3249.8
580.8795,3480.3
580.9047,3287.6
580.9299,3417.4
580.9551,3264.1
580.9808,1215.2
581.0060,2817.7
581.0312,3313.8
581.0564,3405.1
581.0816,3371.0
581.1069,3387.1
581.1321,3620.8
581.1573,3299.1
581.1826,3138.1
581.2078,3370.5
581.2330,3345.9
581.2582,3566.4
581.2835,3291.3
581.3087,3344.0
581.3349,963.1
581.3601,2985.7
581.3853,3531.0
581.4106,3783.2
581.4358,3451.3
581.4610,3578.5
581.4862,3205.3
581.5114,3252.4
581.5366,3303.1
581.5620,3463.5
581.5872,2954.7
581.6124,3456.9
581.6376,2911.4
581.6628,3249.3
581.6889,3024.1
581.7141,915.5
581.7394,3436.9
581.7650,3534.8
581.7902,3552.9
581.8154,3492.9
581.8409,2887.2
581.8665,3333.6
581.8917,3093.2
581.9169,3212.6
581.9422,2960.3
581.9673,3160.6
581.9925,3314.9
582.0178,3076.8
582.0445,494.4
582.0697,3591.2
582.0949,3402.2
582.1201,3343.8
582.1453,3220.0
582.1705,3233.4
582.1957,3526.7
582.2209,3272.4
582.2461,3305.9
582.2714,3267.0
582.2966,3338.0
582.3222,3086.4
582.3474,3565.7
582.3727,3473.5
582.3989,1883.6
582.4242,2270.9
582.4494,3240.6
582.4746,3025.6
582.4998,3232.9
582.5250,3365.8
582.5502,2925.6
582.5755,3088.8
582.6007,3470.2
582.6259,3395.3
582.6512,3378.1
582.6764,3609.4
582.7016,3381.8
582.7273,2634.8
582.7525,1423.2
582.7777,3286.7
582.8030,3222.1
582.8282,3407.1
582.8534,3103.4
582.8787,3047.4
582.9039,2836.3
582.9291,2952.1
582.9543,3183.1
582.9795,2660.2
583.0048,3122.9
583.0304,1594.3
583.0556,1668.4
583.0809,3217.2
583.1061,3085.5
583.1313,3120.9
583.1565,2993.7
583.1817,3028.6
583.2069,3061.7
583.2321,3285.0
583.2574,3157.4
583.2826,3315.6
583.3078,3322.2
583.3333,3188.8
583.3595,2134.5
583.3847,1846.7
583.4099,3473.9
583.4352,3092.0
583.4604,3129.4
583.4856,3282.3
583.5109,3200.1
583.5361,2808.1
583.5613,3456.3
583.5866,3306.5
583.6118,3114.9
583.6370,3393.5
583.6623,3584.6
583.6875,3482.6
583.7131,781.8
583.7383,2849.1
583.7635,3381.4
583.7888,3293.6
583.8140,3266.6
583.8392,3328.4
583.8644,2996.2
583.8897,3014.5
583.9149,2956.8
583.9402,3344.7
583.9654,3322.1
583.9905,3519.7
584.0157,3370.0
584.0420,2469.8
584.0672,1444.3
584.0925,3484.6
584.1177,3405.5
584.1429,3359.1
584.1681,3565.2
584.1934,3193.9
584.2186,3354.8
584.2438,3282.4
584.2691,3256.4
584.2943,3378.8
584.3195,3260.2
584.3447,3394.2
584.3699,2979.0
584.3956,701.5
584.4209,2876.9
584.4461,2878.1
584.4713,3261.4
584.4965,2995.9
584.5218,3169.5
584.5470,2809.7
584.5722,3292.5
584.5975,3134.9
584.6227,2910.1
584.6479,3339.3
584.6731,3671.9
584.6983,557.2
584.7235,3332.3
584.7488,3421.1
584.7739,3660.5
584.7992,3305.4
584.8244,3383.9
584.8496,3354.2
584.8749,3207.5
584.9001,3337.4
584.9253,3380.6
584.9505,3171.4
584.9760,3313.5
585.0012,3554.4
585.0264,3352.7
585.0527,949.6
585.0780,2998.2
585.1032,3737.8
585.1284,3451.7
585.1536,3406.0
585.1789,3258.3
585.2041,3363.9
585.2295,3313.5
585.2549,3141.8
585.2802,3531.6
585.3054,3263.6
585.3306,3390.9
585.3559,3262.4
585.3811,3547.4
585.4073,3075.5
585.4325,996.0
585.4577,3687.1
585.4830,3492.2
585.5081,3335.2
585.5333,3441.8
585.5585,3803.1
585.5838,3481.9
585.6091,3319.1
585.6343,3514.8
585.6595,3264.9
585.6847,3205.9
585.7099,3552.9
585.7351,3384.9
585.7603,3294.6
585.7864,1455.5
585.8116,2068.1
585.8369,3338.0
585.8621,3259.7
585.8874,3431.9
585.9126,3080.1
585.9379,3463.6
585.9631,3313.9
585.9883,3453.8
586.0135,3299.7
586.0388,3329.1
586.0640,3069.6
586.0892,3138.9
586.1154,1985.2
586.1408,1799.9
586.1659,3361.7
586.1912,2939.1
586.2164,3265.0
586.2416,2797.7
586.2669,3117.0
586.2921,2586.4
586.3174,3166.5
586.3426,3027.3
586.3678,2846.9
586.3930,3314.9
586.4199,444.6
586.4457,3420.6
586.4709,3538.3
586.4962,3378.9
586.5214,3526.7
586.5466,3324.7
586.5718,3530.6
586.5970,3240.1
586.6223,3338.7
586.6475,3260.9
586.6727,3430.9
586.6980,3240.7
586.7236,2924.3
586.7489,3506.5
586.7746,941.5
586.7998,2902.0
586.8250,3529.1
586.8502,3281.9
586.8754,3235.2
586.9007,2637.1
586.9259,3262.6
586.9511,2696.2
586.9764,3189.2
587.0016,3189.7
587.0268,3221.1
587.0520,3449.3
587.0777,1909.9
587.1029,1926.1
587.1285,2941.8
587.1537,3195.4
587.1789,3284.6
587.2042,3181.0
587.2297,3480.2
587.2549,3443.3
587.2802,3005.7
587.3054,3117.2
587.3310,2750.4
587.3562,2964.4
587.3824,2896.2
587.4076,643.3
587.4331,3440.9
587.4584,3440.2
587.4836,3315.8
587.5088,3226.9
587.5341,3430.1
587.5593,3003.0
587.5845,3327.6
587.6098,3149.6
587.6350,3215.0
587.6602,3308.9
587.6854,3273.3
587.7107,3219.4
587.7359,590.0
587.7611,3059.4
587.7863,2904.0
587.8116,3293.8
587.8368,3098.3
587.8620,3010.7
587.8873,3247.7
587.9125,2951.4
587.9377,3256.0
587.9629,3371.9
587.9882,3515.9
588.0134,3413.1
588.0386,3379.4
588.0647,1680.0
588.0899,2393.5
588.1151,3605.4
588.1403,3458.9
588.1655,3311.2
588.1907,3633.4
588.2160,3382.7
588.2412,3176.5
588.2664,3432.1
588.2916,3260.2
588.3169,3297.6
588.3427,3448.4
588.3679,3562.5
588.3931,3474.7
588.4183,3505.5
588.4446,1636.1
588.4698,2374.6
588.4951,3468.4
588.5204,3502.1
588.5456,3654.1
588.5709,3429.7
588.5961,3187.3
588.6213,3386.7
588.6466,3261.6
588.6718,3372.7
588.6971,3262.8
588.7223,3114.5
588.7477,3298.5
588.7729,3414.1
588.7982,3403.8
588.8239,1139.3
588.8491,2728.0
588.8744,3422.2
588.8998,2690.5
588.9251,3133.0
588.9506,2949.8
588.9759,2823.4
589.0011,3270.8
589.0263,3031.4
589.0519,3283.6
589.0775,3531.9
589.1028,3545.2
589.1279,240.7
589.1532,3621.8
589.1784,3208.3
589.2036,3712.0
589.2289,3438.2
589.2541,3515.9
589.2793,3680.8
589.3045,3444.8
589.3298,3234.1
589.3550,3512.2
589.3802,3144.5
589.4054,3234.5
589.4307,3413.6
589.4559,3355.6
589.4811,3849.5
589.5069,2941.3
589.5321,901.8
589.5573,3650.1
589.5826,3363.7
589.6080,3472.4
589.6332,3706.9
589.6585,3427.4
589.6837,3582.9
589.7089,3331.5
589.7341,3613.5
589.7593,3449.6
589.7845,3472.7
589.8098,3336.7
589.8349,3361.0
589.8601,3373.2
589.8856,3455.8
589.9109,3380.8
589.9376,554.5
589.9628,3640.8
589.9881,3311.4
590.0133,3240.2
590.0385,2990.9
590.0637,3304.6
590.0890,3009.0
590.1142,3514.1
590.1394,3251.6
590.1650,3320.8
590.1902,3415.8
590.2155,3409.9
590.2408,3243.1
590.2660,3213.5
590.2922,1784.0
590.3175,1511.2
590.3427,3095.9
590.3679,3611.6
590.3931,2756.4
590.4184,3744.4
590.4435,3267.2
590.4688,3562.8
590.4940,3565.3
590.5192,3345.8
590.5444,3365.1
590.5696,3273.9
590.5948,3433.7
590.6200,3646.3
590.6463,2869.1
590.6715,1138.3
590.6968,3514.0
590.7220,3250.4
590.7472,3719.6
590.7724,3176.5
590.7976,3436.2
590.8229,3328.0
590.8481,3285.0
590.8733,3271.7
590.8985,3684.5
590.9237,3246.2
590.9489,3455.1
590.9742,2874.2
590.9998,2110.8
591.0251,1715.4
591.0503,3206.2
591.0755,3341.4
591.1007,3276.7
591.1259,3399.0
591.1512,2738.4
591.1764,3346.1
591.2016,2975.1
591.2269,3172.0
591.2521,2942.9
591.2773,3644.6
591.3025,3314.4
591.3282,1574.8
591.3534,2284.4
591.3787,3419.4
591.4039,3409.7
591.4291,3428.8
591.4544,3287.0
591.4796,3301.5
591.5048,3464.3
591.5301,3081.7
591.5553,3303.3
591.5805,3168.6
591.6058,3051.0
591.6310,2771.0
591.6568,1431.1
591.6819,2288.2
591.7072,3658.2
591.7324,2923.8
591.7577,3621.9
591.7829,3378.4
591.8081,2986.9
591.8333,3322.5
591.8586,3349.6
591.8838,3125.4
591.9090,3209.3
591.9343,3305.0
591.9600,2923.8
591.9852,371.4
592.0107,3531.4
592.0360,3196.7
592.0612,3610.5
592.0864,3022.3
592.1117,3417.5
592.1369,3392.5
592.1622,3364.1
592.1874,3138.8
592.2127,3283.1
592.2379,3158.3
592.2631,3323.1
592.2893,2505.4
592.3145,1394.4
592.3398,3504.5
592.3653,3404.7
592.3905,3530.8
592.4157,3442.6
592.4410,3214.7
592.4662,3084.3
592.4915,2795.4
592.5167,3310.0
592.5419,3096.4
592.5671,3124.3
592.5923,3236.7
592.6184,1262.1
592.6437,2293.5
592.6689,3268.7
592.6941,3282.4
592.7193,2945.2
592.7446,3237.0
592.7698,3237.3
592.7950,3163.6
592.8203,3042.3
592.8455,3309.3
592.8708,3135.8
592.8960,3312.6
592.9221,2556.0
592.9473,1396.2
592.9726,3397.7
592.9978,3584.5
593.0230,3254.6
593.0482,3075.5
593.0734,3013.0
593.0986,3258.5
593.1242,2639.3
593.1494,3450.9
593.1746,2649.5
593.1999,3609.2
593.2255,2549.2
593.2507,740.8
593.2759,3255.1
593.3011,2984.9
593.3263,3348.0
593.3519,3333.9
593.3771,3290.8
593.4027,3377.7
593.4280,3607.7
593.4532,3384.9
593.4784,3252.3
593.5036,3440.3
593.5288,3696.9
593.5540,3155.9
593.5796,3493.0
593.6048,279.8
593.6300,3648.8
593.6552,3393.4
593.6806,3335.2
593.7059,3646.2
593.7311,3236.3
593.7563,3301.3
593.7815,3346.3
593.8071,3440.3
593.8323,3277.3
593.8575,3416.4
593.8827,3687.4
593.9079,3389.5
593.9331,3357.3
593.9591,2848.7
593.9843,1113.1
594.0096,3409.3
594.0348,3650.3
594.0600,3213.6
594.0853,3372.6
594.1105,3354.6
594.1357,3259.9
594.1610,3098.0
594.1862,3481.3
594.2116,3160.9
594.2369,3023.8
594.2621,3443.5
594.2873,3100.0
594.3128,374.3
594.3380,3594.0
594.3632,2780.9
594.3884,3340.4
594.4137,2979.6
594.4389,3001.1
594.4641,2906.2
594.4897,3189.8
594.5150,3062.3
594.5402,3500.9
594.5654,3165.0
594.5906,3240.4
594.6158,420.9
594.6410,3229.9
594.6663,3348.5
594.6915,3053.0
594.7167,3370.0
594.7422,3289.7
594.7675,3141.1
594.7930,3365.7
594.8182,3013.6
594.8435,3220.9
594.8687,2973.9
594.8940,3133.2
594.9199,560.3
594.9451,3382.1
594.9703,3432.7
594.9955,3531.4
595.0208,3680.0
595.0460,3223.5
595.0712,3095.7
595.0965,3625.9
595.1219,3157.4
595.1472,3057.0
595.1723,3451.1
595.1976,3328.9
595.2228,3340.3
595.2489,2853.4
595.2742,909.8
595.2994,3247.1
595.3246,3102.6
595.3500,2925.3
595.3752,3384.8
595.4005,3229.6
595.4257,3218.0
595.4509,2930.6
595.4762,3132.4
595.5014,3292.0
595.5266,3257.3
595.5519,3725.7
595.5779,309.5
595.6031,3648.5
595.6283,3326.7
595.6535,3361.3
595.6788,3377.9
595.7040,3206.3
595.7292,3373.3
595.7544,3328.6
595.7797,3403.7
595.8049,2996.0
595.8301,3133.6
595.8554,3533.6
595.8806,3365.1
595.9063,2479.9
595.9315,1365.5
595.9568,3469.0
595.9819,3705.8
596.0072,3448.5
596.0324,3439.1
596.0576,3740.1
596.0828,3275.2
596.1080,3143.9
596.1332,3194.6
596.1585,3208.0
596.1837,3465.1
596.2089,3398.6
596.2341,3364.8
596.2593,3634.5
596.2856,1725.4
596.3108,2078.9
596.3360,3457.8
596.3612,3215.5
596.3864,3683.6
596.4116,3515.0
596.4368,3719.5
596.4621,3454.2
596.4873,3273.8
596.5132,3434.5
596.5384,3516.1
596.5636,3421.8
596.5889,3470.6
596.6141,3326.0
596.6393,3558.0
596.6646,3287.4
596.6898,425.9
596.7150,3324.8
596.7402,3545.1
596.7654,3498.6
596.7906,3362.8
596.8159,3488.7
596.8411,3351.2
596.8663,3590.5
596.8916,3432.9
596.9168,3535.8
596.9420,3372.9
596.9672,3071.7
596.9924,3547.7
597.0176,3449.5
597.0428,3477.8
597.0681,3486.8
597.0944,2652.4
597.1196,1275.7
597.1449,3462.6
597.1701,3547.1
597.1953,3396.0
597.2206,3618.6
597.2458,3390.3
597.2711,3531.9
597.2963,3229.9
597.3216,3342.7
597.3468,3439.7
597.3720,3215.6
597.3972,3417.7
597.4225,3115.3
597.4477,3469.0
597.4729,3387.8
597.4987,2415.9
597.5239,1247.6
597.5491,3443.2
597.5744,3617.6
597.5996,3275.8
597.6248,3381.5
597.6501,3493.9
597.6753,3101.4
597.7005,3434.3
597.7257,3117.6
597.7509,3092.4
597.7761,2823.5
597.8013,3399.7
597.8265,3007.3
597.8518,3316.8
597.8774,1730.3
597.9026,2281.1
597.9279,3390.8
597.9531,3300.0
597.9783,2795.7
598.0037,3566.4
598.0289,2974.2
598.0541,3359.0
598.0793,3278.9
598.1049,3412.3
598.1301,3535.8
598.1553,3325.0
598.1808,3542.2
598.2060,3506.3
598.2318,364.4
598.2570,3535.5
598.2823,3372.2
598.3075,3608.8
598.3327,3404.5
598.3579,3320.5
598.3835,3466.1
598.4087,3180.0
598.4340,3168.1
598.4593,3060.8
598.4845,3515.8
598.5097,3110.5
598.5349,3303.6
598.5601,3125.8
598.5854,3764.5
598.6106,437.0
598.6361,3069.9
598.6613,3001.7
598.6866,3256.8
598.7118,2753.1
598.7370,3545.1
598.7623,2796.5
598.7875,2857.5
598.8127,2916.6
598.8379,3434.2
598.8634,3256.7
598.8897,614.0
598.9149,3104.1
598.9401,3289.7
598.9653,2864.5
598.9905,3629.5
599.0158,3294.1
599.0410,3269.6
599.0662,3193.0
599.0914,3261.5
599.1168,3126.3
599.1421,3146.2
599.1673,2665.6
599.1935,2783.6
599.2188,906.7
599.2440,3475.3
599.2692,3474.6
599.2944,3499.0
599.3197,3631.1
599.3449,3439.8
599.3701,3467.6
599.3953,3100.8
599.4206,3443.1
599.4458,3344.4
599.4710,3410.7
599.4963,3312.2
599.5215,3191.5
599.5468,3141.7
599.5723,3177.5
599.5975,849.0
599.6228,3294.8
599.6480,3021.9
599.6732,3105.3
599.6984,2672.3
599.7237,3172.7
599.7489,3442.0
599.7741,3103.6
599.7994,3149.5
599.8246,3416.7
599.8498,3406.9
599.8750,3174.5
599.9006,1168.4
599.9259,2660.9
599.9511,3327.3
599.9763,3290.1
600.0015,3407.8
600.0267,3355.1
600.0520,3263.4
600.0775,2454.3
600.1028,3350.2
600.1280,3165.0
600.1532,2816.8
600.1784,2788.2
600.2041,3406.2
600.2293,568.4
600.2545,3549.9
600.2798,3145.3
600.3050,3280.1
600.3303,3362.5
600.3554,3074.7
600.3807,3436.5
600.4059,3420.7
600.4311,3282.8
600.4566,2909.8
600.4819,3153.1
600.5071,3199.4
600.5323,3201.4
600.5587,486.0
600.5839,3357.9
600.6091,3481.2
600.6344,3401.4
600.6596,3221.7
600.6848,3215.7
600.7100,3361.1
600.7353,3029.5
600.7605,3409.9
600.7858,3496.2
600.8113,3388.1
600.8366,3366.7
600.8618,3422.2
600.8881,2978.8
600.9134,907.9
600.9386,3608.7
600.9638,3346.7
600.9890,3424.8
601.0142,3379.4
601.0395,3542.9
601.0647,3143.8
601.0899,3341.4
601.1151,3367.9
601.1404,3373.6
601.1656,3244.7
601.1908,3543.1
601.2160,3343.6
601.2415,3586.7
601.2676,2202.3
601.2929,1758.9
601.3181,3372.2
601.3433,3702.7
601.3685,3424.3
601.3939,3527.8
601.4191,3596.5
601.4443,3292.9
601.4695,3430.0
601.4947,3075.8
601.5200,3275.9
601.5452,3402.2
601.5704,3365.2
601.5960,3388.6
601.6213,3784.9
601.6474,2367.0
601.6726,1471.7
601.6979,3395.9
601.7231,3266.6
601.7483,3172.8
601.7735,3160.8
601.7987,3175.4
601.8240,2704.4
601.8492,3256.8
601.8744,3258.1
601.8996,3476.7
601.9249,3409.9
601.9501,3575.4
601.9753,3434.9
602.0015,2331.1
602.0267,1507.5
602.0521,3369.4
602.0773,3106.2
602.1026,3175.1
602.1278,2909.6
602.1530,3112.2
602.1786,2685.6
602.2039,3296.3
602.2291,2680.5
602.2543,3224.9
602.2796,2685.4
602.3054,216.3
602.3306,3657.4
602.3558,3236.3
602.3810,3207.9
602.4062,3107.9
602.4314,3316.3
602.4567,3544.0
602.4819,2918.2
602.5072,3635.8
602.5324,3245.2
602.5576,3403.6
602.5829,3394.6
602.6081,3556.9
602.6333,3432.5
602.6591,1096.1
602.6843,2459.2
602.7095,3642.9
602.7348,3483.7
602.7600,3399.6
602.7852,3630.1
602.8104,3485.8
602.8356,3364.6
602.8612,3569.4
602.8868,3088.9
602.9120,3514.4
602.9372,3316.7
602.9624,3640.8
602.9876,3328.3
603.0129,3703.6
603.0391,2592.2
603.0643,1276.6
603.0895,3461.4
603.1148,3109.1
603.1400,3365.6
603.1652,2869.8
603.1904,3469.0
603.2156,3359.1
603.2409,3585.1
603.2661,3203.2
603.2913,3318.5
603.3165,3301.4
603.3420,2819.2
603.3682,2873.3
603.3934,730.9
603.4186,3371.9
603.4439,3189.0
603.4691,2845.5
603.4943,2926.7
603.5196,2525.7
603.5448,3277.2
603.5700,3048.8
603.5953,3240.2
603.6208,3333.1
603.6465,3281.2
603.6727,1634.7
603.6980,2362.5
603.7232,3232.2
603.7484,3379.5
603.7736,3278.8
603.7991,3205.6
603.8243,3463.1
603.8495,3362.3
603.8747,3408.9
603.9004,3091.9
603.9256,3230.3
603.9508,3081.3
603.9761,3189.4
604.0023,2310.5
604.0275,1740.6
604.0528,3572.5
604.0780,3404.3
604.1032,3322.0
604.1284,3490.2
604.1541,2940.6
604.1793,2949.0
604.2045,3186.1
604.2297,3421.0
604.2549,2825.8
604.2804,3165.0
604.3056,2999.4
604.3318,927.5
604.3571,2656.4
604.3823,3055.2
604.4075,3620.4
604.4328,2769.1
604.4580,3442.4
604.4832,3306.1
604.5084,3247.8
604.5336,3158.3
604.5589,3020.3
604.5841,3257.3
604.6093,3297.4
604.6354,2931.5
604.6607,880.9
604.6859,3446.0
604.7111,3357.8
604.7363,3289.7
604.7616,3454.1
604.7868,3156.7
604.8120,3390.2
604.8372,3296.5
604.8624,3101.4
604.8877,3307.0
604.9132,3276.4
604.9384,3573.9
604.9645,2690.6
604.9897,1054.0
605.0156,3246.9
605.0409,3474.3
605.0661,3367.7
605.0915,3599.5
605.1167,3333.8
605.1420,3636.1
605.1672,2972.1
605.1925,3184.5
605.2177,3279.3
605.2429,3329.4
605.2682,3235.3
605.2941,3267.4
605.3193,3553.9
605.3445,618.6
605.3697,3208.9
605.3949,3674.7
605.4201,3326.1
605.4454,3357.5
605.4706,3654.6
605.4959,3367.6
605.5211,3364.6
605.5463,3062.3
605.5716,3288.5
605.5971,3255.3
605.6223,3322.3
605.6475,3482.9
605.6728,3594.6
605.6980,3454.8
605.7241,1283.1
605.7494,2560.3
605.7746,3625.1
605.7998,3542.4
605.8250,3618.2
605.8503,3512.4
605.8758,3562.3
605.9010,3638.5
605.9263,3330.7
605.9515,3554.2
605.9768,3141.1
606.0019,3554.8
606.0272,3265.4
606.0524,3592.5
606.0776,3428.3
606.1029,3660.6
606.1286,1581.7
606.1538,2231.8
606.1790,3449.4
606.2044,3534.5
606.2297,3623.9
606.2549,3457.3
606.2801,3715.7
606.3053,3350.9
606.3305,3551.6
606.3557,3432.5
606.3810,3554.3
606.4062,3383.4
606.4317,3242.8
606.4569,3545.5
606.4821,3434.2
606.5084,3369.5
606.5340,2406.0
606.5592,1773.2
606.5845,3390.6
606.6097,3686.2
606.6349,3285.2
606.6601,3818.2
606.6853,3294.9
606.7105,3371.8
606.7358,3401.3
606.7610,3390.4
606.7866,2844.0
606.8119,3286.2
606.8371,3084.8
606.8623,3456.1
606.8875,3426.3
606.9132,2392.3
606.9384,1534.9
606.9637,3474.5
606.9889,2963.9
607.0142,2973.2
607.0394,2982.1
607.0646,2968.8
607.0899,2924.0
607.1151,2898.4
607.1403,3102.9
607.1663,2910.1
607.1919,3298.0
607.2175,1340.5
607.2427,1710.8
607.2679,3334.3
607.2932,3362.9
607.3184,3122.6
607.3436,3241.7
607.3692,3229.9
607.3944,3094.4
607.4196,3182.7
607.4449,3308.6
607.4701,3406.6
607.4953,3259.1
607.5205,3366.0
607.5467,2759.9
607.5720,1074.8
607.5983,3451.6
607.6235,3268.2
607.6493,3407.9
607.6745,3452.1
607.7003,2955.8
607.7259,2546.8
607.7511,3478.4
607.7763,3204.6
607.8015,3246.0
607.8269,3328.7
607.8521,3496.3
607.8772,3492.2
607.9033,1252.2
607.9285,2784.2
607.9537,3634.1
607.9790,3381.1
608.0042,3473.5
608.0294,3344.9
608.0546,3255.4
608.0798,3252.8
608.1051,3212.2
608.1303,3094.8
608.1555,3205.6
608.1807,3719.9
608.2059,3343.1
608.2311,3363.7
608.2573,1325.4
608.2825,1972.2
608.3078,3485.3
608.3330,2609.8
608.3582,3155.2
608.3834,2945.2
608.4086,2841.3
608.4339,2990.9
608.4591,2954.2
608.4843,3208.2
608.5097,3377.8
608.5350,3332.2
608.5612,1550.7
608.5864,2617.9
608.6116,3543.8
608.6368,3071.0
608.6620,3647.7
608.6872,3562.9
608.7124,3333.2
608.7376,3555.1
608.7628,3123.3
608.7880,3352.2
608.8132,3262.8
608.8385,3401.9
608.8637,3284.1
608.8889,3309.0
608.9143,3379.7
608.9407,1140.2
608.9659,2562.3
608.9913,3365.8
609.0165,3063.4
609.0418,3218.7
609.0670,3027.0
609.0922,3052.2
609.1175,3565.9
609.1427,2772.2
609.1679,2658.5
609.1932,3097.5
609.2184,3037.6
609.2447,1401.5
609.2699,2287.9
609.2951,3112.4
609.3203,3628.0
609.3456,3403.1
609.3708,3092.4
609.3961,3054.6
609.4214,3344.7
609.4467,3287.3
609.4719,3374.1
609.4971,3329.8
609.5223,3270.1
609.5475,3391.6
609.5728,3351.3
609.5988,1834.4
609.6242,2307.0
609.6494,3445.6
609.6747,3132.7
609.6999,3171.2
609.7252,3253.7
609.7508,3337.5
609.7760,2930.8
609.8013,3131.1
609.8265,3215.2
609.8517,3191.8
609.8769,3570.8
609.9021,3485.9
609.9283,2372.8
609.9536,1342.1
609.9788,3199.6
610.0040,3454.9
610.0292,3284.4
610.0545,3268.2
610.0800,2515.7
610.1053,3242.5
610.1307,2797.1
610.1560,3220.0
610.1812,2775.9
610.2064,2806.8
610.2322,822.8
610.2574,2967.9
610.2826,3568.0
610.3078,3321.6
610.3331,3052.7
610.3583,3473.4
610.3835,3403.4
610.4087,3368.0
610.4340,3221.6
610.4592,3614.5
610.4844,3310.3
610.5096,3235.3
610.5348,3622.8
610.5600,3376.7
610.5863,2108.1
610.6115,1584.8
610.6367,3416.8
610.6620,3505.4
610.6872,3604.7
610.7124,3346.0
610.7376,3459.4
610.7631,2996.0
610.7884,3431.7
610.8136,3362.3
610.8389,3308.3
610.8641,3492.5
610.8893,3192.5
610.9145,3461.8
610.9397,3448.7
610.9653,2509.0
610.9905,1275.1
611.0157,3393.3
611.0410,3108.0
611.0662,2775.1
611.0914,3131.0
611.1167,3292.7
611.1419,3093.2
611.1671,3351.4
611.1923,3598.9
611.2175,3156.0
611.2427,3223.3
611.2679,3152.0
611.2942,1620.1
611.3194,2105.0
611.3447,3402.7
611.3699,3237.5
611.3951,3215.0
611.4203,3496.3
611.4456,2926.2
611.4708,3147.3
611.4960,3266.9
611.5212,3164.2
611.5465,3261.2
611.5717,3174.2
611.5970,3335.1
611.6232,3316.6
611.6484,476.6
611.6737,3377.9
611.6989,3522.1
611.7241,3331.0
611.7494,3333.1
611.7746,3345.6
611.7998,3558.0
611.8251,3200.5
611.8503,3417.8
611.8755,3502.6
611.9007,3481.6
611.9259,3327.2
611.9512,3257.9
611.9764,3119.5
612.0027,997.3
612.0279,3125.9
612.0531,2953.2
612.0784,3169.4
612.1036,3524.8
612.1288,3374.6
612.1541,3364.5
612.1793,3685.2
612.2045,3329.0
612.2297,3404.6
612.2550,3637.3
612.2802,3449.3
612.3054,3178.5
612.3306,3343.7
612.3569,938.3
612.3821,2836.8
612.4074,3234.7
612.4326,3203.7
612.4578,3285.5
612.4831,3349.1
612.5083,3485.3
612.5336,3642.6
612.5588,3535.8
612.5840,3753.9
612.6093,3428.1
612.6345,3381.8
612.6598,3607.7
612.6850,3459.0
612.7103,3772.6
612.7359,2542.2
612.7611,1150.7
612.7863,3478.8
612.8115,3569.5
612.8368,3342.7
612.8620,3595.0
612.8872,3432.6
612.9124,3613.3
612.9376,3544.1
612.9629,3658.7
612.9881,3530.9
613.0133,3733.6
613.0385,3383.5
613.0637,3568.6
613.0889,3575.7
613.1147,3421.4
613.1399,3523.4
613.1661,968.9
613.1913,2887.0
613.2165,3693.5
613.2417,3485.7
613.2670,3422.2
613.2922,3589.3
613.3174,3413.1
613.3426,3222.0
613.3678,3341.8
613.3930,3307.4
613.4182,3443.3
613.4435,3309.2
613.4687,3448.8
613.4939,3397.3
613.5191,3337.1
613.5455,1186.5
613.5707,2647.2
613.5959,3356.1
613.6212,3246.8
613.6464,3143.8
613.6716,3040.9
613.6969,3250.0
613.7221,3286.7
613.7473,3066.9
613.7726,3111.3
613.7978,3000.5
613.8230,3316.5
613.8483,3221.6
613.8740,2292.0
613.8991,1751.6
613.9243,3406.2
613.9495,3242.3
613.9747,3407.6
613.9999,3479.5
614.0251,3344.0
614.0504,3286.9
614.0756,3284.8
614.1008,3573.1
614.1260,3145.0
614.1513,3192.5
614.1765,3080.7
614.2017,3465.9
614.2275,2315.8
614.2527,1406.3
614.2779,3354.3
614.3031,3388.6
614.3288,3415.0
614.3540,3042.2
614.3793,2953.6
614.4045,2971.7
614.4297,2803.2
614.4549,2944.3
614.4802,3149.3
614.5054,2829.6
614.5315,2821.6
614.5567,953.0
614.5819,3338.5
614.6071,3326.9
614.6324,3303.4
614.6576,3265.1
614.6828,3238.7
614.7080,3013.2
614.7332,3618.4
614.7584,2972.5
614.7836,3295.9
614.8089,3498.8
614.8341,3320.0
614.8593,3758.2
614.8855,2432.1
614.9108,1470.7
614.9360,3313.2
614.9612,3315.7
614.9864,3524.7
615.0116,3447.7
615.0369,3343.7
615.0621,3347.4
615.0873,3491.8
615.1125,3355.1
615.1381,3312.2
615.1633,3434.7
615.1885,3269.9
615.2137,3595.5
615.2390,3301.3
615.2651,1921.8
615.2904,2020.0
615.3156,3400.1
615.3409,3460.7
615.3661,3520.9
615.3913,3444.7
615.4166,3531.9
615.4418,3234.9
615.4674,3524.1
615.4926,3002.9
615.5178,3432.8
615.5431,3281.1
615.5683,3583.3
615.5935,3299.2
615.6188,3392.7
615.6451,1010.3
615.6704,2726.5
615.6956,2842.9
615.7209,3173.6
615.7461,3067.5
615.7713,3191.4
615.7966,2777.4
615.8218,3309.6
615.8470,2929.1
615.8722,3196.9
615.8974,3373.5
615.9227,3416.5
615.9489,1731.4
615.9741,2285.2
615.9994,3688.2
616.0246,3500.8
616.0498,3747.5
616.0751,3425.9
616.1003,3690.0
616.1258,3069.1
616.1510,3480.0
616.1762,2915.0
616.2014,3326.5
616.2267,3160.6
616.2519,3322.0
616.2771,3253.2
616.3023,3454.2
616.3284,1619.8
616.3537,2485.0
616.3789,3680.4
616.4041,3464.8
616.4294,3438.4
616.4546,3270.9
616.4798,3275.1
616.5050,3334.4
616.5303,3107.8
616.5555,3600.3
616.5808,3126.8
616.6060,3427.9
616.6312,3360.1
616.6564,3562.8
616.6817,3370.9
616.7073,1891.1
616.7325,1969.8
616.7577,3547.3
616.7829,3363.3
616.8081,3636.1
616.8334,3419.4
616.8586,3684.1
616.8838,3278.1
616.9093,3505.6
616.9346,3473.3
616.9599,3389.8
616.9851,3510.7
617.0103,3240.7
617.0355,3118.1
617.0607,3640.0
617.0860,3452.4
617.1122,1025.5
617.1378,2428.8
617.1630,3570.7
617.1883,3389.3
617.2135,3653.2
617.2387,3520.1
617.2640,3596.4
617.2892,3438.0
617.3144,3635.4
617.3396,2846.0
617.3650,3359.7
617.3902,2985.4
617.4154,3274.4
617.4406,3011.0
617.4659,3407.1
617.4922,1353.5
617.5175,2257.0
617.5427,3400.7
617.5682,2657.1
617.5934,3458.0
617.6187,2529.5
617.6440,3237.3
617.6692,3062.7
617.6945,3432.5
617.7197,3142.5
617.7449,3585.9
617.7701,3409.4
617.7964,2409.1
617.8216,1436.1
617.8468,3237.9
617.8720,3348.6
617.8972,3498.8
617.9225,3197.4
617.9477,3384.9
617.9729,3331.9
617.9983,3513.9
618.0235,2907.9
618.0488,3414.0
618.0741,3278.3
618.0993,3246.0
618.1245,3614.1
618.1507,2827.4
618.1760,744.1
618.2012,3370.3
618.2265,3109.8
618.2517,3326.8
618.2769,3168.8
618.3021,3093.2
618.3274,2797.3
618.3526,2904.1
618.3778,3170.1
618.4030,3181.3
618.4282,2650.8
618.4545,2452.4
618.4798,1409.9
618.5050,3258.6
618.5303,3299.9
618.5555,3266.1
618.5807,2923.6
618.6059,3619.7
618.6312,3191.0
618.6564,3137.0
618.6816,3049.3
618.7068,3354.7
618.7320,3251.7
618.7572,3264.7
618.7835,2452.2
618.8088,1485.0
618.8340,3357.0
618.8591,3343.7
618.8844,3474.4
618.9096,3446.9
618.9348,2920.0
618.9601,3177.7
618.9853,3175.7
619.0105,3676.5
619.0357,2841.3
619.0610,3232.4
619.0862,3491.8
619.1114,3311.2
619.1371,1313.5
619.1623,2710.2
619.1879,3549.2
619.2131,3374.3
619.2383,3309.9
619.2635,3306.8
619.2887,3350.4
619.3140,3081.6
619.3392,3110.2
619.3645,3017.6
619.3897,3255.9
619.4149,3227.9
619.4401,3167.4
619.4663,2170.6
619.4916,1124.4
619.5168,3444.0
619.5420,2814.0
619.5672,3462.1
619.5924,3522.4
619.6176,3111.9
619.6428,3027.8
619.6681,3037.9
619.6933,3183.9
619.7185,3276.0
619.7440,3203.0
619.7693,3434.5
619.7945,3403.4
619.8198,471.2
619.8453,3418.2
619.8708,3155.2
619.8960,3199.9
619.9216,3091.1
619.9469,3172.7
619.9721,3186.9
619.9976,3290.2
620.0228,3212.7
620.0481,3308.0
620.0733,3484.5
620.0985,3284.2
620.1247,1089.7
620.1500,2453.0
620.1752,3280.7
620.2004,3283.0
620.2257,3342.2
620.2509,3502.6
620.2761,2931.5
620.3015,3264.0
620.3268,2925.4
620.3520,3135.3
620.3772,3092.4
620.4024,3252.0
620.4277,3274.9
620.4538,1247.5
620.4791,2854.2
620.5047,3532.8
620.5299,3114.5
620.5551,3287.0
620.5804,3386.3
620.6056,3311.2
620.6309,3383.2
620.6561,3177.5
620.6813,3311.6
620.7066,2992.2
620.7318,3192.9
620.7580,2882.5
620.7832,562.7
620.8084,3627.4
620.8337,3271.7
620.8589,3404.4
620.8841,3436.0
620.9094,3644.8
620.9346,3007.4
620.9598,3192.1
620.9850,3310.1
621.0102,3343.7
621.0354,3101.7
621.0607,3151.9
621.0859,3290.5
621.1111,3448.1
621.1364,671.6
621.1616,3433.2
621.1868,3361.2
621.2120,3632.7
621.2372,3292.0
621.2624,3022.8
621.2877,3499.0
621.3129,2852.0
621.3381,3185.7
621.3633,3035.7
621.3885,3397.9
621.4137,3194.2
621.4390,3355.7
621.4642,3572.3
621.4894,613.6
621.5147,3118.0
621.5399,2891.9
621.5651,3474.4
621.5906,3085.1
621.6158,3150.0
621.6411,3143.2
621.6663,3016.2
621.6916,2944.8
621.7168,3188.2
621.7421,2713.2
621.7673,2822.2
621.7925,453.8
621.8178,3692.4
621.8430,3236.4
621.8684,3373.7
621.8936,3065.0
621.9189,3165.6
621.9441,3122.9
621.9694,3227.2
621.9946,2933.3
622.0198,3570.9
622.0450,3270.7
622.0702,3157.2
622.0954,3668.7
622.1217,1798.1
622.1473,1946.4
622.1726,3670.0
622.1978,3405.3
622.2229,3670.1
622.2482,3365.9
622.2737,3417.3
622.2989,3614.7
622.3242,3377.1
622.3494,3461.5
622.3746,3558.1
622.3998,3238.2
622.4251,3233.4
622.4503,3486.3
622.4756,3226.5
622.5008,3461.1
622.5277,473.4
622.5529,3230.2
622.5781,3725.5
622.6033,3490.4
622.6286,3656.9
622.6538,3456.7
622.6793,2859.8
622.7046,3451.6
622.7298,2931.4
622.7550,3381.8
622.7806,3166.2
622.8058,3005.4
622.8310,3180.5
622.8567,808.8
622.8819,3003.6
622.9071,3290.7
622.9324,3406.1
622.9576,3209.6
622.9828,3317.3
623.0080,3306.3
623.0332,3137.9
623.0585,3384.0
623.0837,3143.3
623.1089,3173.8
623.1341,3392.3
623.1594,3402.7
623.1856,2842.6
623.2109,981.0
623.2361,3403.2
623.2613,3552.7
623.2865,3263.5
623.3117,3317.4
623.3370,2837.8
623.3622,3321.7
623.3874,3014.2
623.4126,2926.2
623.4379,3239.3
623.4631,3402.9
623.4883,3339.7
623.5135,3155.6
623.5391,455.3
623.5643,3504.2
623.5895,2968.2
623.6147,3298.2
623.6400,3432.2
623.6652,3557.9
623.6904,2881.2
623.7156,3190.1
623.7408,3022.0
623.7660,3510.0
623.7912,3148.5
623.8164,3512.3
623.8417,3285.7
623.8679,1354.7
623.8932,2489.8
623.9184,3699.4
623.9436,3057.0
623.9690,3332.8
623.9943,3524.1
624.0195,3055.9
624.0447,3210.8
624.0702,3268.1
624.0954,3308.1
624.1217,3054.0
624.1469,3476.6
624.1722,3182.8
624.1974,3315.4
624.2231,1580.7
624.2483,2350.3
624.2735,3217.4
624.2987,3640.4
624.3240,3418.0
624.3492,3388.7
624.3744,3443.0
624.3996,3287.4
624.4249,3215.9
624.4501,3131.5
624.4753,3366.0
624.5005,3565.3
624.5258,3310.6
624.5510,3210.3
624.5770,2899.0
624.6022,930.8
624.6274,3302.2
624.6526,3248.0
624.6778,3544.0
624.7030,3149.1
624.7282,3318.0
624.7535,2619.9
624.7787,3351.0
624.8039,2871.0
624.8292,3447.9
624.8544,2890.0
624.8796,3510.6
624.9053,1334.1
624.9305,2250.6
624.9558,3559.8
624.9810,3396.5
625.0062,3447.9
625.0314,3309.3
625.0567,3353.9
625.0819,3600.0
625.1071,3392.0
625.1324,3194.3
625.1576,3545.0
625.1829,3150.1
625.2081,3091.8
625.2333,3241.7
625.2596,1651.8
625.2848,1807.3
625.3100,3417.6
625.3352,3342.6
625.3605,3366.0
625.3857,3353.8
625.4113,3415.0
625.4366,3542.2
625.4617,3373.4
625.4870,3335.6
625.5122,3547.2
625.5373,3443.5
625.5626,3169.7
625.5878,3313.2
625.6138,3315.2
625.6390,529.3
625.6642,3482.4
625.6895,3250.5
625.7147,3354.7
625.7400,3468.5
625.7652,3305.6
625.7904,3507.1
625.8156,3267.3
625.8413,3388.0
625.8666,3680.9
625.8918,3460.0
625.9169,3654.1
625.9421,3416.2
625.9673,3219.0
625.9925,3550.8
626.0183,333.7
626.0435,3755.1
626.0687,3513.9
626.0939,3595.3
626.1192,3437.7
626.1444,3394.8
626.1696,3292.7
626.1949,3115.4
626.2201,3365.4
626.2453,3310.8
626.2705,3275.9
626.2957,3561.9
626.3209,3425.8
626.3462,3618.4
626.3714,3335.7
626.3966,508.3
626.4219,3162.7
626.4471,3232.5
626.4723,3220.3
626.4975,2724.8
626.5228,2987.7
626.5480,3221.5
626.5732,3048.2
626.5984,3163.7
626.6237,3215.4
626.6489,3170.7
626.6741,3005.2
626.7004,2517.2
626.7256,1427.2
626.7508,3447.2
626.7760,3456.6
626.8012,3325.0
626.8264,3491.6
626.8517,3495.0
626.8769,3044.6
626.9022,3413.2
626.9274,3423.3
626.9526,3414.5
626.9782,3241.4
627.0034,3446.1
627.0286,3480.9
627.0539,3441.1
627.0794,2099.6
627.1046,1943.2
627.1299,3396.0
627.1550,3314.1
627.1803,3062.1
627.2055,3230.0
627.2307,3190.9
627.2560,3446.4
627.2815,3389.7
627.3068,3011.9
627.3320,3613.2
627.3572,3320.9
627.3827,3557.6
627.4080,2879.8
627.4342,1054.7
627.4594,3013.6
627.4846,2934.1
627.5099,3267.0
627.5351,3010.9
627.5604,3151.3
627.5856,3128.2
627.6108,3192.5
627.6360,2822.0
627.6616,3150.2
627.6868,3155.1
627.7121,3533.2
627.7384,1154.2
627.7637,2487.0
627.7889,3658.4
627.8141,3351.0
627.8394,3398.5
627.8646,3747.7
627.8898,3240.5
627.9150,3381.4
627.9402,3088.2
627.9654,3278.4
627.9906,3296.3
628.0159,3248.5
628.0411,3217.2
628.0663,3340.3
628.0921,2007.8
628.1173,2309.4
628.1426,3255.1
628.1678,3584.1
628.1931,3483.9
628.2183,3360.1
628.2438,3619.2
628.2691,3397.0
628.2946,3150.4
628.3198,3594.9
628.3451,3157.3
628.3703,3296.3
628.3956,3200.7
628.4208,3476.1
628.4461,3293.5
628.4712,440.2
628.4965,3450.0
628.5217,3253.2
628.5469,3275.1
628.5721,2424.0
628.5974,2221.7
628.6226,3445.0
628.6481,2854.5
628.6733,3194.3
628.6985,3265.0
628.7238,3361.0
628.7494,3460.4
628.7746,3487.0
628.8010,1016.1
628.8262,2844.7
628.8514,3147.2
628.8766,3748.5
628.9020,3305.8
628.9272,3471.0
628.9524,3477.9
628.9777,3038.6
629.0033,3215.8
629.0285,3154.1
629.0537,3307.2
629.0789,2874.2
629.1042,3133.6
629.1303,1741.5
629.1555,2197.3
629.1807,3548.7
629.2059,3251.9
629.2312,3459.1
629.2564,3388.9
629.2816,3348.7
629.3069,3310.0
629.3321,3494.6
629.3572,2791.5
629.3824,3173.6
629.4077,3109.2
629.4329,3353.0
629.4590,2750.2
629.4843,749.8
629.5100,3396.4
629.5352,3569.6
629.5604,3443.9
629.5856,3675.2
629.6109,3505.0
629.6360,3254.7
629.6612,3250.1
629.6865,3361.5
629.7117,3641.9
629.7370,3207.2
629.7622,3129.4
629.7874,3201.7
629.8126,3275.5
629.8387,2191.8
629.8639,1877.1
629.8891,3533.8
629.9143,3089.9
629.9395,3345.2
629.9648,3073.4
629.9900,3134.6
630.0152,3384.3
630.0404,2629.2
630.0656,3325.9
630.0908,3248.2
630.1161,3588.9
630.1413,3172.2
630.1676,2468.1
630.1929,1428.8
630.2181,3255.3
630.2433,3415.6
630.2686,2765.9
630.2938,2752.4
630.3194,3309.5
630.3446,3038.7
630.3698,3284.0
630.3951,3496.1
630.4205,2981.6
630.4458,3342.3
630.4710,3161.1
630.4972,2870.9
630.5224,763.3
630.5480,3158.1
630.5732,3409.3
630.5985,3373.5
630.6240,3516.9
630.6492,3213.1
630.6744,3367.8
630.6996,3304.1
630.7249,3293.8
630.7501,3587.6
630.7753,3370.0
630.8006,3235.1
630.8258,3024.5
630.8510,3180.7
630.8772,1141.9
630.9024,2777.8
630.9277,3501.1
630.9529,2818.2
630.9781,3309.3
631.0033,3660.7
631.0286,2925.1
631.0538,3624.9
631.0790,3305.1
631.1042,2889.4
631.1295,3178.0
631.1548,3447.2
631.1800,3384.2
631.2062,1861.4
631.2318,2049.8
631.2575,3371.5
631.2827,3627.1
631.3080,3418.7
631.3332,3306.7
631.3584,3126.7
631.3836,3275.4
631.4089,3147.2
631.4341,3348.7
631.4594,3360.8
631.4846,3031.3
631.5098,3026.5
631.5350,3590.9
631.5609,316.4
631.5862,3229.3
631.6114,3177.6
631.6367,3267.2
631.6619,3133.5
631.6871,3564.8
631.7123,3346.5
631.7375,3475.0
631.7628,3649.9
631.7880,3340.1
631.8132,3312.7
631.8384,3551.4
631.8639,3119.5
631.8891,3633.5
631.9154,1047.8
631.9407,2865.6
631.9659,3247.7
631.9911,3354.4
632.0163,3494.1
632.0416,3353.7
632.0672,3529.8
632.0925,3497.3
632.1177,3484.7
632.1429,3642.2
632.1681,3462.8
632.1933,3430.1
632.2185,3434.8
632.2438,3367.9
632.2690,3452.5
632.2953,2263.2
632.3205,1406.5
632.3457,3493.4
632.3709,3630.9
632.3962,3518.3
632.4214,3636.7
632.4466,3434.0
632.4719,3598.3
632.4971,3494.0
632.5223,3340.2
632.5475,3493.6
632.5727,3437.2
632.5981,3401.7
632.6233,3703.0
632.6486,3412.6
632.6738,3664.9
632.6999,2735.5
632.7251,1060.7
632.7506,3604.9
632.7759,3525.7
632.8011,3253.2
632.8263,3684.2
632.8515,3346.8
632.8768,3614.5
632.9020,3523.9
632.9272,3653.7
632.9524,3297.3
632.9776,3472.4
633.0028,3444.3
633.0281,3441.2
633.0533,3703.7
633.0785,3203.6
633.1037,3627.6
633.1304,377.4
633.1556,3603.9
633.1809,3373.1
633.2061,3601.9
633.2313,3383.9
633.2565,3393.9
633.2818,3380.2
633.3070,3491.6
633.3322,3329.8
633.3574,3471.8
633.3826,3397.9
633.4079,3236.2
633.4331,3494.5
633.4584,3377.5
633.4836,3346.7
633.5088,3392.1
633.5345,1874.5
633.5598,2248.6
633.5850,3297.2
633.6102,3463.5
633.6357,3275.1
633.6610,3528.4
633.6862,3436.9
633.7114,3286.1
633.7367,3666.8
633.7619,3360.2
633.7871,3372.7
633.8123,3498.7
633.8376,3256.4
633.8628,3668.7
633.8881,3483.7
633.9139,3246.6
633.9391,795.5
633.9643,3149.3
633.9895,3182.1
634.0147,3377.9
634.0399,3578.9
634.0652,3308.2
634.0904,3614.0
634.1156,3476.3
634.1408,3620.7
634.1660,3390.9
634.1913,2982.9
634.2165,3250.7
634.2417,3641.6
634.2674,2254.7
634.2926,1334.1
634.3178,3410.9
634.3430,3582.4
634.3683,3385.6
634.3935,3335.5
634.4187,3090.2
634.4440,3012.8
634.4692,3463.0
634.4945,3121.6
634.5197,3100.9
634.5449,3433.2
634.5702,3060.6
634.5955,3257.4
634.6216,2228.0
634.6469,1336.9
634.6721,3118.1
634.6973,2948.9
634.7225,3206.1
634.7478,3369.3
634.7733,3457.6
634.7986,3376.4
634.8238,3223.2
634.8490,3265.3
634.8742,3367.6
634.8994,3180.0
634.9247,3442.9
634.9499,3685.7
634.9759,1324.1
635.0011,2492.4
635.0264,3598.8
635.0516,3374.4
635.0768,3287.9
635.1019,3418.5
635.1272,3112.8
635.1524,3362.8
635.1777,3068.4
635.2029,3414.3
635.2281,3101.2
635.2533,3389.2
635.2785,3222.7
635.3047,3217.0
635.3299,473.7
635.3558,3474.6
635.3810,2998.5
635.4063,3263.2
635.4315,3030.2
635.4567,3388.5
635.4819,2816.9
635.5071,3428.7
635.5323,2844.6
635.5575,3313.6
635.5828,3329.8
635.6081,3468.8
635.6345,1660.9
635.6597,2281.7
635.6849,3475.9
635.7102,3330.5
635.7354,3433.1
635.7606,3563.5
635.7858,3271.9
635.8110,3338.8
635.8363,3230.7
635.8615,3261.8
635.8867,3078.1
635.9120,3312.4
635.9372,3362.6
635.9624,3517.5
635.9881,3255.3
636.0133,681.7
636.0385,2864.0
636.0637,3323.2
636.0893,2551.1
636.1149,3183.1
636.1401,2557.4
636.1653,2989.5
636.1905,3443.4
636.2157,2973.0
636.2409,3123.5
636.2662,3033.2
636.2925,1714.3
636.3178,2376.3
636.3430,3580.7
636.3682,3387.6
636.3934,3649.0
636.4187,3503.1
636.4439,3638.0
636.4691,3370.4
636.4943,3345.8
636.5194,3477.1
636.5447,2987.0
636.5699,3556.3
636.5952,2984.3
636.6204,3179.3
636.6457,3548.3
636.6721,2452.9
636.6973,1530.1
636.7225,3429.4
636.7478,3620.3
636.7730,3455.7
636.7984,2787.9
636.8236,3397.0
636.8488,3101.0
636.8740,2845.0
636.8995,3265.5
636.9248,3386.0
636.9500,3421.9
636.9752,3673.3
637.0004,3422.0
637.0266,1144.2
637.0518,2830.9
637.0771,3417.6
637.1023,3525.1
637.1275,3438.2
637.1527,3434.2
637.1779,3376.9
637.2032,3359.8
637.2284,3264.8
637.2536,3136.3
637.2788,3488.8
637.3041,3258.7
637.3293,3499.1
637.3545,3001.6
637.3801,3125.8
637.4054,625.8
637.4306,3121.8
637.4558,3271.7
637.4810,3196.1
637.5062,2878.6
637.5315,3499.6
637.5567,3241.8
637.5819,3357.0
637.6071,3357.4
637.6324,3160.1
637.6576,2925.7
637.6828,3155.1
637.7081,748.8
637.7333,3267.1
637.7585,3079.4
637.7838,3179.0
637.8090,3192.8
637.8342,3348.3
637.8594,2628.6
637.8846,3190.9
637.9099,3278.5
637.9351,3239.4
637.9604,3299.5
637.9856,3355.9
638.0108,3602.4
638.0371,2664.3
638.0623,1248.1
638.0875,3269.4
638.1127,3365.1
638.1380,3248.6
638.1634,3280.2
638.1886,3344.7
638.2139,2922.5
638.2391,3252.7
638.2644,2986.5
638.2896,3566.5
638.3149,3266.1
638.3401,3332.8
638.3653,3370.6
638.3916,1042.6
638.4168,2883.1
638.4420,3012.9
638.4672,3266.8
638.4924,3186.2
638.5177,2702.5
638.5429,3388.7
638.5681,3077.4
638.5934,3206.6
638.6186,3025.7
638.6438,3142.7
638.6701,2578.3
638.6954,645.5
638.7210,3436.6
638.7462,3433.7
638.7715,3388.4
638.7967,3456.0
638.8219,3395.1
638.8471,3263.3
638.8724,3273.5
638.8976,2956.9
638.9228,3115.5
638.9480,3429.6
638.9732,3355.7
638.9985,3463.5
639.0247,1476.4
639.0499,2233.0
639.0751,2960.9
639.1003,2913.8
639.1256,3170.9
639.1508,3041.0
639.1760,3210.3
639.2013,3174.6
639.2265,3036.0
639.2517,3112.1
639.2769,3512.4
639.3021,3226.5
639.3283,3344.4
639.3536,436.2
639.3788,3385.0
639.4040,3348.5
639.4292,3245.0
639.4544,3562.9
639.4797,3219.5
639.5049,3557.1
639.5303,2972.1
639.5555,3176.2
639.5808,3297.2
639.6060,3257.1
639.6312,3617.4
639.6564,3360.2
639.6817,3412.6
639.7073,3195.6
639.7325,673.0
639.7577,3439.4
639.7829,3592.4
639.8082,3104.6
639.8335,3553.1
639.8587,3293.5
639.8839,3326.7
639.9091,3694.7
639.9344,3250.6
639.9596,3181.6
639.9848,3460.4
640.0100,3593.4
640.0352,2873.0
640.0609,3097.4
640.0861,823.4
640.1113,3472.9
640.1365,3067.2
640.1618,3227.7
640.1870,3219.4
640.2123,3177.2
640.2375,3088.0
640.2627,2742.8
640.2879,3264.4
640.3132,3227.5
640.3384,3381.5
640.3638,3406.2
640.3895,1622.4
640.4147,2279.6
640.4399,3656.4
640.4652,3535.7
640.4904,3674.0
640.5156,3402.8
640.5411,3490.3
640.5664,3744.7
640.5916,3369.1
640.6168,3588.2
640.6420,3388.6
640.6674,3314.7
640.6926,3294.6
640.7178,3236.2
640.7430,3486.1
640.7682,3371.0
640.7944,1215.0
640.8196,2746.4
640.8449,3634.1
640.8701,3589.5
640.8953,3610.7
640.9206,3459.6
640.9461,3482.0
640.9713,3620.0
640.9965,3482.4
641.0217,3506.0
641.0471,3451.7
641.0723,3400.2
641.0975,3286.2
641.1228,3231.5
641.1480,3549.2
641.1732,3303.5
641.1993,3042.6
641.2246,885.2
641.2499,3615.2
641.2751,3295.6
641.3003,3403.1
641.3255,3704.2
641.3508,3434.4
641.3760,3568.7
641.4012,3373.1
641.4266,3413.6
641.4518,3371.3
641.4770,3253.1
641.5022,3341.7
641.5274,3361.4
641.5527,3246.4
641.5779,3635.7
641.6042,1790.6
641.6294,2117.6
641.6547,3439.2
641.6800,3558.0
641.7053,3367.9
641.7311,3425.6
641.7564,3364.1
641.7816,2894.9
641.8068,3575.5
641.8321,3195.3
641.8573,3338.1
641.8826,3107.8
641.9081,3229.3
641.9336,3237.9
641.9589,3571.0
641.9842,742.3
642.0094,3252.9
642.0347,3219.1
642.0599,3267.2
642.0851,3221.0
642.1104,3448.9
642.1359,3591.4
642.1611,3090.0
642.1865,3423.8
642.2118,2595.7
642.2370,3324.4
642.2622,3168.3
642.2878,2660.2
642.3131,792.7
642.3383,3480.1
642.3636,3116.0
642.3888,3464.0
642.4140,3509.5
642.4391,3289.0
642.4644,2889.8
642.4896,3441.0
642.5148,3265.8
642.5400,3361.9
642.5652,3258.8
642.5904,3341.5
642.6157,3384.6
642.6409,3474.9
642.6671,1329.3
642.6923,2425.3
642.7175,3376.8
642.7428,3234.4
642.7680,3013.9
642.7932,3310.1
642.8184,3522.0
642.8436,3139.6
642.8689,3365.4
642.8941,3296.6
642.9193,3338.0
642.9445,3585.4
642.9698,3321.8
642.9958,2655.5
643.0210,1543.0
643.0462,3274.6
643.0715,3407.4
643.0967,3370.2
643.1219,3390.3
643.1472,2969.7
643.1724,2977.4
643.1977,3233.1
643.2229,3172.1
643.2481,2945.0
643.2733,3251.2
643.2985,3132.8
643.3247,2537.5
643.3499,1242.6
643.3752,3342.7
643.4004,3326.5
643.4256,3248.2
643.4508,3243.6
643.4761,3293.4
643.5017,3299.6
643.5269,3494.1
643.5521,3279.8
643.5773,3333.6
643.6026,3094.2
643.6278,3201.6
643.6530,3101.5
643.6793,823.9
643.7048,2970.9
643.7301,3150.6
643.7553,2669.0
643.7806,2995.4
643.8058,2864.1
643.8310,3212.6
643.8562,3002.9
643.8819,3299.0
643.9071,3373.8
643.9323,3274.8
643.9575,3294.7
643.9839,1329.1
644.0093,2649.5
644.0346,3820.5
644.0598,3409.7
644.0850,3564.4
644.1102,3338.1
644.1356,3286.8
644.1608,3485.7
644.1860,3161.6
644.2112,3257.4
644.2364,3153.4
644.2616,2971.4
644.2869,3218.7
644.3121,3241.1
644.3373,3618.6
644.3636,2401.1
644.3888,1562.8
644.4141,3330.7
644.4393,3454.0
644.4645,2780.9
644.4897,3382.0
644.5149,3394.8
644.5402,3339.9
644.5654,2959.1
644.5906,3126.2
644.6159,2590.5
644.6412,3461.8
644.6664,2765.1
644.6916,674.9
644.7168,3303.6
644.7421,3251.4
644.7673,3375.2
644.7925,3458.2
644.8177,3053.0
644.8429,3505.5
644.8682,2899.4
644.8937,3301.7
644.9189,3066.2
644.9441,3491.9
644.9694,3080.6
644.9946,3330.6
645.0198,3588.3
645.0450,651.3
645.0702,3255.8
645.0954,3407.9
645.1207,3462.8
645.1459,3345.8
645.1711,3024.8
645.1964,3561.0
645.2216,3277.8
645.2468,2797.5
645.2720,3348.9
645.2973,2999.5
645.3225,3465.0
645.3477,3508.4
645.3733,3052.7
645.3985,950.4
645.4238,3374.6
645.4489,3254.9
645.4742,3422.0
645.4994,3253.5
645.5246,3342.3
645.5498,3032.7
645.5751,3036.0
645.6003,2941.4
645.6255,3344.3
645.6507,3407.1
645.6760,3151.5
645.7012,3392.1
645.7269,1240.9
645.7521,2356.0
645.7773,3243.7
645.8027,3627.1
645.8282,3016.4
645.8534,3066.4
645.8786,3281.1
645.9039,3228.8
645.9293,3342.8
645.9546,3621.2
645.9798,2994.1
646.0050,3494.9
646.0302,3305.8
646.0555,3778.6
646.0807,607.5
646.1059,3329.5
646.1311,3520.7
646.1564,3647.7
646.1816,3246.9
646.2068,3307.8
646.2320,3562.1
646.2573,3392.4
646.2829,3676.3
646.3082,3346.2
646.3334,3339.5
646.3586,3255.4
646.3839,3558.0
646.4091,3353.4
646.4343,3298.7
646.4605,1102.7
646.4857,2883.1
646.5109,3235.2
646.5362,3239.3
646.5614,3360.9
646.5867,3106.9
646.6119,3615.7
646.6371,3127.8
646.6623,3631.2
646.6876,3121.1
646.7128,2848.6
646.7380,3264.3
646.7632,3224.1
646.7890,508.2
646.8142,3210.9
646.8394,3504.6
646.8646,2983.5
646.8898,3317.6
646.9151,3018.8
646.9402,2998.5
646.9654,2819.2
646.9907,3334.6
647.0159,3364.7
647.0411,3346.8
647.0663,3294.1
647.0916,3304.0
647.1172,1794.6
647.1426,2133.8
647.1678,3339.1
647.1930,3172.2
647.2183,3008.0
647.2435,3063.4
647.2687,3298.6
647.2939,3402.7
647.3191,3163.7
647.3444,3012.5
647.3696,3282.0
647.3948,3138.1
647.4200,3125.9
647.4462,1738.0
647.4714,2182.0
647.4967,3285.0
647.5220,2940.3
647.5476,3339.5
647.5728,3494.6
647.5980,2925.9
647.6232,3121.0
647.6484,3284.7
647.6740,3280.3
647.6992,3124.6
647.7244,3443.5
647.7497,3382.8
647.7759,1604.7
647.8011,2230.6
647.8264,3440.3
647.8515,3246.9
647.8768,3420.7
647.9022,3390.0
647.9274,3223.1
647.9527,3050.9
647.9779,3372.9
648.0031,3429.0
648.0284,3145.8
648.0536,3343.5
648.0788,3451.4
648.1043,3424.5
648.1306,1079.3
648.1558,3052.5
648.1810,3171.3
648.2063,3265.9
648.2315,3355.9
648.2567,3171.8
648.2819,3188.5
648.3072,3056.4
648.3327,3096.3
648.3580,3144.7
648.3832,3255.2
648.4087,3436.8
648.4339,3660.3
648.4601,862.0
648.4854,2907.1
648.5106,3242.9
648.5357,3412.9
648.5609,3148.6
648.5861,3358.5
648.6114,3237.5
648.6366,3226.6
648.6619,3309.0
648.6871,3126.1
648.7123,3445.8
648.7374,3485.8
648.7627,3288.5
648.7879,3366.4
648.8138,773.6
648.8391,3204.6
648.8643,3227.3
648.8895,3654.8
648.9147,3254.2
648.9400,3339.0
648.9652,3309.6
648.9908,3321.3
649.0163,3118.3
649.0415,3458.4
649.0667,3259.5
649.0920,3772.1
649.1172,3398.9
649.1424,3390.3
649.1687,2683.4
649.1939,1086.0
649.2195,3529.3
649.2447,3628.4
649.2699,3482.5
649.2952,3759.3
649.3204,3479.5
649.3456,3596.2
649.3708,3350.7
649.3960,3359.5
649.4212,3438.5
649.4464,3232.5
649.4717,3175.6
649.4969,3533.6
649.5221,3391.0
649.5473,3471.7
649.5735,1953.1
649.5988,2226.7
649.6240,3515.5
649.6492,3495.1
649.6745,3645.3
649.6997,3525.9
649.7249,3966.6
649.7501,3506.4
649.7754,3512.5
649.8006,3406.1
649.8259,3565.2
649.8511,3384.4
649.8764,3236.9
649.9016,3359.6
649.9268,3444.8
649.9520,3384.0
649.9773,3644.7
650.0025,308.8
650.0278,3441.8
650.0530,3460.9
650.0782,3625.8
650.1034,3464.1
650.1286,3205.7
650.1539,3510.8
650.1791,3068.7
650.2043,3425.7
650.2296,3149.4
650.2548,3196.8
650.2800,3388.9
650.3054,3318.8
650.3306,3536.3
650.3559,2824.1
650.3814,228.9
650.4067,3429.4
650.4319,2635.8
650.4572,3478.5
650.4824,2894.2
650.5077,2771.9
650.5329,3174.1
650.5581,2886.1
650.5834,3244.1
650.6086,2687.8
650.6338,3136.8
650.6590,3223.2
650.6852,1199.8
650.7105,2667.4
650.7357,3400.3
650.7609,3269.1
650.7861,3663.0
650.8114,3391.7
650.8366,3180.5
650.8618,3271.8
650.8871,3141.9
650.9122,3133.1
650.9375,3275.5
650.9627,3040.2
650.9879,3245.1
651.0141,1699.9
651.0393,1953.0
651.0646,3418.1
651.0898,3531.6
651.1150,3591.7
651.1402,3303.2
651.1655,3340.2
651.1907,3292.7
651.2159,3172.1
651.2412,3240.0
651.2664,3187.1
651.2916,3093.6
651.3168,3259.2
651.3420,3523.2
651.3677,2142.3
651.3929,1462.2
651.4181,3670.7
651.4433,3278.5
651.4686,3384.9
651.4938,3476.0
651.5190,3570.6
651.5443,3447.0
651.5695,3451.4
651.5947,3273.9
651.6200,3410.9
651.6452,3422.1
651.6704,3084.1
651.6957,3027.9
651.7220,1643.1
651.7472,2054.7
651.7724,2910.6
651.7976,3060.5
651.8229,3249.1
651.8481,3254.2
651.8733,3358.5
651.8985,3412.0
651.9237,3525.0
651.9490,3446.5
651.9742,3273.7
651.9994,3469.0
652.0246,3298.0
652.0498,3602.9
652.0750,700.9
652.1002,3049.0
652.1255,3585.4
652.1507,3222.5
652.1759,2983.7
652.2011,3578.0
652.2263,3342.6
652.2515,3369.5
652.2767,3536.6
652.3020,3396.6
652.3272,3424.7
652.3524,3384.5
652.3777,3648.9
652.4029,3358.8
652.4281,3632.3
652.4533,465.3
652.4785,3293.0
652.5039,3455.5
652.5291,3572.7
652.5543,3353.0
652.5795,3512.7
652.6048,3276.9
652.6299,3331.2
652.6551,3678.3
652.6803,3208.9
652.7058,3403.6
652.7310,3557.8
652.7562,3557.9
652.7814,3689.4
652.8066,3499.6
652.8318,3466.8
652.8570,623.3
652.8823,3249.1
652.9075,3632.7
652.9327,3452.5
652.9582,3442.4
652.9835,3566.5
653.0087,3324.3
653.0339,3479.8
653.0591,3267.1
653.0844,3457.1
653.1096,3467.3
653.1348,3676.8
653.1600,3389.6
653.1855,3290.6
653.2108,3542.5
653.2361,3319.2
653.2622,1169.7
653.2874,2676.7
653.3127,3477.8
653.3379,3406.4
653.3631,3592.2
653.3883,3403.1
653.4136,3640.8
653.4388,3462.0
653.4640,3345.1
653.4892,3538.7
653.5145,3353.6
653.5397,3568.0
653.5650,3056.6
653.5902,3431.2
653.6154,3450.8
653.6407,3350.8
653.6669,1734.3
653.6921,2466.4
653.7173,3499.7
653.7426,3060.7
653.7678,3439.7
653.7930,3351.7
653.8182,3412.1
653.8434,3257.7
653.8687,3435.8
653.8939,3436.5
653.9191,3370.9
653.9443,3490.8
653.9696,3452.9
653.9948,3511.8
654.0200,3505.1
654.0452,3562.1
654.0721,425.6
654.0973,3550.6
654.1225,3362.9
654.1478,3361.3
654.1730,3546.2
654.1983,3371.7
654.2235,3659.1
654.2487,3357.1
654.2739,3496.8
654.2991,3442.6
654.3243,3515.7
654.3496,3222.3
654.3748,3189.1
654.3999,3554.5
654.4252,3384.2
654.4504,3561.3
654.4766,347.4
654.5019,3650.1
654.5271,3490.6
654.5523,3561.3
654.5775,3370.9
654.6027,3496.1
654.6279,3506.4
654.6531,3333.0
654.6783,3579.9
654.7035,3464.5
654.7294,3255.9
654.7551,3116.8
654.7803,3504.5
654.8055,3107.6
654.8308,3301.2
654.8568,2094.5
654.8821,1986.3
654.9073,3231.6
654.9325,3503.4
654.9578,3380.6
654.9830,3650.9
655.0082,3512.3
655.0334,3622.8
655.0586,3465.3
655.0839,3374.7
655.1091,3348.0
655.1343,3167.3
655.1596,3311.5
655.1848,3165.0
655.2100,3310.9
655.2363,2200.0
655.2615,1821.6
655.2867,3465.9
655.3120,3625.6
655.3372,3431.3
655.3624,3266.0
655.3876,3510.4
655.4129,3186.2
655.4384,3054.9
655.4636,3117.5
655.4889,3302.5
655.5141,3387.6
655.5393,3243.0
655.5645,3585.1
655.5908,974.9
655.6160,2820.1
655.6413,3215.0
655.6665,3214.4
655.6917,3368.6
655.7173,2912.9
655.7425,3603.2
655.7677,3342.4
655.7930,3291.5
655.8182,3332.6
655.8435,2935.7
655.8687,2931.4
655.8939,3298.6
655.9195,778.8
655.9447,3055.2
655.9700,3307.8
655.9952,3536.5
656.0204,3342.9
656.0456,3097.9
656.0708,3381.3
656.0964,2895.0
656.1216,3161.1
656.1468,2846.3
656.1721,2963.9
656.1973,3285.6
656.2227,2841.6
656.2491,1825.5
656.2745,2157.3
656.2997,3424.3
656.3250,3084.2
656.3502,3313.3
656.3758,3015.4
656.4011,3265.1
656.4263,3188.6
656.4516,3255.4
656.4768,2933.9
656.5021,3563.9
656.5273,3139.5
656.5525,3440.5
656.5782,887.0
656.6034,2961.3
656.6286,3275.5
656.6539,3589.0
656.6791,3427.6
656.7043,3647.8
656.7295,3284.5
656.7547,3423.5
656.7800,3086.2
656.8052,3165.2
656.8305,3100.8
656.8557,3135.7
656.8809,3278.2
656.9061,3546.3
656.9314,3439.5
656.9575,1856.3
656.9827,2251.7
657.0080,3396.6
657.0335,3562.4
657.0587,3511.9
657.0839,3531.0
657.1091,3622.9
657.1343,3421.5
657.1596,3629.3
657.1848,3485.0
657.2100,3263.0
657.2353,3357.3
657.2605,3549.1
657.2857,3319.5
657.3109,3531.0
657.3362,3495.2
657.3627,1380.0
657.3880,2811.2
657.4133,3604.9
657.4385,3445.1
657.4637,3582.7
657.4890,3438.9
657.5143,3398.9
657.5395,3639.1
657.5648,3405.9
657.5900,3626.0
657.6152,3251.3
657.6406,3364.3
657.6658,3476.0
657.6911,3192.7
657.7163,3443.8
657.7415,3161.3
657.7677,1602.6
657.7930,2417.3
657.8182,3469.9
657.8435,3147.3
657.8687,3593.7
657.8939,3505.4
657.9192,3305.5
657.9444,3346.9
657.9696,3403.4
657.9949,3184.1
658.0201,3745.5
658.0453,3259.3
658.0705,3304.8
658.0958,3513.3
658.1210,3666.4
658.1462,3434.3
658.1714,689.5
658.1967,3302.1
658.2219,3387.3
658.2473,3458.9
658.2725,3059.1
658.2977,3280.4
658.3230,2971.7
658.3482,3391.8
658.3734,3171.0
658.3987,3278.3
658.4239,3145.9
658.4491,2632.4
658.4753,2409.4
658.5005,1471.6
658.5257,3173.9
658.5509,3373.4
658.5762,3417.6
658.6014,3235.5
658.6267,3241.2
658.6519,3219.4
658.6771,3230.4
658.7027,3218.3
658.7279,3567.3
658.7531,3223.0
658.7784,3377.7
658.8036,3700.5
658.8297,2210.8
658.8549,1547.4
658.8801,3310.5
658.9058,3450.7
658.9310,3654.2
658.9562,3455.8
658.9815,3681.5
659.0067,3415.7
659.0319,3553.3
659.0571,3435.4
659.0824,3354.7
659.1076,3666.6
659.1328,3384.2
659.1581,3318.3
659.1833,3641.8
659.2085,3428.3
659.2348,1916.6
659.2602,2222.7
659.2857,3334.0
659.3115,3464.0
659.3371,3638.6
659.3623,3517.9
659.3876,3601.5
659.4128,3449.0
659.4380,3579.3
659.4632,3275.6
659.4887,3475.8
659.5139,3525.4
659.5391,3386.2
659.5644,3373.7
659.5896,3307.6
659.6149,3742.8
659.6412,2589.7
659.6664,1439.3
659.6917,3296.8
659.7169,3453.9
659.7421,3278.0
659.7673,3702.4
659.7925,3323.9
659.8182,3524.9
659.8434,3505.7
659.8686,3202.0
659.8938,3232.9
659.9191,3647.5
659.9443,3397.2
659.9695,3615.2
659.9948,3242.9
660.0200,3476.4
660.0463,1333.6
660.0716,2482.9
660.0968,3770.7
660.1220,3361.5
660.1472,3445.1
660.1725,3447.4
660.1977,3073.4
660.2229,2828.3
660.2481,3112.2
660.2734,3108.8
660.2986,3025.0
660.3238,3083.2
660.3491,3243.2
660.3743,3364.2
660.4005,1536.2
660.4258,2426.1
660.4510,3151.6
660.4763,3280.3
660.5015,3446.0
660.5268,3619.3
660.5520,3450.0
660.5772,3176.1
660.6024,3421.2
660.6276,3242.1
660.6529,3261.6
660.6782,3080.4
660.7034,3327.8
660.7291,2594.3
660.7543,875.2
660.7796,3345.8
660.8049,3695.2
660.8301,2860.8
660.8554,3628.5
660.8806,3397.4
660.9058,3273.5
660.9310,3273.4
660.9562,3233.2
660.9816,3306.8
661.0068,3253.1
661.0320,3219.4
661.0573,3179.1
661.0836,1996.9
661.1089,1973.3
661.1340,3057.5
661.1593,3071.7
661.1845,3395.0
661.2097,3020.4
661.2350,3533.6
661.2602,2637.0
661.2854,3263.6
661.3106,3123.0
661.3359,3244.0
661.3611,3361.6
661.3867,3322.3
661.4119,328.5
661.4371,3468.8
661.4624,3440.4
661.4876,3347.0
661.5128,3384.5
661.5381,3651.0
661.5633,3353.0
661.5885,3152.1
661.6137,3110.9
661.6390,3191.5
661.6642,3196.8
661.6894,3377.3
661.7146,3378.9
661.7399,3345.3
661.7655,1089.4
661.7907,2639.7
661.8159,3104.3
661.8412,3401.6
661.8664,3209.6
661.8916,3206.3
661.9168,3213.9
661.9421,3114.5
661.9673,3187.2
661.9925,3054.8
662.0180,3153.8
662.0433,3145.7
662.0694,2592.0
662.0946,1216.5
662.1198,3262.4
662.1450,3293.9
662.1702,3241.4
662.1954,3534.7
662.2206,3446.4
662.2459,3136.4
662.2711,3319.4
662.2963,3258.0
662.3215,3421.7
662.3470,3473.6
662.3723,3376.0
662.3975,3316.0
662.4238,2743.4
662.4490,1067.3
662.4743,3389.7
662.4995,3463.0
662.5247,3397.0
662.5499,3286.5
662.5752,3322.5
662.6004,3550.5
662.6257,3352.1
662.6509,3622.2
662.6761,3338.0
662.7014,3627.2
662.7266,3383.2
662.7518,3289.0
662.7770,3233.2
662.8028,2902.5
662.8279,823.6
662.8531,3603.3
662.8783,3394.3
662.9036,3391.4
662.9288,3661.1
662.9540,3391.2
662.9792,3677.4
663.0044,3541.3
663.0298,3414.7
663.0551,3555.2
663.0803,3397.6
663.1055,3340.8
663.1307,3515.1
663.1560,3328.2
663.1812,3380.6
663.2073,2587.5
663.2326,1370.0
663.2578,3467.0
663.2830,3612.9
663.3083,3403.1
663.3335,3647.4
663.3588,3571.8
663.3840,3528.4
663.4092,3438.1
663.4344,3639.9
663.4596,3226.5
663.4848,3557.1
663.5100,3214.6
663.5357,3529.9
663.5609,3418.6
663.5862,3008.8
663.6114,3377.8
663.6376,1297.5
663.6628,2650.6
663.6881,3710.6
663.7133,3389.5
663.7385,3233.1
663.7637,3582.3
663.7889,3308.9
663.8141,3599.6
663.8394,3475.7
663.8646,3440.4
663.8899,3282.8
663.9151,3625.0
663.9404,3402.9
663.9659,3403.4
663.9911,3468.2
664.0163,3376.4
664.0422,2164.5
664.0674,1916.6
664.0927,3527.0
664.1179,3568.7
664.1431,3444.6
664.1683,3458.6
664.1936,3708.7
664.2188,3574.5
664.2440,3623.6
664.2692,3434.6
664.2944,3668.5
664.3197,3490.0
664.3449,3433.4
664.3701,3368.8
664.3953,3587.4
664.4205,3309.5
664.4462,2799.6
664.4715,1059.6
664.4970,3565.2
664.5223,3520.5
664.5476,3281.7
664.5729,3609.6
664.5981,3457.3
664.6233,3638.6
664.6486,3409.0
664.6738,3589.6
664.6990,3521.8
664.7242,3588.1
664.7495,3354.6
664.7747,3351.9
664.7999,3314.9
664.8251,3358.1
664.8503,3598.1
664.8760,1183.3
664.9012,2946.7
664.9264,3708.7
664.9517,3472.6
664.9772,3437.0
665.0024,3676.3
665.0276,3416.9
665.0529,3603.0
665.0781,3308.2
665.1034,3399.3
665.1286,3414.1
665.1538,3337.8
665.1791,3546.8
665.2043,3264.6
665.2295,3683.6
665.2547,3445.0
665.2812,1044.1
665.3064,2940.5
665.3316,3521.3
665.3568,3389.0
665.3821,3397.8
665.4073,3428.3
665.4325,3660.8
665.4577,3328.8
665.4830,3380.4
665.5082,3538.3
665.5334,3211.2
665.5586,3428.1
665.5838,3388.9
665.6094,3343.5
665.6347,3443.1
665.6599,3314.6
665.6862,1905.6
665.7114,2298.9
665.7367,3458.2
665.7619,3431.9
665.7871,3613.9
665.8123,3489.5
665.8376,3506.0
665.8628,3227.5
665.8880,3307.1
665.9132,3435.6
665.9385,3272.4
665.9637,3383.5
665.9889,3268.8
666.0141,3486.1
666.0394,3492.6
666.0646,3342.8
666.0898,537.5
666.1151,3315.2
666.1403,3312.3
666.1655,3613.3
666.1907,3400.1
666.2159,3658.1
666.2411,3621.7
666.2663,3184.2
666.2915,3526.0
666.3167,3467.6
666.3419,3388.2
666.3671,3424.6
666.3924,3245.8
666.4176,3463.3
666.4428,3371.6
666.4691,2357.1
666.4943,1679.9
666.5195,3442.8
666.5447,3462.3
666.5700,3456.1
666.5952,3502.5
666.6204,3183.6
666.6456,3603.5
666.6709,3318.4
666.6962,3335.6
666.7213,3400.2
666.7466,2525.8
666.7722,3187.6
666.7974,3239.9
666.8227,3363.8
666.8488,3248.6
666.8740,444.4
666.8992,3665.4
666.9244,3494.6
666.9499,3386.1
666.9751,3695.9
667.0003,3421.7
667.0256,3518.1
667.0508,3251.8
667.0760,2948.3
667.1012,3107.8
667.1264,3335.6
667.1519,3315.1
667.1771,3193.9
667.2023,3297.8
667.2285,3233.5
667.2537,945.5
667.2792,3409.0
667.3045,3470.5
667.3297,3204.7
667.3549,3290.4
667.3801,3494.9
667.4054,3330.4
667.4306,3103.4
667.4558,3249.4
667.4810,3076.0
667.5063,3428.6
667.5315,3264.5
667.5567,3283.0
667.5824,1469.7
667.6076,2247.2
667.6329,2760.2
667.6581,3281.8
667.6833,3243.1
667.7085,3607.4
667.7342,3096.0
667.7594,3537.8
667.7846,3145.5
667.8098,3243.5
667.8350,3266.5
667.8605,3268.9
667.8857,3269.2
667.9109,3671.2
667.9366,2655.4
667.9618,1313.4
667.9870,3479.4
668.0122,3576.6
668.0375,3554.9
668.0627,3414.8
668.0879,3670.8
668.1131,3330.2
668.1383,3318.9
668.1635,3220.6
668.1888,3201.2
668.2140,3385.3
668.2392,3571.8
668.2644,3404.2
668.2896,3324.9
668.3148,3560.8
668.3403,776.9
668.3655,3082.7
668.3910,3709.6
668.4162,3559.7
668.4414,3324.2
668.4666,3498.9
668.4919,3537.7
668.5171,3393.2
668.5423,3483.1
668.5676,3647.5
668.5928,3252.5
668.6180,3310.3
668.6433,3546.6
668.6685,3345.8
668.6937,3308.0
668.7193,1219.5
668.7445,2589.5
668.7698,3196.5
668.7950,3149.8
668.8205,2894.8
668.8457,3309.0
668.8709,3263.0
668.8961,2890.9
668.9214,2966.0
668.9466,3267.7
668.9718,3070.9
668.9970,2996.5
669.0224,747.8
669.0476,3228.1
669.0728,3420.5
669.0981,3476.8
669.1233,3314.8
669.1485,3600.9
669.1738,2907.3
669.1993,3495.9
669.2245,3140.7
669.2497,3432.6
669.2750,3491.8
669.3002,3232.5
669.3254,3394.3
669.3516,3079.2
669.3768,619.6
669.4020,3219.9
669.4272,3593.3
669.4525,3422.4
669.4777,3442.2
669.5029,3587.1
669.5282,3422.2
669.5534,3408.9
669.5786,3406.5
669.6039,3310.5
669.6291,3269.9
669.6543,3019.7
669.6796,3115.6
669.7048,2981.0
669.7300,477.0
669.7552,3255.0
669.7805,3452.0
669.8057,3652.9
669.8309,3477.9
669.8561,3316.1
669.8813,3518.5
669.9065,3346.7
669.9318,2961.8
669.9570,3664.5
669.9822,2928.8
670.0074,3305.4
670.0326,3085.9
670.0579,3313.9
670.0840,2192.9
670.1092,1935.5
670.1344,2941.3
670.1596,2637.8
670.1854,3365.3
670.2106,3421.3
670.2358,3348.2
670.2612,3289.1
670.2864,3842.3
670.3116,3451.8
670.3368,3585.7
670.3621,3255.2
670.3873,3339.7
670.4125,3309.5
670.4382,842.4
670.4634,2963.2
670.4886,2988.5
670.5138,3231.3
670.5391,3074.6
670.5643,3494.3
670.5896,2772.2
670.6150,3195.2
670.6403,2955.1
670.6655,3321.3
670.6907,3261.1
670.7160,3396.7
670.7412,3669.3
670.7675,2137.8
670.7927,1723.0
670.8179,3554.3
670.8432,3685.3
670.8684,3456.4
670.8936,3461.7
670.9188,3759.8
670.9441,3615.6
670.9693,3369.9
670.9944,3364.8
671.0197,3197.7
671.0449,3374.1
671.0701,3243.7
671.0953,3289.4
671.1206,3530.6
671.1459,3407.5
671.1716,1941.1
671.1968,2149.7
671.2221,3490.6
671.2475,3567.2
671.2727,3573.5
671.2983,3595.1
671.3235,3656.9
671.3487,3328.2
671.3740,3479.3
671.3992,3320.9
671.4244,3467.8
671.4496,3235.5
671.4749,3628.9
671.5001,3483.8
671.5253,3592.1
671.5506,3338.5
671.5762,3092.9
671.6014,725.9
671.6266,3455.0
671.6519,3426.3
671.6771,3580.1
671.7024,3295.8
671.7276,3408.6
671.7528,3337.3
671.7781,3471.6
671.8033,3298.7
671.8288,3395.0
671.8540,3309.5
671.8793,3216.6
671.9045,3617.3
671.9297,3349.0
671.9549,3576.7
671.9802,3398.6
672.0065,1301.1
672.0317,2614.2
672.0569,3609.2
672.0821,3285.2
672.1073,3441.0
672.1325,3474.0
672.1578,3486.8
672.1830,3425.5
672.2082,3343.8
672.2334,3603.1
672.2586,3347.5
672.2840,3515.9
672.3092,3544.4
672.3345,3508.8
672.3597,3404.5
672.3850,3452.8
672.4106,2255.5
672.4358,1950.3
672.4610,3381.5
672.4862,3380.1
672.5115,3545.9
672.5367,3365.4
672.5620,3417.2
672.5872,3549.6
672.6124,3323.3
672.6376,3560.8
672.6628,3208.1
672.6880,3629.4
672.7132,3298.6
672.7384,3512.9
672.7637,3235.4
672.7889,3298.7
672.8149,1929.3
672.8401,2324.3
672.8654,3350.8
672.8906,3570.8
672.9158,3384.4
672.9410,3395.6
672.9662,3627.9
672.9915,3261.4
673.0167,3569.5
673.0419,3223.4
673.0671,3520.2
673.0924,3565.3
673.1176,3293.5
673.1428,3531.7
673.1681,3393.6
673.1933,3518.9
673.2192,2451.1
673.2444,1392.5
673.2697,3466.1
673.2952,3246.2
673.3204,3664.8
673.3456,3340.2
673.3709,3292.1
673.3961,3406.0
673.4213,3208.7
673.4465,3443.6
673.4718,3386.3
673.4970,3217.0
673.5223,3502.0
673.5476,3434.9
673.5728,3392.7
673.5984,2777.3
673.6236,1094.4
673.6490,3508.5
673.6742,3447.9
673.6995,3402.1
673.7247,3670.7
673.7499,3372.6
673.7752,3446.7
673.8004,3417.1
673.8257,2996.8
673.8509,3322.4
673.8761,3600.3
673.9014,3288.9
673.9266,3389.2
673.9518,3094.5
673.9775,3037.8
674.0027,700.0
674.0279,3637.1
674.0531,3537.9
674.0783,3804.0
674.1035,3410.2
674.1287,3494.3
674.1539,3595.7
674.1792,3368.5
674.2044,3527.3
674.2296,2996.4
674.2548,3207.9
674.2803,3276.8
674.3055,3482.6
674.3307,3485.2
674.3559,3504.9
674.3813,757.1
674.4065,3091.9
674.4317,3203.3
674.4569,3350.0
674.4821,3354.6
674.5077,3521.7
674.5329,3552.0
674.5581,3347.5
674.5833,3382.5
674.6085,3195.0
674.6338,3285.5
674.6590,3523.5
674.6842,3353.6
674.7094,2754.7
674.7351,400.8
674.7603,3592.1
674.7855,3386.7
674.8106,3417.6
674.8358,3377.8
674.8610,3410.2
674.8863,3473.7
674.9115,3373.2
674.9367,3428.4
674.9622,3524.5
674.9874,3525.4
675.0127,3408.1
675.0379,3539.8
675.0631,3268.6
675.0883,3493.8
675.1140,2073.2
675.1392,1850.6
675.1645,3337.0
675.1897,3211.7
675.2150,3323.2
675.2402,3089.3
675.2654,3245.0
675.2906,2716.9
675.3158,3604.0
675.3411,2827.6
675.3663,3462.1
675.3916,3322.0
675.4168,3457.7
675.4428,2034.2
675.4681,1899.5
675.4933,3369.6
675.5185,3188.0
675.5437,3368.1
675.5689,3190.6
675.5941,3303.9
675.6193,3465.9
675.6445,3307.8
675.6697,3369.2
675.6950,3101.0
675.7202,3225.4
675.7455,3575.4
675.7707,3358.4
675.7963,2910.3
675.8215,893.6
675.8468,3565.6
675.8720,3252.8
675.8972,3389.3
675.9224,3394.3
675.9477,3523.0
675.9731,3137.6
675.9985,2868.1
676.0238,3444.5
676.0490,3317.0
676.0742,3292.2
676.0994,3448.6
676.1246,3392.2
676.1499,3327.9
676.1761,1666.8
676.2013,2360.2
676.2266,3498.8
676.2518,3471.7
676.2770,3502.0
676.3022,3294.6
676.3274,3513.5
676.3526,3458.5
676.3779,3333.0
676.4031,3413.4
676.4283,2692.0
676.4535,3554.8
676.4788,3343.0
676.5040,3530.4
676.5292,3398.9
676.5548,2206.9
676.5800,1837.1
676.6052,3503.7
676.6305,3599.9
676.6557,3428.3
676.6810,3459.9
676.7062,3613.4
676.7314,3371.9
676.7566,3350.7
676.7819,3229.3
676.8071,3367.1
676.8323,3078.8
676.8580,3469.9
676.8835,3516.1
676.9087,3541.1
676.9349,3409.1
676.9602,360.1
676.9854,3616.9
677.0106,3540.8
677.0358,3247.3
677.0610,3313.7
677.0862,3310.6
677.1114,3096.1
677.1366,3193.3
677.1619,3414.4
677.1871,3143.1
677.2123,3381.9
677.2375,3225.6
677.2627,3337.8
677.2880,3266.4
677.3141,2012.1
677.3393,1962.9
677.3646,2678.6
677.3898,3394.4
677.4150,3226.9
677.4403,3286.1
677.4655,2885.8
677.4907,2989.5
677.5159,2801.5
677.5417,3305.7
677.5669,2689.5
677.5921,3032.4
677.6180,408.3
677.6432,3013.1
677.6685,3220.6
677.6940,3265.7
677.7191,3584.8
677.7442,3367.5
677.7694,3361.1
677.7946,3259.1
677.8201,3161.3
677.8457,3235.0
677.8710,3515.8
677.8962,3221.1
677.9214,3149.8
677.9467,3375.4
677.9727,1746.4
677.9984,2110.4
678.0236,3624.8
678.0488,3459.0
678.0740,3359.1
678.0993,3705.0
678.1245,3408.0
678.1497,3328.7
678.1751,3317.4
678.2003,3660.4
678.2257,3339.7
678.2509,3317.5
678.2761,3511.2
678.3013,3413.9
678.3265,3394.5
678.3523,2296.0
678.3775,2158.9
678.4027,3496.7
678.4279,3434.1
678.4531,3610.3
678.4784,3410.7
678.5038,3554.1
678.5291,3501.8
678.5543,3456.2
678.5795,3501.6
678.6048,3128.9
678.6300,3612.4
678.6552,3380.4
678.6805,3456.5
678.7057,3359.6
678.7311,3447.8
678.7573,2193.5
678.7825,1716.5
678.8078,3365.2
678.8330,3438.7
678.8582,3158.8
678.8834,3637.6
678.9086,3404.8
678.9339,3552.6
678.9591,3461.4
678.9843,3516.0
679.0095,3361.1
679.0347,3548.2
679.0599,3258.7
679.0851,3661.0
679.1104,3142.8
679.1356,3202.1
679.1609,3615.4
679.1872,919.9
679.2124,3082.2
679.2376,3618.4
679.2629,3301.3
679.2881,3634.4
679.3133,3335.9
679.3385,3531.1
679.3637,3782.0
679.3890,3291.3
679.4142,3523.0
679.4394,3489.9
679.4646,3636.0
679.4899,3345.8
679.5151,3514.0
679.5403,3352.2
679.5655,3751.6
679.5919,2309.8
679.6172,1418.2
679.6424,3371.2
679.6676,3430.2
679.6929,3289.5
679.7181,3632.9
679.7433,3456.5
679.7685,3202.8
679.7938,3398.0
679.8190,3131.9
679.8442,3270.0
679.8695,3307.3
679.8947,3217.0
679.9199,3117.8
679.9452,2789.4
679.9709,844.6
679.9961,2937.1
680.0213,3511.3
680.0466,3594.9
680.0718,3233.4
680.0974,3503.7
680.1226,3588.6
680.1479,3275.5
680.1731,3303.5
680.1983,3227.5
680.2235,3381.7
680.2488,2964.7
680.2743,3008.1
680.2996,3147.2
680.3254,1682.7
680.3506,2261.6
680.3758,2963.1
680.4011,3175.8
680.4263,3521.8
680.4515,2823.9
680.4767,3536.0
680.5019,2430.7
680.5274,3411.3
680.5527,3169.3
680.5784,3369.5
680.6036,3143.9
680.6288,3440.0
680.6541,548.5
680.6793,3236.1
680.7045,3482.4
680.7297,3634.2
680.7549,3370.3
680.7801,3383.0
680.8054,3609.0
680.8306,3367.0
680.8559,3429.8
680.8811,3210.6
680.9064,3240.1
680.9317,3382.2
680.9569,3447.0
680.9824,3291.9
681.0076,3404.2
681.0332,1239.7
681.0585,2651.2
681.0837,3284.3
681.1089,3578.8
681.1342,3395.7
681.1594,3382.8
681.1847,3657.0
681.2099,3297.7
681.2351,3274.1
681.2603,3276.0
681.2855,3266.4
681.3108,3658.8
681.3360,3247.2
681.3612,3569.1
681.3875,3093.8
681.4128,695.6
681.4380,3506.0
681.4632,3393.1
681.4884,3302.4
681.5136,3514.9
681.5390,3322.6
681.5642,3576.3
681.5894,3410.5
681.6147,2889.6
681.6399,3221.2
681.6652,3240.9
681.6904,3176.2
681.7156,3290.1
681.7418,1733.5
681.7671,1771.1
681.7923,3135.7
681.8176,3419.0
681.8428,3078.1
681.8680,3206.2
681.8932,3226.8
681.9184,3320.5
681.9437,3382.7
681.9689,3419.6
681.9941,3328.6
682.0193,3499.1
682.0446,3447.7
682.0708,2315.5
682.0960,1362.8
682.1212,3357.2
682.1464,3622.8
682.1716,3298.8
682.1969,3362.3
682.2221,3665.3
682.2474,3321.7
682.2726,3437.7
682.2978,3506.4
682.3231,3331.1
682.3483,3257.2
682.3735,3701.4
682.3988,3348.0
682.4245,3464.0
682.4506,2219.5
682.4759,1292.3
682.5011,3287.0
682.5263,3486.6
682.5515,3389.3
682.5768,3428.0
682.6023,3292.8
682.6275,3765.4
682.6527,3376.7
682.6779,3350.4
682.7031,3661.4
682.7286,3006.0
682.7538,3591.5
682.7790,3313.9
682.8042,3306.5
682.8303,1883.8
682.8556,1909.1
682.8808,3314.6
682.9060,3233.8
682.9315,2997.9
682.9567,3323.4
682.9819,2788.6
683.0071,3167.1
683.0323,3039.5
683.0575,3166.9
683.0828,3389.1
683.1079,3344.1
683.1335,3511.9
683.1597,2468.9
683.1850,1097.7
683.2106,3491.7
683.2358,3286.7
683.2610,3707.5
683.2862,3650.3
683.3114,3539.8
683.3366,3413.0
683.3619,3276.7
683.3871,3417.4
683.4123,3563.6
683.4375,3186.8
683.4628,3351.2
683.4880,3341.2
683.5133,3487.6
683.5390,2566.9
683.5642,1330.8
683.5894,3283.3
683.6147,3177.3
683.6399,3374.6
683.6651,2991.2
683.6903,3117.2
683.7156,3260.4
683.7408,2643.4
683.7660,3262.8
683.7913,3137.0
683.8168,3534.8
683.8421,3423.1
683.8682,871.7
683.8934,2753.8
683.9187,3388.2
683.9439,3320.9
683.9691,3370.2
683.9943,3550.6
684.0195,3134.9
684.0447,3291.7
684.0700,3570.9
684.0954,3421.1
684.1206,3661.0
684.1458,3198.1
684.1711,3282.9
684.1964,3541.7
684.2216,3223.0
684.2480,2912.8
684.2732,994.5
684.2984,3683.3
684.3236,3355.1
684.3488,3411.6
684.3740,3680.0
684.3992,3535.1
684.4245,3624.0
684.4497,3447.9
684.4750,3624.9
684.5002,3362.9
684.5254,3541.5
684.5506,3376.3
684.5759,3486.1
684.6011,3365.7
684.6263,3429.8
684.6516,3350.9
684.6780,1697.6
684.7032,2469.2
684.7284,3458.8
684.7540,3375.8
684.7792,3459.0
684.8044,3365.6
684.8297,3329.6
684.8549,3446.3
684.8801,3569.8
684.9056,3111.9
684.9308,3468.4
684.9560,3202.1
684.9812,3482.1
685.0064,3116.4
685.0317,3416.0
685.0569,3363.2
685.0822,3381.4
685.1073,405.7
685.1326,3626.5
685.1579,3456.7
685.1831,3515.2
685.2084,3552.9
685.2336,3649.6
685.2588,3260.9
685.2841,3491.8
685.3093,3577.5
685.3352,3167.2
685.3604,3572.4
685.3856,3487.7
685.4109,3627.5
685.4361,3362.0
685.4613,3478.3
685.4865,3406.9
685.5130,1736.4
685.5387,2393.4
685.5639,3558.9
685.5891,3418.8
685.6144,3101.8
685.6399,3402.3
685.6652,3592.4
685.6904,3332.4
685.7156,3570.8
685.7408,3321.0
685.7660,3592.5
685.7912,3494.7
685.8165,3451.2
685.8417,3378.4
685.8669,3535.9
685.8922,3485.6
685.9178,3370.0
685.9431,405.0
685.9683,3475.6
685.9935,3438.7
686.0188,3586.0
686.0440,3479.9
686.0692,3632.6
686.0944,3403.5
686.1196,3500.5
686.1449,3289.6
686.1701,3013.5
686.1953,3467.3
686.2205,3652.8
686.2457,3357.4
686.2710,3535.8
686.2962,3394.5
686.3216,3517.6
686.3477,2216.3
686.3729,1706.6
686.3981,3350.9
686.4233,3790.1
686.4485,3182.7
686.4738,3344.6
686.4990,3461.8
686.5242,3144.8
686.5495,3429.3
686.5747,3191.6
686.5999,3485.1
686.6251,3304.6
686.6503,3377.4
686.6755,3509.3
686.7008,3188.3
686.7260,3593.4
686.7519,382.5
686.7771,3391.6
686.8023,3362.4
686.8275,3440.6
686.8528,3554.8
686.8780,3516.4
686.9032,3342.7
686.9284,3142.4
686.9536,3238.3
686.9789,3459.7
687.0041,3478.0
687.0293,3284.0
687.0545,3683.1
687.0797,3315.9
687.1057,2156.1
687.1310,1677.1
687.1562,3395.9
687.1814,2853.0
687.2066,3119.7
687.2318,3157.2
687.2570,2994.0
687.2822,3139.9
687.3075,2729.2
687.3327,3272.4
687.3579,3222.6
687.3831,3306.7
687.4090,3333.7
687.4342,717.2
687.4594,3591.6
687.4846,3394.9
687.5099,3620.7
687.5351,3425.9
687.5603,3363.6
687.5855,3354.7
687.6108,3564.2
687.6360,2983.1
687.6612,3047.6
687.6864,3118.7
687.7117,3329.4
687.7369,3269.4
687.7624,3306.9
687.7877,3568.8
687.8129,402.1
687.8381,3301.1
687.8633,3624.6
687.8885,3178.6
687.9138,3378.1
687.9390,3483.6
687.9642,3291.0
687.9894,3218.0
688.0146,3372.5
688.0399,3258.9
688.0651,3208.2
688.0903,3073.6
688.1155,2790.5
688.1418,1705.9
688.1674,2337.7
688.1926,3495.4
688.2178,3475.5
688.2430,3641.0
688.2683,3258.8
688.2935,3321.3
688.3187,3502.1
688.3439,3341.2
688.3694,3324.8
688.3947,3549.3
688.4199,3399.3
688.4451,3188.6
688.4703,3499.2
688.4955,3148.6
688.5217,1872.6
688.5470,2244.1
688.5725,3106.8
688.5980,3367.4
688.6235,2365.6
688.6487,3727.5
688.6740,3328.6
688.6992,3207.8
688.7244,3392.6
688.7496,3495.2
688.7748,3383.2
688.8001,3254.9
688.8253,3335.0
688.8505,3354.5
688.8767,1336.6
688.9019,2228.1
688.9272,3150.9
688.9524,3009.8
688.9776,3351.6
689.0029,3546.7
689.0281,3180.2
689.0533,3144.5
689.0785,3244.2
689.1038,3716.2
689.1290,3431.1
689.1542,3264.2
689.1797,3511.7
689.2050,3019.0
689.2311,753.5
689.2564,3262.2
689.2816,3349.1
689.3068,3412.1
689.3320,3463.0
689.3572,3438.5
689.3824,3660.5
689.4077,3500.9
689.4329,3527.7
689.4582,3608.4
689.4834,3242.8
689.5086,3349.7
689.5338,3257.2
689.5591,3534.5
689.5843,3124.1
689.6095,533.1
689.6347,3328.4
689.6600,3614.7
689.6852,3599.7
689.7104,3412.3
689.7356,3604.6
689.7608,3423.6
689.7860,3327.3
689.8113,3434.1
689.8365,3507.0
689.8617,3467.7
689.8869,3192.4
689.9121,3013.6
689.9373,3454.8
689.9626,3222.4
689.9878,480.4
690.0129,3409.9
690.0385,3022.3
690.0637,3253.2
690.0889,3599.6
690.1141,3478.6
690.1393,3256.5
690.1646,3328.1
690.1900,3493.1
690.2152,3564.4
690.2404,3523.6
690.2656,3561.3
690.2909,3270.3
690.3161,3344.5
690.3423,1347.3
690.3676,2701.5
690.3928,3466.3
690.4181,3527.8
690.4433,3349.9
690.4685,3408.6
690.4938,3322.9
690.5190,3355.7
690.5442,3187.9
690.5694,3074.3
690.5947,3356.0
690.6199,3672.5
690.6451,3616.5
690.6704,3558.0
690.6956,3364.5
690.7217,328.7
690.7469,3663.7
690.7721,3304.8
690.7973,3617.0
690.8226,3042.9
690.8478,3520.1
690.8730,3432.1
690.8982,3380.3
690.9234,3440.7
690.9489,3136.0
690.9741,3540.3
690.9993,3515.3
691.0245,3205.2
691.0497,3543.9
691.0749,3179.5
691.1014,624.7
691.1266,3548.9
691.1518,3490.3
691.1771,3273.0
691.2023,3291.5
691.2275,3630.4
691.2527,3294.6
691.2780,3610.4
691.3032,3221.3
691.3284,3179.8
691.3536,3310.2
691.3789,3224.7
691.4041,3221.4
691.4294,3267.4
691.4555,861.3
691.4808,2872.1
691.5062,2882.5
691.5314,3492.1
691.5566,3080.9
691.5822,3445.4
691.6078,3416.3
691.6330,3487.6
691.6582,3432.1
691.6834,3378.5
691.7087,3280.1
691.7339,3291.4
691.7591,3506.8
691.7843,3187.9
691.8099,2904.3
691.8351,817.8
691.8603,3660.1
691.8855,3439.5
691.9107,3449.8
691.9360,3732.7
691.9612,3490.6
691.9864,3647.8
692.0116,3452.2
692.0370,3425.9
692.0622,3350.7
692.0875,3432.7
692.1127,3414.2
692.1379,3505.4
692.1631,3522.2
692.1883,3340.4
692.2135,3421.8
692.2387,490.5
692.2640,3392.7
692.2892,3469.2
692.3144,3535.4
692.3396,3433.3
692.3649,3529.5
692.3901,3489.1
692.4154,3840.0
692.4406,3403.1
692.4658,3583.6
692.4911,3445.9
692.5163,3663.2
692.5416,3339.1
692.5667,3345.5
692.5920,3496.6
692.6172,3333.5
692.6433,2196.3
692.6685,1798.3
692.6937,3492.1
692.7190,3528.2
692.7442,3477.5
692.7694,3676.3
692.7946,3374.6
692.8201,3550.6
692.8453,3571.5
692.8706,3363.4
692.8958,3697.7
692.9210,3454.0
692.9462,3391.1
692.9715,3283.3
692.9967,3621.8
693.0219,3453.1
693.0471,3559.9
693.0735,388.7
693.0987,3566.6
693.1239,3447.2
693.1491,3679.9
693.1743,3436.2
693.1996,3593.6
693.2248,3429.2
693.2500,3688.8
693.2752,3333.4
693.3005,3535.0
693.3257,3332.0
693.3509,3448.6
693.3762,3387.3
693.4014,3456.2
693.4267,3466.6
693.4519,3423.9
693.4780,1713.3
693.5032,2369.7
693.5284,3479.2
693.5537,3395.0
693.5790,3672.0
693.6042,3408.9
693.6295,3492.3
693.6547,3533.2
693.6799,3547.5
693.7051,3479.7
693.7304,3265.2
693.7556,3461.4
693.7809,3385.8
693.8061,3569.1
693.8313,3073.0
693.8565,3379.8
693.8822,1959.9
693.9074,2110.1
693.9326,3460.2
693.9578,3611.6
693.9830,3229.4
694.0082,3707.0
694.0334,3375.8
694.0586,3448.9
694.0839,3562.2
694.1090,3450.8
694.1343,3503.9
694.1595,3419.0
694.1847,3331.0
694.2100,3382.2
694.2352,3353.5
694.2604,3385.3
694.2864,2377.1
694.3117,1663.8
694.3369,3557.9
694.3621,3619.9
694.3873,3415.7
694.4125,3870.3
694.4378,3416.4
694.4630,3374.9
694.4884,3621.1
694.5136,3403.0
694.5396,3447.8
694.5649,3552.1
694.5904,3350.3
694.6156,3384.7
694.6411,3407.9
694.6664,3359.8
694.6925,2221.9
694.7178,1689.0
694.7430,3517.1
694.7689,3333.2
694.7941,3510.8
694.8194,3409.8
694.8449,3490.4
694.8701,2926.2
694.8953,3286.7
694.9205,3252.1
694.9457,3261.2
694.9710,3207.6
694.9965,3253.7
695.0217,3563.5
695.0469,3124.3
695.0732,1075.2
695.0984,2963.9
695.1236,3576.9
695.1488,3431.7
695.1740,3730.6
695.1992,3354.9
695.2244,3447.9
695.2499,3474.1
695.2751,3360.1
695.3003,3193.3
695.3255,3107.1
695.3507,3187.9
695.3759,3274.8
695.4010,3462.4
695.4262,3334.8
695.4514,583.7
695.4767,3154.4
695.5022,3563.2
695.5274,3194.0
695.5526,3413.9
695.5778,3581.4
695.6030,3372.5
695.6282,3628.9
695.6536,3034.1
695.6788,3091.9
695.7041,3319.1
695.7293,3291.9
695.7545,3368.6
695.7797,3331.5
695.8049,3461.8
695.8311,2510.9
695.8563,1518.2
695.8816,3460.0
695.9068,3320.2
695.9320,3318.2
695.9573,3606.0
695.9825,3453.4
696.0077,3399.3
696.0329,3128.8
696.0581,3791.0
696.0833,3329.7
696.1085,3478.3
696.1341,3307.2
696.1593,3561.2
696.1846,3363.8
696.2108,2206.1
696.2360,1533.0
696.2612,3438.8
696.2864,3410.1
696.3116,3278.7
696.3369,3643.4
696.3621,3150.6
696.3873,3331.0
696.4126,3432.0
696.4378,3235.1
696.4630,3275.4
696.4882,3118.8
696.5136,3241.8
696.5389,3124.4
696.5641,3268.3
696.5902,1812.1
696.6155,2232.0
696.6407,3416.0
696.6659,3483.7
696.6911,3478.4
696.7163,3396.7
696.7416,3418.5
696.7668,3397.7
696.7920,3210.7
696.8172,3207.5
696.8424,2977.7
696.8676,3042.6
696.8929,3410.8
696.9181,3349.3
696.9433,3291.0
696.9690,1187.6
696.9942,2862.5
697.0196,3420.7
697.0448,3737.6
697.0699,3397.3
697.0951,3539.8
697.1206,3036.5
697.1459,2896.9
697.1711,3098.2
697.1963,3333.7
697.2215,3295.0
697.2468,3167.5
697.2720,3083.3
697.2972,3546.6
697.3234,2725.9
697.3487,1021.0
697.3739,3240.9
697.3991,2904.7
697.4243,3652.2
697.4495,3153.8
697.4747,3396.8
697.4999,3236.3
697.5252,3268.3
697.5504,3315.6
697.5756,3438.9
697.6010,3291.1
697.6263,3574.5
697.6515,2514.0
697.6778,1060.3
697.7030,2707.2
697.7282,3221.7
697.7534,3552.3
697.7787,3376.1
697.8039,3407.0
697.8291,3414.0
697.8543,3343.5
697.8795,3279.9
697.9047,3650.9
697.9299,3235.5
697.9551,3162.4
697.9806,2744.2
698.0058,3700.4
698.0321,2225.1
698.0574,1653.5
698.0826,3399.9
698.1078,3341.4
698.1330,3512.6
698.1583,2862.5
698.1835,2947.7
698.2086,3071.9
698.2339,2751.0
698.2590,3159.7
698.2842,3518.6
698.3094,3455.9
698.3346,3459.9
698.3599,3297.3
698.3855,863.0
698.4108,3237.5
698.4360,3464.4
698.4612,3651.0
698.4865,3463.1
698.5117,3631.1
698.5369,3413.0
698.5622,3332.9
698.5874,3540.9
698.6126,3332.2
698.6379,3243.6
698.6631,3345.1
698.6884,3371.3
698.7136,3581.0
698.7388,3455.2
698.7648,3401.4
698.7900,505.7
698.8152,3569.5
698.8405,3464.3
698.8657,3153.2
698.8909,3360.3
698.9161,3311.4
698.9418,3319.9
698.9670,3429.2
698.9922,3355.0
699.0175,3592.0
699.0427,3319.4
699.0679,3336.9
699.0932,3280.7
699.1187,2942.4
699.1440,669.9
699.1692,3443.3
699.1944,3216.2
699.2196,3244.9
699.2449,3499.3
699.2701,3409.9
699.2953,3138.6
699.3205,3434.0
699.3457,3014.5
699.3710,3265.6
699.3962,3129.8
699.4214,3446.2
699.4470,3368.7
699.4722,3480.3
699.4974,516.4
699.5226,3098.5
699.5478,3045.4
699.5731,3040.2
699.5983,3402.9
699.6235,3220.3
699.6488,3210.0
699.6740,3225.8
699.6992,3422.4
699.7244,3476.2
699.7496,3488.5
699.7749,3189.3
699.8001,3493.2
699.8253,3135.8
699.8509,1189.0
699.8762,2333.2
699.9014,3491.3
699.9266,3208.2
699.9518,3245.4
699.9770,3313.5
700.0022,3646.5
700.0274,3160.9
700.0527,3077.7
700.0780,3146.3
700.1032,3276.6
700.1284,3439.1
700.1537,3281.3
700.1797,1871.4
700.2049,1794.0
700.2301,3401.8
700.2554,3247.3
700.2806,3234.5
700.3061,3283.8
700.3313,3479.2
700.3565,3475.9
700.3817,3345.2
700.4070,3695.9
700.4322,3327.8
700.4574,3220.1
700.4827,3128.9
700.5079,3421.5
700.5341,1369.3
700.5593,2357.8
700.5845,2941.8
700.6097,3500.2
700.6351,3106.0
700.6603,2895.8
700.6856,2908.0
700.7108,3129.8
700.7360,3150.6
700.7612,3267.2
700.7864,3285.6
700.8116,3383.4
700.8374,2135.0
700.8627,1934.0
700.8879,3774.0
700.9131,3353.7
700.9383,3368.8
700.9636,3661.7
700.9888,3505.9
701.0140,3752.5
701.0392,3435.7
701.0644,3402.3
701.0896,3457.7
701.1149,3308.0
701.1401,3654.3
701.1653,3400.0
701.1906,3401.5
701.2158,3613.4
701.2410,753.6
701.2662,3139.3
701.2915,3743.7
701.3167,3477.1
701.3425,3532.7
701.3677,3449.6
701.3931,3344.3
701.4183,3658.9
701.4441,3400.1
701.4693,3473.7
701.4947,3372.1
701.5199,3507.8
701.5451,3376.0
701.5704,3569.6
701.5956,3350.6
701.6208,3625.2
701.6469,2760.0
701.6722,1164.5
701.6974,3405.7
701.7226,3597.2
701.7478,3423.7
701.7731,3562.1
701.7983,3331.7
701.8235,3465.6
701.8487,3364.1
701.8740,3345.0
701.8996,3484.0
701.9248,3476.6
701.9500,3372.9
701.9752,3545.6
702.0004,3430.3
702.0256,3706.1
702.0512,2379.0
702.0764,1529.2
702.1016,3238.5
702.1268,3600.3
702.1521,3378.6
702.1773,3623.7
702.2025,3393.9
702.2277,3570.6
702.2529,3074.4
702.2782,3241.9
702.3036,3314.3
702.3288,3420.4
702.3540,3317.5
702.3793,3324.7
702.4045,3634.6
702.4297,3466.3
702.4553,1773.3
702.4809,2337.1
702.5062,3344.8
702.5314,3551.4
702.5567,3421.0
702.5819,2850.4
702.6070,3320.9
702.6322,3416.0
702.6574,3134.5
702.6829,3022.1
702.7081,3256.3
702.7334,2865.8
702.7586,3621.3
702.7849,2087.5
702.8101,1415.1
702.8354,3435.5
702.8606,3346.4
702.8858,3310.1
702.9109,3622.1
702.9362,3070.6
702.9614,3179.7
702.9866,3007.3
703.0118,3601.6
703.0371,2794.9
703.0623,3350.2
703.0879,2941.5
703.1132,3341.2
703.1384,450.7
703.1642,3413.6
703.1894,3053.9
703.2146,3310.8
703.2398,3212.0
703.2651,3242.9
703.2903,3165.0
703.3155,3530.9
703.3407,3052.4
703.3660,3348.9
703.3913,3232.1
703.4165,3709.9
703.4418,3286.4
703.4676,813.3
703.4928,3051.7
703.5181,3228.7
703.5433,3651.4
703.5685,3133.8
703.5937,3176.7
703.6189,3348.2
703.6442,3257.0
703.6700,3278.4
703.6952,3544.0
703.7204,3154.7
703.7456,3224.0
703.7709,3309.2
703.7963,3709.1
703.8220,2214.2
703.8475,1845.5
703.8727,3382.9
703.8980,3434.7
703.9232,3445.8
703.9484,3613.7
703.9736,3385.7
703.9989,3606.1
704.0241,3399.6
704.0493,3153.5
704.0745,3184.3
704.0997,3505.3
704.1249,3369.2
704.1501,3430.5
704.1753,3403.2
704.2010,2200.0
704.2263,1369.3
704.2515,3409.8
704.2767,3616.6
704.3019,3477.6
704.3272,3611.7
704.3524,3376.4
704.3776,3382.2
704.4029,3662.8
704.4281,3458.8
704.4533,3361.0
704.4786,3616.5
704.5038,2952.9
704.5290,3243.1
704.5542,2998.3
704.5794,3577.8
704.6047,695.8
704.6299,3143.1
704.6551,3677.4
704.6803,3414.3
704.7056,3331.0
704.7308,3653.2
704.7561,3428.4
704.7813,3216.5
704.8065,3386.0
704.8318,3205.4
704.8570,3102.1
704.8822,3490.4
704.9075,3121.2
704.9327,3546.9
704.9579,3236.2
704.9831,407.8
705.0083,3476.1
705.0335,3268.3
705.0588,3421.6
705.0843,3180.9
705.1095,3733.8
705.1348,3406.0
705.1600,3369.0
705.1852,2973.1
705.2104,3330.6
705.2357,3251.6
705.2609,3349.8
705.2862,3151.7
705.3114,3592.1
705.3376,1417.4
705.3629,2089.2
705.3881,3367.4
705.4133,3434.6
705.4386,3343.4
705.4638,3386.6
705.4890,3077.9
705.5143,3303.8
705.5395,3174.5
705.5647,3302.0
705.5899,3154.8
705.6152,3251.3
705.6408,2693.6
705.6659,468.6
705.6912,3338.4
705.7164,2963.4
705.7416,3602.6
705.7669,3262.2
705.7921,3242.0
705.8173,3468.8
705.8428,2980.8
705.8680,3310.4
705.8933,3256.2
705.9185,2870.8
705.9442,3034.4
705.9703,3017.2
705.9955,807.4
706.0207,3339.0
706.0459,3301.5
706.0711,3268.2
706.0963,3326.4
706.1216,3315.7
706.1468,3256.3
706.1720,3272.4
706.1976,3174.8
706.2228,3152.0
706.2480,3187.8
706.2733,3443.0
706.2984,3347.4
706.3237,3546.4
706.3492,240.5
706.3744,3638.2
706.3996,3367.3
706.4248,3518.5
706.4500,3274.3
706.4753,3548.5
706.5005,3318.2
706.5257,3365.5
706.5509,3388.7
706.5761,3303.1
706.6014,3013.0
706.6266,3408.0
706.6518,3361.7
706.6771,3394.2
706.7033,596.1
706.7286,3107.3
706.7538,3192.8
706.7790,3237.7
706.8043,3273.4
706.8295,2836.7
706.8547,3550.1
706.8802,3213.6
706.9054,3394.4
706.9310,3043.4
706.9565,3180.5
706.9817,3260.5
707.0079,2377.8
707.0331,1579.3
707.0583,3202.4
707.0839,3052.9
707.1091,3423.9
707.1343,3202.7
707.1595,3351.1
707.1849,2951.0
707.2101,3008.8
707.2354,3176.2
707.2606,2509.1
707.2858,3500.3
707.3110,3372.8
707.3371,1879.6
707.3623,1770.8
707.3876,3333.1
707.4128,3588.0
707.4379,3599.9
707.4632,3203.6
707.4884,3318.8
707.5136,3267.8
707.5388,3308.0
707.5641,3355.4
707.5897,3319.7
707.6150,3440.2
707.6402,3148.4
707.6654,3350.1
707.6917,1566.5
707.7173,2366.6
707.7425,3626.2
707.7677,3430.9
707.7933,3445.4
707.8186,3466.1
707.8438,3353.4
707.8691,3730.1
707.8943,3262.5
707.9195,3401.4
707.9447,3433.1
707.9699,3263.0
707.9951,3177.9
708.0204,3100.7
708.0456,3351.2
708.0718,2094.8
708.0970,428.2
708.1221,0.0
708.1473,0.0
708.1724,51.1
708.1976,97.7
708.2227,0.0
708.2479,0.0
708.2731,0.0
708.2983,0.0
708.3234,0.0
708.3486,0.0
708.3738,0.0
708.3991,0.0
708.4242,179.4
708.4494,94.9
